:020000040800F2
:1000000000040020C1010008117B0008117B0008DA
:10001000012E0008117B0008117B0008117B0008ED
:10002000117B0008117B0008117B0008119D00085E
:10003000117B0008117B0008117B000841040108B6
:10004000117B0008F1D3000881D50008D1D5000844
:10005000117B0008117B000831D1000881D1000814
:10006000D1D1000821D2000871D2000881C3000854
:10007000D1C3000821C4000871C40008C1C400082D
:1000800011C5000861C5000871CE000871D70008CD
:10009000E1D7000891D8000841D90008C1D2000872
:1000A000117B0008117B000811FD0008117B00087E
:1000B00001000108410001088100010861EA00080F
:1000C000A1EB0008117B0008117B0008117B0008E0
:1000D000117B0008117B0008117B00080105010855
:1000E00051D3000841D4000891D40008117B0008C6
:1000F000117B000851FD0008117B0008B1C5000804
:10010000117B0008D1DA0008C1000108117B00084A
:10011000117B0008117B0008D1FC0008117B00084E
:1001200001C6000851C60008A1C60008F1C60008B3
:1001300041C70008117B0008E1D40008117B0008CA
:10014000117B0008117B0008117B000871F6000884
:1001500091C70008E1C7000831C80008117B0008FA
:10016000117B0008117B0008117B0008117B00083F
:1001700031D50008117B0008311B0008117B0008F5
:10018000117B0008117B0008117B0008117B00081F
:10019000117B0008117B0008117B0008117B00080F
:1001A000117B0008117B0008117B0008117B0008FF
:1001B000117B0008117B0008117B0008117B0008EF
:1001C00072B62E4880F3098840F20000CCF200009D
:1001D0004EF63471CEF20001086040F20000C0F229
:1001E000F0004EF68851CEF2000108604FF000009A
:1001F000E1EE100A4EF63C71CEF2000108600620D6
:1002000080F31488BFF36F8F10F06AFA4FF0553007
:100210001B491C4A91423CBF41F8040BFAE71A49BA
:10022000164A91423CBF41F8040BFAE71749184AB5
:10023000184B9A423EBF51F8040B42F8040BF8E702
:1002400000201549154A91423CBF41F8040BFAE7DA
:1002500007F046FC124C134DAC4203DA54F8041B71
:100260008847F9E701F09CFB0F4C104DAC4203DAD4
:1002700054F8041B8847F9E707F042BC0008002047
:10028000000000200004002000040020385601086F
:1002900000080020141500201815002038590020EF
:1002A000C0010008C0010008C0010008C00100082A
:1002B0002DE9F04F2DED108AC1F80CD0D0F80CD0FC
:1002C000BDEC108ABDE8F08F07F062FD08F0C8FDB4
:1002D000002383F311882846A047002008F030FB54
:1002E00008F0A6FD07F034FD08F052F907F050FDC4
:1002F00008F0B6FD00DFFEE700000000000000008F
:1003000081F0004102E000BF83F0004330B54FEAC6
:1003100041044FEA430594EA050F08BF90EA020F33
:100320001FBF54EA000C55EA020C7FEA645C7FEAC6
:10033000655C00F0E2804FEA5454D4EB5555B8BFE9
:100340006D420CDD2C4480EA020281EA030382EA5A
:10035000000083EA010180EA020281EA0303362DEC
:1003600088BF30BD11F0004F4FEA01314FF4801CBF
:100370004CEA113102D0404261EB410113F0004FD1
:100380004FEA03334CEA133302D0524263EB430388
:1003900094EA050F00F0A780A4F10104D5F1200E26
:1003A0000DDB02FA0EFC22FA05F2801841F1000181
:1003B00003FA0EF2801843FA05F359410EE0A5F155
:1003C00020050EF1200E012A03FA0EFC28BF4CF086
:1003D000020C43FA05F3C01851EBE37101F000453C
:1003E00007D54FF0000EDCF1000C7EEB00006EEB49
:1003F0000101B1F5801F1BD3B1F5001F0CD34908D3
:100400005FEA30004FEA3C0C04F101044FEA445229
:1004100012F5800F80F09A80BCF1004F08BF5FEAB0
:10042000500C50F1000041EB045141EA050130BD90
:100430005FEA4C0C404141EB010111F4801FA4F133
:100440000104E9D191F0000F04BF01460020B1FA88
:1004500081F308BF2033A3F10B03B3F120020CDAC0
:100460000C3208DD02F1140CC2F10C0201FA0CF09E
:1004700021FA02F10CE002F11402D8BFC2F1200C03
:1004800001FA02F120FA0CFCDCBF41EA0C019040B9
:10049000E41AA2BF01EB0451294330BD6FEA040402
:1004A0001F3C1CDA0C340EDC04F11404C4F12002ED
:1004B00020FA04F001FA02F340EA030021FA04F3FF
:1004C00045EA030130BDC4F10C04C4F1200220FA56
:1004D00002F001FA04F340EA0300294630BD21FA94
:1004E00004F0294630BD94F0000F83F4801306BF5A
:1004F00081F480110134013D4EE77FEA645C18BF4E
:100500007FEA655C29D094EA050F08BF90EA020FE4
:1005100005D054EA000C04BF1946104630BD91EADC
:10052000030F1EBF0021002030BD5FEA545C05D1DF
:100530004000494128BF41F0004130BD14F580041E
:100540003CBF01F5801130BD01F0004545F0FE4192
:1005500041F470014FF0000030BD7FEA645C1ABFC7
:10056000194610467FEA655C1CBF0B46024650EAFE
:10057000013406BF52EA033591EA030F41F400212A
:1005800030BD00BF90F0000F04BF0021704730B5B0
:100590004FF4806404F132044FF000054FF0000185
:1005A00050E700BF90F0000F04BF0021704730B546
:1005B0004FF4806404F1320410F0004548BF40421B
:1005C0004FF000013EE700BF42004FEAE2014FEA70
:1005D00031014FEA02701FBF12F07F4393F07F4F4B
:1005E00081F06051704732F07F4208BF704793F04E
:1005F0007F4F04BF41F40021704730B54FF4607461
:1006000001F0004521F000411CE700BF50EA010263
:1006100008BF704730B54FF000050AE050EA01020C
:1006200008BF704730B511F0004502D5404261EB7C
:1006300041014FF4806404F132045FEA915C3FF4BD
:10064000D8AE4FF003025FEADC0C18BF03325FEA5A
:10065000DC0C18BF033202EBDC02C2F1200300FA0B
:1006600003FC20FA02F001FA03FE40EA0E0021FA30
:1006700002F11444BDE600BF0000000000000000CD
:1006800070B54FF0FF0C4CF4E06C1CEA11541DBF28
:100690001CEA135594EA0C0F95EA0C0F00F0DEF8F3
:1006A0002C4481EA030621EA4C5123EA4C5350EAD8
:1006B000013518BF52EA033541F4801143F4801329
:1006C00038D0A0FB02CE4FF00005E1FB02E506F0BA
:1006D0000042E0FB03E54FF00006E1FB03569CF00F
:1006E000000F18BF4EF0010EA4F1FF04B6F5007F15
:1006F00064F5407404D25FEA4E0E6D4146EB060687
:1007000042EAC62141EA55514FEAC52040EA5E500F
:100710004FEACE2EB4F1FD0C88BFBCF5E06F1ED8B9
:10072000BEF1004F08BF5FEA500E50F1000041EBF0
:10073000045170BD06F0004646EA010140EA02009D
:1007400081EA0301B4EB5C04C2BFD4EB0C0541EABF
:10075000045170BD41F480114FF0000E013C00F3D4
:10076000AB8014F1360FDEBF002001F0004170BDF8
:10077000C4F10004203C35DA0C341BDC04F1140411
:10078000C4F1200500FA05F320FA04F001FA05F29D
:1007900040EA020001F0004221F0004110EBD3706A
:1007A00021FA04F642EB06015EEA430E08BF20EA96
:1007B000D37070BDC4F10C04C4F1200500FA04F339
:1007C00020FA05F001FA04F240EA020001F00041CB
:1007D00010EBD37041F100015EEA430E08BF20EA3E
:1007E000D37070BDC4F1200500FA05F24EEA020E86
:1007F00020FA04F301FA05F243EA020321FA04F0B5
:1008000001F0004121FA04F220EA020000EBD3706B
:100810005EEA430E08BF20EAD37070BD94F0000F6B
:100820000FD101F00046400041EB010111F4801F9F
:1008300008BF013CF7D041EA060195F0000F18BF50
:10084000704703F00046520043EB030313F4801F8C
:1008500008BF013DF7D043EA0603704794EA0C0F46
:100860000CEA135518BF95EA0C0F0CD050EA41065C
:1008700018BF52EA4306D1D181EA030101F00041D9
:100880004FF0000070BD50EA410606BF1046194601
:1008900052EA430619D094EA0C0F02D150EA01360D
:1008A00013D195EA0C0F05D152EA03361CBF10464E
:1008B00019460AD181EA030101F0004141F0FE41ED
:1008C00041F470014FF0000070BD41F0FE4141F471
:1008D000780170BD70B54FF0FF0C4CF4E06C1CEA71
:1008E00011541DBF1CEA135594EA0C0F95EA0C0F26
:1008F00000F0A7F8A4EB050481EA030E52EA0335E1
:100900004FEA013100F088804FEA03334FF0805501
:1009100045EA131343EA12634FEA022245EA11152E
:1009200045EA10654FEA00260EF000419D4208BFDF
:10093000964244F1FD0404F5407402D25B084FEA8C
:100940003202B61A65EB03055B084FEA32024FF438
:1009500080104FF4002CB6EB020E75EB030E22BF95
:10096000B61A754640EA0C005B084FEA3202B6EB55
:10097000020E75EB030E22BFB61A754640EA5C0004
:100980005B084FEA3202B6EB020E75EB030E22BF94
:10099000B61A754640EA9C005B084FEA3202B6EB95
:1009A000020E75EB030E22BFB61A754640EADC0054
:1009B00055EA060E18D04FEA051545EA16754FEAB6
:1009C00006164FEAC30343EA52734FEAC2025FEAD4
:1009D0001C1CC0D111F4801F0BD141EA00014FF063
:1009E00000004FF0004CB6E711F4801F04BF014334
:1009F0000020B4F1FD0C88BFBCF5E06F3FF6AFAE50
:100A0000B5EB030C04BFB6EB020C5FEA500C50F1DF
:100A1000000041EB045170BD0EF0004E4EEA113162
:100A200014EB5C04C2BFD4EB0C0541EA045170BD69
:100A300041F480114FF0000E013C90E645EA060EAD
:100A40008DE60CEA135594EA0C0F08BF95EA0C0FDB
:100A50003FF43BAF94EA0C0F0AD150EA01347FF423
:100A600034AF95EA0C0F7FF425AF104619462CE7FA
:100A700095EA0C0F06D152EA03353FF4FDAE10465D
:100A8000194622E750EA410618BF52EA43067FF4AE
:100A9000C5AE50EA41047FF40DAF52EA43057FF43E
:100AA000EBAE12E7000000000000000000000000B4
:100AB0004FEA410212F5001215D211D56FF4787386
:100AC000B3EB625212D94FEAC12343F0004343EA29
:100AD000505311F0004F23FA02F018BF4042704704
:100AE0004FF00000704750EA013005D111F000408E
:100AF00008BF6FF0004070474FF00000704700BF24
:100B000053B94AB9002908BF00281CBF4FF0FF3174
:100B10004FF0FF3000F074B9ADF1080C6DE904CE70
:100B200000F006F8DDF804E0DDE9022304B07047C8
:100B30002DE9F047089E04468846002B4BD18A4297
:100B4000154667D9B2FA82F24AB1C2F1200701FA1A
:100B500002F320FA07F7954047EA030894404FEA6A
:100B6000154E230CB8FBFEF71FFA85FC0EFB178809
:100B700043EA084307FB0CF1994209D9EB1807F146
:100B8000FF3080F01B81994240F21881023F2B44D4
:100B90005B1AA4B2B3FBFEF00EFB103344EA03442D
:100BA00000FB0CFCA44509D92C1900F1FF3380F09F
:100BB0000781A44540F2048102382C4440EA0740F2
:100BC000A4EB0C0400271EB1D4400023C6E9004367
:100BD0003946BDE8F0878B4209D9002E00F0EB8042
:100BE0000027C6E9000138463946BDE8F087B3FA68
:100BF00083F7002F47D18B4202D3824200F2FA8062
:100C0000841A61EB030301209846002EE0D0C6E968
:100C10000048DDE702B9FFDEB2FA82F2002A40F0B6
:100C20008F80491B4FEA154E1FFA85F80127B1FB4B
:100C3000FEFC230C0EFB1C1143EA014308FB0CF1E4
:100C4000994207D9EB180CF1FF3002D2994200F219
:100C5000CD808446591AA3B2B1FBFEF00EFB1014EE
:100C600043EA044408FB00F8A04507D92C1900F119
:100C7000FF3302D2A04500F2B6801846A4EB080468
:100C800040EA0C409FE7C7F1200CBB4022FA0CFE63
:100C90004EEA030E01FA07F420FA0CF521FA0CF3E0
:100CA0004FEA1E482543B3FBF8F92C0C08FB193317
:100CB0001FFA8EFA44EA034309FB0AF49C4202FA43
:100CC00007F200FA07F10BD91EEB030309F1FF301D
:100CD00080F087809C4240F28480A9F1020973442D
:100CE0001B1BADB2B3FBF8F008FB103345EA03441D
:100CF00000FB0AFAA24508D91EEB040400F1FF33F9
:100D00006BD2A24569D90238744440EA0940A0FB7D
:100D10000289A4EB0A044C45C2464B4654D351D039
:100D2000002E69D0B1EB0A0564EB030404FA0CFC55
:100D3000FD40FC404CEA0505C6E90054002747E7A2
:100D4000C2F1200320FA03F7954001FA02F021FADC
:100D500003F34FEA154E3843010CB3FBFEF71FFABD
:100D600085F80EFB173341EA034107FB08F38B427A
:100D700004FA02F407D9691807F1FF3C2FD28B421D
:100D80002DD9023F2944CB1A81B2B3FBFEF00EFBF2
:100D9000103341EA034100FB08F38B4207D969187D
:100DA00000F1FF3C17D28B4215D902382944C91AE9
:100DB00040EA07473BE73746304609E70746E7E69C
:100DC0001846FBE64145ABD2B8EB020A69EB0E02CE
:100DD00001381346A4E76046E9E7184695E76746F9
:100DE000D1E781467CE702382C4447E7ACF1020C9E
:100DF0002B442FE7384608E73746E9E600000000B5
:100E0000704700BF0000000000000000000000006C
:100E1000844641EA000313F003036DD1403A41D305
:100E200051F8043B40F8043B51F8043B40F8043BC4
:100E300051F8043B40F8043B51F8043B40F8043BB4
:100E400051F8043B40F8043B51F8043B40F8043BA4
:100E500051F8043B40F8043B51F8043B40F8043B94
:100E600051F8043B40F8043B51F8043B40F8043B84
:100E700051F8043B40F8043B51F8043B40F8043B74
:100E800051F8043B40F8043B51F8043B40F8043B64
:100E900051F8043B40F8043B51F8043B40F8043B54
:100EA000403ABDD2303211D351F8043B40F8043BF4
:100EB00051F8043B40F8043B51F8043B40F8043B34
:100EC00051F8043B40F8043B103AEDD20C3205D304
:100ED00051F8043B40F8043B043AF9D2043208D0FC
:100EE000D2071CBF11F8013B00F8013B01D30B886E
:100EF00003806046704700BF082A13D38B078DD04C
:100F000010F003038AD0C3F10403D21ADB071CBF1D
:100F100011F8013B00F8013B80D331F8023B20F887
:100F2000023B7BE7043AD9D3013A11F8013B00F8C0
:100F3000013BF9D20B7803704B7843708B78837048
:100F40006046704700000000000000000000000044
:100F500090F800F06DE9024520F007016FF0000CF9
:100F600010F0070491F820F040F049804FF00004A1
:100F70006FF00700D1E9002391F840F000F108007C
:100F800082FA4CF2A4FA8CF283FA4CF3A2FA8CF3B4
:100F90004BBBD1E9022382FA4CF200F10800A4FA1B
:100FA0008CF283FA4CF3A2FA8CF3E3B9D1E904236F
:100FB00082FA4CF200F10800A4FA8CF283FA4CF3A6
:100FC000A2FA8CF37BB9D1E9062301F1200182FA60
:100FD0004CF200F10800A4FA8CF283FA4CF3A2FA66
:100FE0008CF3002BC6D0002A04BF04301A4612BA74
:100FF000B2FA82F2FDE8024500EBD2007047D1E977
:10100000002304F00305C4F100004FEAC50514F005
:10101000040F91F840F00CFA05F562EA05021CBFD6
:1010200063EA050362464FF00004A9E700000000F0
:1010300001F0FF01102A2BDB10F0070F08D010F889
:10104000013B013A8B422DD010F0070F42B3F6D18D
:10105000F0B441EA012141EA014122F007047FF0A6
:1010600000070023F0E80256083C85EA010586EAFD
:10107000010685FA47F5A3FA87F586FA47F6A5FA39
:1010800087F68EB9EED1F0BC01F0FF0102F0070245
:1010900032B110F8013B013A83EA010313B1F8D1F0
:1010A0000020704701387047002D06BF35460338D1
:1010B000073815F0010F07D1013015F4807F02BF0A
:1010C000013015F4C03F0130F0BC0138704700BF5B
:1010D0004FF0FF3C06E000BF4FF0010C02E000BF04
:1010E0004FF0010C4DF804CD4FEA410C7FEA6C5CE7
:1010F0004FEA430C18BF7FEA6C5C1BD001B050EA8A
:10110000410C0CBF52EA430C91EA030F02BF90EA74
:10111000020F0020704710F1000F91EA030F58BF33
:10112000994208BF90422CBFD8176FEAE37040F095
:10113000010070474FEA410C7FEA6C5C02D150EA33
:10114000013C07D14FEA430C7FEA6C5CD6D152EAEE
:10115000033CD3D05DF8040B704700BF84461046B3
:1011600062468C461946634600E000BF01B5FFF7B2
:10117000B7FF002848BF10F1000F01BD4DF808ED82
:10118000FFF7F4FF0CBF012000205DF808FB00BF53
:101190004DF808EDFFF7EAFF34BF012000205DF8AD
:1011A00008FB00BF4DF808EDFFF7E0FF94BF0120FA
:1011B00000205DF808FB00BF4DF808EDFFF7CEFFFB
:1011C00094BF012000205DF808FB00BF4DF808ED3A
:1011D000FFF7C4FF34BF012000205DF808FB00BF0B
:1011E0004FEA410C7FEA6C5C02D150EA013C0AD123
:1011F0004FEA430C7FEA6C5C02D152EA033C02D115
:101200004FF0000070474FF00100704700000000F1
:1012100000B5094B83B01A680192019A1B689A4283
:1012200008D1002319461846012203B05DF804EBEB
:1012300001F0CEBC00F0FCFB000800200000000024
:1012400000B5094B83B01A680192019A1B689A4253
:1012500008D1002211461046012303B05DF804EBCB
:1012600001F0B6BC00F0E4FB000800200000000024
:101270002DE9F04FB74BDFF8E4821B6885B003938C
:1012800000231C46019301F0CBFCFFF7C1FF02F0E5
:10129000CFF8A1460746002840F0C38002F028FCA2
:1012A0000446012002F024FC8246022002F020FCC9
:1012B0008346052002F01CFC0546062002F018FCBF
:1012C0000646072002F014FC04EB0A02044404EB77
:1012D000D47402EB0B0335446410B4F52F7F05443E
:1012E00088FB0326D4BF00210121A6EBE376384614
:1012F00088FB0523A3EBE57501F012FCB6F5167F1C
:10130000D4BF00210121012001F00AFCB5F5167FB0
:10131000D4BF00210121032001F002FC3946022044
:1013200001F0FEFB09F1FF33012B40F28B8040F20C
:101330002629B4F52F7FC0F29780B542C0F2108104
:1013400001F06EFC002318461A46012101F040FC12
:1013500040F28A2001F0FCFF7F4802F021F8502083
:1013600007F02EFA02F064F80746002859D102F07F
:10137000BFFB8146012002F0BBFB0190022002F07E
:10138000B7FB8246052002F0B3FB0546062002F0BB
:10139000AFFB0646072002F0ABFB09EB0004019A05
:1013A00004EBD47464109144B4F52F7F0346D4BF8A
:1013B000002101213544384640F20A76D1441D44CB
:1013C00001F0AEFBB145D4BF00210121012001F0A5
:1013D000A7FBB542D4BF00210121032001F0A0FBEF
:1013E0003946022001F09CFB0323019340F28A203E
:1013F00001F0AEFF584801F0D3FFB4F5FA7F4FF08B
:1014000002092EDA019B002B00F01281013B0193AF
:10141000502007F0D5F902F00BF8074600283FF4FA
:101420003DAF01F0FDFB002001F092FF494B039A14
:101430001B689A4240F04D81002005B0BDE8F04F96
:1014400001F0AEBFB9F1010FD0D1434801F080FFE8
:101450004FF0010940F28A2001F0A2FFB4F5FA7FB3
:10146000D0DB03230193D3E7B5F5167F18DD06F132
:101470003203AB4214DAA5F13200A5F51676B0F5C9
:101480007A7FA9EB0606A8BF4FF47A70B6F57A7F8B
:10149000A8BF4FF47A7626EAE67620EAE07006E006
:1014A000B6F5167F00F3BA8040F22626304601F0EA
:1014B0004FFF304601F074FF502007F081F901F032
:1014C000B7FF07460028ACD102F012FB044601200A
:1014D00002F00EFB8346022002F00AFB06460520BE
:1014E00002F006FB0546062002F002FB82460720BA
:1014F00002F0FEFA0BEB0402044404EBD474324411
:101500000AEB0503641088FB02160344B4F52F7F31
:10151000D4BF00210121A6EBE276384688FB0325E3
:10152000A5EBE37501F0FCFAB6F5167FD4BF0021F8
:101530000121012001F0F4FAB5F5167FD4BF002196
:101540000121032001F0ECFA3946022001F0E8FA0B
:10155000EFE600BF0008002076FDFFFF5655555509
:1015600001F05EFB002210461146012301F030FB22
:10157000594801F0EDFE40F28A2001F011FF5020A1
:1015800007F01EF901F054FF064600287FF449AF2A
:1015900002F0AEFA0746012002F0AAFA01900220FA
:1015A00002F0A6FA8246052002F0A2FA05460620BD
:1015B00002F09EFA8146072002F09AFA3C18019A3E
:1015C00004EBD47464101744B4F52F7F0346D4BFE2
:1015D000002101214D44304640F20A7957441D4410
:1015E00001F09EFA4F45D4BF00210121012001F0F6
:1015F00097FA4D45D4BF00210121032001F090FA54
:101600003146022001F08CFA0323334801934FF056
:10161000010901F09DFE40F28A201DE73235B542F6
:10162000BFF642AFA6F51670A9EB0000323E2DE7DB
:1016300001F0F6FAFFF7ECFD502007F0C1F801F0D9
:10164000F7FE00287FF4EDAE02F052FA04460120C6
:1016500002F04EFA0646022002F04AFA81460520C0
:1016600002F046FA0546062002F042FA0746072035
:1016700002F03EFA2644044404EBD47406EB09025B
:101680003D446410019F88FB02162B18B4F52F7F90
:10169000D4BF00210121A6EBE276384688FB032562
:1016A000A5EBE37501F03CFAB6F5167FD4BF002137
:1016B0000121012001F034FAB5F5167FD4BF0021D5
:1016C0000121032001F02CFA3946022001F028FA0A
:1016D0002DE600F0ADF900BF76FDFFFF0000000031
:1016E0002DE9F04FDFF8A492DFF8A4A2D9F800307A
:1016F0008BB00027099301F093FAFFF7A1FD01F0E9
:1017000097FE012842F20F78054636D106F0D8F848
:10171000EB46002814BF064646460024204602F049
:10172000E7F90134082C4BF8040FF7D1019C02AA09
:101730004FF0000B52F8043BA342C8BFAB4605F183
:101740000105C8BF1C46082DF4D1042F0DD8DFE8D1
:1017500007F04A2591600300504601F0F9FD50461C
:1017600001F01EFE322E00F2A180502007F028F872
:1017700001F05EFE01280546C8D001F051FA0020B4
:1017800001F0E6FD099AD9F800309A4240F0F9805C
:1017900000200BB0BDE8F04F01F002BE4A2E00F26F
:1017A0009580ABF10303012B40F29880ABF1050368
:1017B000022B40F2BA80BBF1020F40F2C280BBF1B3
:1017C000000F40F0B980002001F0C2FD002001F0C0
:1017D000E7FD01F025FA002319461846012201F021
:1017E000F7F90227C1E7FA2001F0B2FD6FF0F90026
:1017F00001F0D6FD4A2E02D9B4F5967FB5DD01F091
:101800000FFA012300211A46084601F0E1F90127E9
:10181000ABE7002001F09CFD002001F0C1FDB4F514
:10182000967F13DDABF10503022B40F29A80BBF1EA
:10183000020F40F29E80ABF10301012940F2898042
:10184000002001F085FD002001F0AAFDA6F1420371
:101850009BB240F26D429342BBD9272E46D9B6F5D2
:10186000966F82D3C72C80DC01F0DAF90027FFF7EE
:10187000E7FC7AE72D2E19D9A6F142039BB240F27C
:101880006D4293423CD8413E06EB4606C6EB061637
:1018900006F1FA04B4F52F7FA8BF4FF42F74204649
:1018A00001F056FD204601F07BFD5EE7002001F0CF
:1018B0004FFD002001F074FD01F0B2F90023012278
:1018C0001846114601F084F903274EE7B4F5967FD8
:1018D000CADBABF10303012B3FF668AF4FF4E170B5
:1018E00001F036FD284801F05BFD3EE701F098F974
:1018F00000231A461846012101F06AF9042734E74B
:10190000002001F025FD002001F04AFD01F088F9DA
:10191000002301221846114601F05AF9B6F5966FD8
:1019200001D3C72CA0DD03271FE7174801F010FDE6
:101930004FF4E17001F034FDBBF1070F3FF443AF0A
:1019400013E74FF4E17001F003FD0F4801F028FDAB
:1019500035E74FF4E17001F0FBFC0B4801F020FD8E
:1019600074E76FF0F90001F0F3FCFA2001F018FDC4
:101970006CE7FA2001F0ECFC6FF0F90001F010FDCB
:1019800064E700F055F800BF3EFEFFFF00080020AE
:10199000D4FEFFFF00000000000000000000000077
:1019A00000B51E4B83B01B68019308F011FA06F0D6
:1019B000C7F801F0CDF91A4A1A491B4805F098FFFB
:1019C00001F02EF902F0E4F9002002F009F802F02B
:1019D0006FF805F04DFF01F01BFC01F031FE01F046
:1019E00057FE00F0EDFB00F0DBFC0CE0012811D00D
:1019F00001F016F9002001F0ABFC002001F0D0FC52
:101A0000642006F0DDFE01F013FD0028EED1FFF7A3
:101A10002FFCF5E7FFF764FEF2E700BF00080020A7
:101A2000040800200C080020181500200000000009
:101A300000B5084B83B01A680192019A1B689A425C
:101A400005D1054803B05DF804EB06F0E1B8FFF7F7
:101A5000EFFF00BF00080020E04101080000000087
:101A600030B5104D81682B680F4A83B001930B6825
:101A700023F001030B608168946A03E0936A1B1BE7
:101A8000C72B09D8086810F00100F7D1019A2B681C
:101A90009A4204D103B030BD4FF0FF30F6E7FFF7B4
:101AA000C7FF00BF000800207849002000000000A8
:101AB00070B51C4E82B03368019311F00C0F0D46C7
:101AC000044610D0C268117A52683D238B401360DF
:101AD0000378032B21D0062263682270DB6813B1E0
:101AE000002120469847AA060BD563685B6873B14E
:101AF00001993268914213D1204602B0BDE870408E
:101B00001847EB0603D563689B68002BF0D1019A58
:101B100033689A4204D102B070BDFFF7A1FFDAE743
:101B2000FFF786FF00080020000000000000000012
:101B3000F0B5284D83B02B68019307F041F906F00A
:101B400087F9254B1E69F20715D55A69234C42F0D7
:101B500001025A612778BB1F012B2AD9052263682D
:101B600022701B680BB120469847042F27D0022F04
:101B700025D003232370B30710D5174A174C536998
:101B800043F0020353612378032B1DD06368DB68A5
:101B90000622227013B101211048984706F080F9FF
:101BA000019A2B689A4213D103B0BDE8F04008F0C7
:101BB000CFB8019A2B689A420AD103B0F0BD022334
:101BC0002370B307EAD5D8E72046FFF749FFDDE7E2
:101BD000FFF72EFF0008002000000550241500200C
:101BE0002DE9F0412F4C0578266882B0012D019631
:101BF00006D0019A23689A4252D102B0BDE8F08122
:101C0000294DA842F5D10E4690461F46274AE8685E
:101C10002B460C210AF06CFE002839D1D5E902329E
:101C2000126828339360EB681A68042151611B68BD
:101C3000C3F80C80EB681A6817611B68B6085E6011
:101C40002B694FB343F480232B61E968184A096874
:101C50000B60EB6819680B6843F001030B60536B72
:101C600043F0010353630B214E200AF021FBD5E919
:101C70000113DA6842F00102DA60DA6842F0020227
:101C8000DA600A6922F4804222F001021A60B0E7A9
:101C9000084805F0BDFFC1E723F480232B61D4E79A
:101CA000FFF7C6FE0008002024150020B11A000826
:101CB000003802400042010800000000000000005F
:101CC00030B5184C0378226883B0022B019205D0FE
:101CD000019A23689A4223D103B030BD124B984237
:101CE0000546F5D18168114A0B6823F4804323F03F
:101CF00001030B608168CB6823F00F03CB60536B4B
:101D000023F0010353634E200AF0FAFA019A236884
:101D10009A4205D1E86803B0BDE830400AF050BEF1
:101D2000FFF786FE0008002024150020003802403E
:101D300000B50F4B0278196883B0022A01910ED1C9
:101D400081680A6842F002020A6081680A6842F407
:101D500080420A6081680A6842F001020A60019AC2
:101D60001B689A4202D103B05DF804FBFFF760FEE6
:101D7000000800200000000000000000000000003B
:101D800000B50F4B0278196883B0022A01910ED179
:101D900081680A6822F002020A6081680A6842F4D7
:101DA00080420A6081680A6842F001020A60019A72
:101DB0001B689A4202D103B05DF804FBFFF738FEBE
:101DC00000080020000000000000000000000000EB
:101DD0002DE9F043254D83B02C680194DDF828905F
:101DE0000F4616469846044618B111B1204B9A4248
:101DF0002FD9204805F00CFF202383F3118807F02A
:101E000017F805F0A5FF2378012B02D0194805F03B
:101E1000FFFE4246314620464B466760FFF7E0FE34
:101E20000223237005F0B4FF07F01AF8124B1A686A
:101E30009A4204D0996993688A689A420FD3002322
:101E400083F31188019A2B689A420CD103B0BDE844
:101E5000F0839307CDD1B8F1000FCDD1C9E7074882
:101E600005F0D6FEEBE7FFF7E3FD00BF000800201A
:101E7000FCFF03003042010878490020204201089D
:101E800030B51C4D83B02B680193044658B3202312
:101E900083F3118806F0CCFF05F05AFF2378022B5C
:101EA00002D0154805F0B4FE2046FFF709FF0123D4
:101EB000237005F06DFF06F0D3FF104B1A689A42AD
:101EC00004D0996993688A689A4208D3002383F3FF
:101ED0001188019A2B689A4209D103B030BD084895
:101EE00005F096FEF2E7044805F092FECFE7FFF713
:101EF0009FFD00BF000800204042010878490020F3
:101F00002042010800000000000000000000000066
:101F100030B51C4D83B02B680193044658B3202381
:101F200083F3118806F084FF05F012FF2378022B5B
:101F300002D0154805F06CFE2046FFF7F9FE042399
:101F4000237005F025FF06F08BFF104B1A689A42AC
:101F500004D0996993688A689A4208D3002383F36E
:101F60001188019A2B689A4209D103B030BD084804
:101F700005F04EFEF2E7044805F04AFECFE7FFF712
:101F800057FD00BF0008002050420108784900209A
:101F900020420108000000000000000000000000D6
:101FA00030B51C4D83B02B680193044658B32023F1
:101FB00083F3118806F03CFF05F0CAFE2378022B5C
:101FC00002D0154805F024FE2046FFF7D9FE032372
:101FD000237005F0DDFE06F043FF104B1A689A42AD
:101FE00004D0996993688A689A4208D3002383F3DE
:101FF0001188019A2B689A4209D103B030BD084874
:1020000005F006FEF2E7044805F002FECFE7FFF711
:102010000FFD00BF00080020704201087849002031
:102020002042010800000000000000000000000045
:1020300030B51A4D83B02B680193044638B3202382
:1020400083F3118806F0F4FE05F082FE0223204699
:102050002370FFF735FE0123237005F099FE06F08B
:10206000FFFE0F4B1A689A4204D0996993688A68F8
:102070009A4208D3002383F31188019A2B689A426D
:1020800009D103B030BD074805F0C2FDF2E70648AC
:1020900005F0BEFDD3E7FFF7CBFC00BF0008002032
:1020A0007849002020420108804201080000000019
:1020B00000B5084B83B01A680192019A1B689A42D6
:1020C00005D1054803B05DF804EB05F0A1BDFFF7AD
:1020D000AFFC00BF00080020904201080000000093
:1020E00070B5194A194C1578236882B001934FF4E2
:1020F000B47303FB00F665B1019A23689A4220D1BC
:1021000013481449B1FBF6F102B0BDE8704008F085
:1021100087BA114911484D6001251570802242830C
:102120000F4A104808F044F9019A23689A4208D1EE
:1021300007480849B1FBF6F102B0BDE8704008F06D
:10214000D7BAFFF775FC00BF5C150020000800201F
:102150002C57002000BD01054C150020000C02404A
:10216000A0420108C8530020000000000000000049
:1021700010B50C4C0C4B22680C4882B001928022A6
:102180001A8308F015FB0A4808F052F9019A2368EF
:10219000084900209A42087001D102B010BDFFF733
:1021A00047FC00BF00080020000C02402C57002014
:1021B000C85300205C150020000000000000000053
:1021C00070B5154D154A164B2968164E9E6082B0A3
:1021D00000244FF400601080019194701146124861
:1021E0005C6001221A60DC6008F062F80F4B104E50
:1021F00010485C60202219469A60DC601E6008F07E
:10220000C7F9019A2B689A4204D102B0BDE8704028
:10221000FFF7AEBFFFF70CFC0008002048150020B8
:102220004C150020B1200008C853002038150020AC
:1022300000BD01052C570020000000000000000038
:1022400030B50F4C83B0236801930D4608B1FFF7FA
:1022500047FF4FF47A700B4900FB05F000F2E730BE
:10226000A1FB0030800906F0ABFA019A23689A427C
:1022700004D103B0BDE83040FFF77ABFFFF7D8FBC9
:1022800000080020D34D6210000000000000000094
:102290002DE9F0432DED028BDFF8FC80344BD8F8AC
:1022A000182034491B68344DDFED348A9FED348AA1
:1022B000344E354F916183B00193202383F311880D
:1022C00006F0B6FD05F044FD304806F059FB2860E5
:1022D00005F05EFD06F0C4FDD8F80030434508D097
:1022E000D8F818209B6892689A4202D2284805F0D4
:1022F0008FFC4FF0000989F311882B681A8972BB93
:1023000030E0D3E9001202EB890393ED007A31F853
:102310001900C8EE877A09F10109FCEEE77A17EE99
:10232000903A9CB22146FFF78BFF07EE904AF8EEF9
:10233000E77A4FF47A7367EE887AFCEEE77A17EE65
:10234000902A90B203FB00F000F2E730A7FB0030C8
:10235000800906F035FA2B681A894A4502DD327881
:10236000002ACED100230B48337007F0C1F8A4E750
:1023700000080020704501086415002000007A4420
:102380006666A63F20080020D34D6210601500202D
:102390008045010824080020784900200000000042
:1023A00010B50A4C0A4B22680A4884B04FF4FC71FD
:1023B000039200220092402206F0AAF9039A2368B1
:1023C0009A4201D104B010BDFFF732FB0008002093
:1023D00091220008681500200000000000000000A5
:1023E00000B5074B07491A68087083B00192019A3B
:1023F0001B689A4202D103B05DF804FBFFF718FB9B
:10240000000800206017002000000000000000000D
:1024100000B5174B174A93F90030116883B001914A
:1024200001995BB1012B18D0022B13680ED0994291
:102430004FF0000019D103B05DF804FB1368994216
:1024400013D103B05DF804EB00F0DABA99420CD175
:1024500003B05DF804EB00F093BA1368994204D11D
:1024600003B05DF804EB00F0ABBAFFF7E1FA00BF90
:102470002C080020000800200000000000000000E0
:1024800010B51B4B1B4C93F90030226882B00192AF
:10249000B3B1012B21D0022B06D00020019A236872
:1024A0009A4223D102B010BD134B1B788BB1019A15
:1024B00023689A421AD102B0BDE8104000F060BA19
:1024C000019A23689A4211D102B0BDE8104000F091
:1024D00097BA00F055FA4000E0E7019A23689A4263
:1024E00004D102B0BDE8104000F06ABAFFF7A0FACC
:1024F0002C080020000800202D080020000000000B
:10250000F0B5124F83B03B68019300F051F9104BC6
:1025100093F90030022B064606D0019A3B689A4296
:10252000304610D103B0F0BD0A4B1C7824B1F4E75B
:10253000735D33550134A4B2FFF7A2FF6500ADB25D
:102540008542F5D3E9E7FFF773FA00BF00080020E2
:102550002C0800202D0800200000000000000000D2
:1025600000B5084B08491A6883B000200192019A0F
:102570001B6808709A4202D103B05DF804FBFFF7B4
:1025800057FA00BF00080020671700200000000075
:1025900010B5104C82B023680193202383F3118877
:1025A00006F076FC05F014FC0B4B0C4801221A7067
:1025B00006F076FF05F02CFC06F082FC002383F386
:1025C0001188019A23689A4201D102B010BDFFF729
:1025D0002FFA00BF000800207017002030080020EC
:1025E00010B50F4C0F4B2268197082B02023019256
:1025F00083F3118806F04CFC05F0EAFB0A4806F06C
:102600004FFF05F005FC06F05BFC002383F3118807
:10261000019A23689A4201D102B010BDFFF708FA6F
:10262000000800206417002030080020000000008F
:1026300000B51F4A1F4B127818681F4983B00190DC
:1026400001208242087006D0019A1B689A422CD160
:1026500003B05DF804FB1949194A0978D268814230
:10266000126811D0174818490078096801281068C5
:1026700006D000030ED51069884212D0D160E3E77E
:102680000003FBD41161DFE71068104900030968FB
:10269000F8D5F3E7D0688842F4D10C490968116194
:1026A000D2E70A490968D160CEE7FFF7C1F900BF58
:1026B000661700200008002067170020611700201F
:1026C0002415002062170020681700206C170020D6
:1026D00030B51B4D1B4C2B78226885B0012B039223
:1026E00025D0FFF7CDFE184B1B78024653B9B0F545
:1026F000164F20D8154900930B6815481549FFF768
:1027000067FB0BE0B0F5964F15D813490F4B0968DE
:102710001B680F4800910F49FFF75AFB01232B70EC
:102720000020039A23689A4208D105B030BD0848BA
:10273000FFF7A6FBD5E74FF0FF30F2E7FFF778F998
:102740006517002000080020661700206817002089
:1027500024150020904501086C170020000000009F
:1027600010B50F4C0F48236882B0019306F060FD4E
:102770000D4806F03DFF0D4B0A481B7843B106F0AB
:102780008FFD0020019A23689A4206D102B010BD45
:1027900006F086FD4FF0FF30F4E7FFF749F900BF80
:1027A00000080020380800203008002070170020A2
:1027B00070B5294B294C1878294D236882B00193B4
:1027C0002B7858B9012B03D0264A012310682B70AF
:1027D000019A23689A423DD102B070BD012B37D0D7
:1027E000214E3378012B33D0204B1B78FBB9204B83
:1027F0001C4ADB6811681B681A68100307D5DA6881
:102800008A424FF0010221D03270D868E0E71A699D
:102810008A424FF0010208D032701869D8E71A696D
:10282000096891424FF00102F6D12A70F5E7FFF7EF
:1028300097FF0F4B0B49DB681B681A681203EED534
:10284000DA68096891424FF00102DDD12A70DCE7B5
:102850000020BDE7FFF7ECF8661700200008002015
:1028600061170020681700206217002067170020FA
:1028700024150020000000000000000000000000FF
:1028800010B5084B084C1A68084882B001920199AB
:102890001A68002391422370037001D102B010BD69
:1028A000FFF7C6F80008002061170020621700201B
:1028B00010B5174A174B1278196882B00191F2B11E
:1028C000154A1648164C11780022027022701548DD
:1028D00051B101991B680270994216D1124802B099
:1028E000BDE81040FFF75CBB019A1B6801709A427B
:1028F0000BD10D4802B0BDE81040FFF709BB019AAB
:102900001B689A4201D102B010BDFFF791F800BFD9
:1029100065170020000800206317002062170020C0
:10292000611700207017002024150020000000000F
:1029300010B50D4B0D4C1A78216882B0012A019117
:1029400008D0019A23689A420CD102B0BDE8104029
:10295000FFF7BEBE0649074800220A701A70FFF74B
:1029600067FBEEE7FFF764F865170020000800201A
:102970006417002024150020000000000000000063
:1029800010B50A4B0A4A1988146858881B7982B016
:10299000022B019400FB01F00199136818BF40005D
:1029A000994201D102B010BDFFF742F87417002020
:1029B00000080020000000000000000000000000EF
:1029C00010B50A4B0A4A1988146858881B7982B0D6
:1029D0000D2B019400FB01F00199136818BF400012
:1029E000994201D102B010BDFFF722F87C170020F8
:1029F00000080020000000000000000000000000AF
:102A000010B50A4B0A4A1988146858881B7982B095
:102A1000442B019400FB01F00199136818BF40009A
:102A2000994201D102B010BDFFF702F884170020CF
:102A3000000800200000000000000000000000006E
:102A400070B5164E16483368154D82B005224FF406
:102A5000807101930BF024FF20246B6983F4807351
:102A60006B61012005F0ACFE631E13F0FF04F4D18E
:102A70004FF4807140F20622298309480BF010FFC1
:102A8000019A33689A4206D10649074802B0BDE868
:102A9000704007F0F5BEFEF7CBFF00BF0008002036
:102AA00000040240B0450108F85300200000000077
:102AB00000B50C4A0C4B1278196883B0012A0191B9
:102AC000019A1B6804D09A4209D103B05DF804FB57
:102AD0009A4204D103B05DF804EBFFF7B1BFFEF7F3
:102AE000A7FF00BFF85300200008002000000000EE
:102AF00000B5084B83B01A680192019A1B689A428C
:102B000005D1054803B05DF804EB07F001BFFEF7FF
:102B10008FFF00BF00080020F853002000000000D5
:102B200070B5294D82B02B6801930E46032841D819
:102B3000DFE800F01A120A02012922D9234A536958
:102B400083F40063536116E0012926D91F4A5369B3
:102B500083F4806353610EE0012918D91B4A53693D
:102B600083F04003536106E001291CD9174A5369D9
:102B700083F020035361019A2B689A4218D102B066
:102B800070BD124B4FF4006229B15A83F3E70F4B2B
:102B900040220029F9D11A83EDE70C4B4FF48062F3
:102BA0000029F8D0F1E7094B20220029F3D0ECE707
:102BB000FEF73EFF0024E0B231460134FFF7B0FFDC
:102BC000042CF8D1D7E700BF00080020000C024019
:102BD0002DE9F0410E4D82B02C68019488460446E0
:102BE00017461E4601F014F908B901F0F9F8094A30
:102BF0000198296804EB44041319884202F8048000
:102C00005F709E7002D102B0BDE8F081FEF710FF48
:102C1000000800208C1700200000000000000000C9
:102C2000F0B5104F104C3B6883B0002501932E4641
:102C30000021E8B2FFF774FF01F0EAF868B101354E
:102C4000042D26706670A67004F10304F0D1019A79
:102C50003B689A4204D103B0F0BD01F0C1F8EEE741
:102C6000FEF7E6FE000800208C17002000000000A0
:102C700030B5094B094D044607CB83B02B6801934F
:102C8000206001982B6861609842A26001D103B076
:102C900030BDFEF7CDFE00BF8C17002000080020DD
:102CA0002DE9F043254E83B034680194042A9DF841
:102CB0002890144605460F46984639D9B9F1000FB9
:102CC00014BF00224FF08052640002EB0863013C05
:102CD0001C4405F00F0527F01F07202383F31188FC
:102CE00006F0A6F83D4305F033F8154B1035DD60CE
:102CF0001C6105F04DF806F0B3F8124B1A689A42C1
:102D000004D0996993688A689A420DD3002383F3AB
:102D10001188BFF36F8FBFF34F8F019A33689A42C8
:102D20000AD103B0BDE8F083074804F071FFEDE776
:102D3000064804F06DFFC1E7FEF77AFE00080020A8
:102D400090ED00E078490020404601082046010847
:102D500030B5224D224C2B68224A85B0039363681C
:102D600043F004036360536A43F4803353622023C7
:102D700083F3118806F05CF804F0EAFF17221A4B7F
:102D8000E260236105F004F806F06AF8174B1A6850
:102D90009A4204D0996993688A689A4218D30020AD
:102DA00080F31188BFF36F8FBFF34F8F03231D2272
:102DB00000904FF00051FFF773FF094A536843F04A
:102DC00001035360039A2B689A4205D105B030BDC8
:102DD000074804F01DFFE2E7FEF72AFE0008002086
:102DE00090ED00E000ED00E00900001078490020BF
:102DF0004046010800000000000000000000000044
:102E000070B51A4D1A4C1B4E0FCD0FC49EB02A68D8
:102E1000336822801D93EFF30981682203A8FDF730
:102E2000F7FF154B9D6AAA0714D4EB0708D5124B80
:102E300008995B6B114A00910D4880210DF0B8FF95
:102E40001D9A33689A420FD109481EB0BDE8704000
:102E500004F0DEBE099A5B6B0092A4F11000084AF0
:102E600080210DF0A5FFE0E7FEF7E2FD0446010832
:102E7000981700200008002000ED00E0E045010860
:102E8000C045010800000000000000000000000034
:102E900000B51F4B0278196883B00191E2B11D4A59
:102EA0004FF4005111834278EAB11A4A4FF480512D
:102EB00011838278F2B1174A4FF480411183C278AE
:102EC000FAB9144A4FF400415183019A1B689A429F
:102ED0001CD103B05DF804FB0E4A4FF4005151833E
:102EE0004278002AE1D10B4A4FF480515183827815
:102EF000002AE0D1074A4FF480415183C278002A6A
:102F0000DFD0044A4FF400411183DEE7FEF790FD65
:102F10000008002000100240000000000000000037
:102F200000B51F4B0278196883B00191E2B11D4AC8
:102F30004FF4007111834278EAB11A4A4FF480715C
:102F400011838278F2B1174A4FF400611183C2787D
:102F5000FAB9144A4FF480615183019A1B689A426E
:102F60001CD103B05DF804FB0E4A4FF4007151838D
:102F70004278002AE1D10B4A4FF480715183827864
:102F8000002AE0D1074A4FF400615183C278002A39
:102F9000DFD0044A4FF480611183DEE7FEF748FD7D
:102FA00000080020001002400000000000000000A7
:102FB00030B50C4A0C4B116883B04FF400550191A9
:102FC0004FF480544FF400414FF480405D835C83A4
:102FD0005883598301991368994201D103B030BDD8
:102FE000FEF726FD0008002000100240000000004F
:102FF00030B50C4A0C4B116883B04FF40075019149
:103000004FF480744FF480614FF400605D835C8303
:103010005883598301991368994201D103B030BD97
:10302000FEF706FD0008002000100240000000002E
:1030300010B50B4C0B48236882B0992200210193F4
:1030400007F056FE019A23689A4206D105480021EE
:1030500002B0BDE8104007F033BFFEF7E9FC00BF47
:103060000008002058570020000000000000000069
:1030700010B50B4C0B48236882B0992200210193B4
:1030800007F036FE019A23689A4206D105480021CE
:1030900002B0BDE8104007F013BFFEF7C9FC00BF47
:1030A000000800207457002000000000000000000D
:1030B00000B5084B83B01A680192019A1B689A42C6
:1030C00006D10548002103B05DF804EB07F060BEAF
:1030D000FEF7AEFC0008002058570020000000005A
:1030E00000B5084B83B01A680192019A1B689A4296
:1030F00006D10548002103B05DF804EB07F048BE97
:10310000FEF796FC00080020745700200000000025
:1031100070B51A4C1A4E2378326882B0022B019295
:10312000A26811D165781748013505F0070500EB55
:103130008500904763686570013B6360019A33685E
:103140009A4219D102B070BD012B08D001993368A1
:10315000994211D10C4802B0BDE870401047657823
:103160000848013D05F0070500EB850090476368BE
:10317000657001336360E1E7FEF75AFC3418002004
:1031800000080020E0460108D046010800000000C9
:1031900070B51A4C1A4E2378326882B0012B019216
:1031A000A26811D165781748013505F0070500EBD5
:1031B000850090476368657001336360019A3368E6
:1031C0009A4219D102B070BD022B08D00199336820
:1031D000994211D10C4802B0BDE8704010476578A3
:1031E0000848013D05F0070500EB8500904763683E
:1031F0006570013B6360E1E7FEF71AFC18180020D8
:1032000000080020E0460108D04601080000000048
:1032100070B51D4E1D4A1E4B30681E491E4C9160F4
:1032200082B00021D46001901C4C1D481D4D9D6052
:10323000117051705160106154611B481B4A1C4D44
:10324000D8601C48197059705960C3E90425FFF70C
:103250001FFE1848FFF764FE1749204607F0B0FC30
:10326000204607F0E5FD2846144907F0A9FC019A1D
:1032700033689A4205D1284602B0BDE8704007F095
:10328000D7BDFEF7D5FB00BF000800203418002092
:1032900018180020912E00083130000858570020DF
:1032A000B1300008212F000871300008E13000081B
:1032B00074570020D0460108904601085046010886
:1032C00030B5204D85B02B68039340F24C439942B2
:1032D000044628DCA3F69803994212DB4B00002B2E
:1032E00081612BD10370036998474FF47A71039A77
:1032F0002B689A4220D1606905B0BDE8304007F0E4
:10330000AFBC8361104B02225B42227040F28922E3
:1033100093420E4991FBF3F189B208DC0191E36815
:1033200098470199E3E70122836102702D21019101
:10333000236998470199DAE7FEF77AFBE3DD01227A
:103340000270E3E70008002068F7FFFFA086010095
:1033500030B50E4C83B023680193054604F078FB2A
:10336000019A236840B99A420ED10948294603B010
:10337000BDE83040FFF7A4BF9A4205D1284603B00C
:10338000BDE8304004F07CBBFEF752FB0008002093
:1033900018180020000000000000000000000000DD
:1033A00030B50E4C83B023680193054604F050FB02
:1033B000019A236840B99A420ED10948294603B0C0
:1033C000BDE83040FFF77CBF9A4205D1284603B0E4
:1033D000BDE8304004F06CBBFEF72AFB000800207B
:1033E0003418002000000000000000000000000071
:1033F0000A490B4B09680B4A82B0202001914021F9
:1034000058834FF4806559834FF400644FF4804033
:1034100004215D835C8358835183FEE7000800200C
:10342000000C024000040240000000000000000008
:1034300030B5104C104B2268104983B001921869C6
:103440001A6909691B69019D2468C2F3C032C1F37E
:10345000001102EB4102C3F38033C0F3403003EBB1
:103460004203A54200EB430001D103B030BDFEF79B
:10347000DFFA00BF0008002000080240000C0240F4
:1034800070B51C4D1C4E2B6882B001930023336035
:103490004AB1023901EB420431F8020FA142034460
:1034A000FAD1B3FBF2F23260202484F3118805F0E4
:1034B000EFFC04F08DFC23461048114A114906F038
:1034C000E7FD04F015FD10488368002B0CDD04F0C7
:1034D0009FFC05F0F5FC002383F31188019A2B680B
:1034E0009A4204D102B070BD05F07AFDEFE7FEF715
:1034F0009FFA00BF00080020901800200C51002007
:1035000050180020204701084C080020000000004F
:1035100070B52DED068B374B374A9B69374C3849D0
:1035200010689961A2B005AD03AE0C232946009343
:10353000324623462190CDE905550AA80025CDE95C
:1035400007550995CDE9036604F0EAF90AA92D4A61
:103550002D482E4DDFED2EAA9FED2EAADFED2E9ADF
:103560009FED2E9ADFED2E8A9FED2E8A04F000FA51
:103570002D4806F005FE20232C4A2D492A4806F046
:10358000BFFD2C4805F0F4FC2B88238107EE903A10
:10359000F8EEE77A0C22C7EEAA6A18490AA836EEB6
:1035A000CA7AC4ED006A27EE297AC7EE097A77EE67
:1035B000A87AC4ED017A04F00BFA4FF4FA7005F022
:1035C000FFF81C4805F0D4FC2389D5ED007ADFED27
:1035D0001A6A07EE103AF8EE677AB8EE477A67EEA5
:1035E000887AE7EE267AFCEEE77A17EE903A9BB2FD
:1035F0002381CBE77849002000080020101B002021
:10360000004701080C4701081815002090180020F9
:10361000CDCC4C449A9959400000C842C8CC4C3F8C
:1036200000000000CDCC4C3E0C5100205018002072
:10363000204701084C080020CDCC4C3F0000000082
:1036400010B50C4C0C48236884B00021039306F09D
:10365000D7FC002300934022084B09484FF41E7109
:1036600005F056F8039A23689A4201D104B010BDC0
:10367000FEF7DEF9000800200C510020113500088B
:10368000981800200000000000000000000000006A
:1036900000B5084B08491A6891ED010A83B0019200
:1036A000019A1B689A4202D103B05DF804FBFEF751
:1036B000BFF900BF00080020101B00200000000020
:1036C00010B51E491E4A0B78106882B0013B01906C
:1036D000072B0AD8DFE803F012151C1F26290F0458
:1036E00018480824012304830B7001991368994238
:1036F00021D102B010BD08230B70F6E702230B7036
:10370000F3E711484FF48054032304830B70ECE774
:1037100004230B70E9E70C484FF48044052304832D
:103720000B70E2E706230B70DFE70648042407234B
:1037300004830B70D9E7FEF77BF900BFA01E0020C1
:1037400000080020001002400004024000000000B9
:1037500030B50C4B0C4918680C4A83B04FF48045C7
:1037600001904FF480504883042408204D835483F3
:103770005083019A1B689A4201D103B030BDFEF715
:1037800057F900BF0008002000040240001002406A
:103790002DE9F04F594D5A4AAB695A4E9A61A3B080
:1037A00003AB802205AC30680092CDE903331A46A2
:1037B000554B219021460AA8CDE905440024CDE9C6
:1037C000074409941C4604F0ABF80AA94F4A504834
:1037D000DFF860B104F0CCF804F11C08AB6993F891
:1037E000219019F004096FD14A4805F0C1FB4A4BFA
:1037F0004A4819691F681A6AA260C4E900711F6B00
:103800005969E7605F685A6AA261C4E904715F6B35
:10381000E7619F6B99699A6AE7629F6827626162B4
:10382000DF68D969A262DA6ADB6B61632763E363ED
:103830004946A263426A50F8043F9A4296BF9B1AD7
:10384000016403644045F5D1802221460AA804F0B2
:10385000BFF8DFF8E4C09CF80030002BBED0DFF8E2
:10386000DCA09AF80090B9F1000F34D0B9F1010F43
:10387000B4D12B4ADFF8C8E002F12009714652F8B2
:10388000040B51F8043F4A4503440B60F7D1254A25
:1038900013780133DBB2642B13709FD1224A234883
:1038A0005EF8043F8BFB0371DB17C3EB61137045BC
:1038B00042F8043BF4D100238CF80030AB6993F854
:1038C000219019F004098FD0219A33689A4213D1BC
:1038D00023B0BDE8F08F2022494613480DF018FAB6
:1038E0002022494612480DF013FA0E4A012382F8AD
:1038F00000908AF8003071E7FEF79AF878490020C6
:103900005047010800080020A41B00209047010830
:1039100018150020580800203C1B0020A01B002088
:10392000E41B00207D1B0020041C00209C1B0020A9
:10393000801B00201F85EB517C1B00207E1B00207C
:103940007C1B0020000000000000000000000000C0
:1039500070B502691E4D52882B6882B006460C462F
:103960001C480193920000210DF0D2F933695B8865
:103970005BB1184AA11E002331F8020F42F8040B74
:103980003069408801339842F6D8202383F31188A8
:1039900005F07EFA04F01CFA04F0AAFA0E488368D7
:1039A000002B0FDD04F034FA05F08AFA002383F3CC
:1039B0001188019A2B68094901209A42087004D1A4
:1039C00002B070BD05F00CFBECE7FEF731F800BF6C
:1039D000000800203C1B002058080020A01E0020EA
:1039E000F0B5294D294C2E78236885B0012E03931C
:1039F00005D0039A23689A4244D105B0F0BD01284E
:103A000007462CD00021284606F0FAFA284620491D
:103A1000204A334606F074FB1F49204807F0D0F8CF
:103A20004FF4967200211D4807F062F900211B48EF
:103A300007F046FA194807F0FBF94FF482720121AA
:103A4000164807F055F9002300931548154B4022FE
:103A50004FF41E7104F05CFE134B1860C9E70E4E64
:103A600041F66A0328460021736006F0C9FA284629
:103A70003B46084A064906F043FB3146074807F033
:103A80009FF8CDE7FDF7D4FF9C50002000080020F0
:103A9000604701081C1B0020640800203C570020E0
:103AA000281C002091370008A01B00200000000007
:103AB00030B50C4D0C4A2B680C4C83B0002101939F
:103AC000012311702370142004F07AFE2378002B58
:103AD000F9D1019A2B689A4201D103B030BDFDF7AC
:103AE000A7FF00BF000800207E1B00207C1B0020D9
:103AF00000B50A4B83B01A68019207289BBF084A99
:103B00001030002052F82000019A1B689A4202D11E
:103B100003B05DF804FBFDF78BFF00BF0008002039
:103B2000A41B0020000000000000000000000000B6
:103B30002DE9F04F884C894AA36989491268996137
:103B400085B0002332200392029304F039FEDFF89F
:103B50003082DFF830A2DFF81C92DFF80CB22025AB
:103B600085F3118805F064F904F0F2F8A66A04F010
:103B70000FF905F075F92368A34207D0A2699B6885
:103B800092689A4202D2774804F042F8002383F305
:103B9000118885F3118805F04BF904F0D9F898F8ED
:103BA0000030012B00F0A38004F0F2F805F058F982
:103BB0002368A34207D0A2699B6892689A4202D206
:103BC000684804F025F8002383F311889AF8003040
:103BD000012B06D1FEF76CFEFEF7C2FD002840F077
:103BE0008A8040F6FC72FF215F480DF091F85F4B30
:103BF0001B78012B77D04FF06533C9E90033C9F842
:103C000008305B4807F004FF574B5A4A58480C21CC
:103C100007F07EFF564807F03BFF00230293029B0C
:103C200042F20F72934206D800BF029B0133029307
:103C3000029B9342F8D99BF80000FEF7D1FB9AF85B
:103C40000030012B49D19BF80130B72B88D1FEF70A
:103C5000DFFB494E8308A6FB0323C3F3CF1700976E
:103C6000FEF7D6FB8308A6FB0323DB09C3EB832304
:103C7000A0EB83030193FEF743FC404B18603FB376
:103C800000273E463A4807F0C3FE3C4B38481A68C6
:103C9000354B3A4440F6FC7107F03AFF344807F0E0
:103CA000F7FE00230293062E029B48D943F6972283
:103CB000934206D800BF029B01330293029B9342BA
:103CC000F8D90136009AB3B29A4207F6FC77D9D8F0
:103CD000019B9BB9FEF7D4FD42E706F13201304665
:103CE00004F0AEFD3CE72348FEF7C2FF89E703205E
:103CF00004F0C6FA58E7FEF71BFE31E71C4807F050
:103D000087FE1E4B009A1E681948174B0199C2EB9B
:103D1000822206EB820207F0FBFE154807F0B8FE90
:103D200000230293029B43F697229342D2D800BF0E
:103D3000029B01330293029B9342F8D9CAE741F2F6
:103D400087329342BDD800BF029B01330293029B8E
:103D50009342F8D9B5E700BF784900200008002059
:103D6000C0470108A0470108AC1E0020A81E002083
:103D7000D45600202834002001020820A41E002070
:103D8000A82E0020A11E002000000000000000005E
:103D900010B50D4C0D4923680D4884B0039307F00E
:103DA000EFFD0023009340220A4B0B484FF4AF6114
:103DB00004F0AEFC039A236808499A42086001D1D6
:103DC00004B010BDFDF734FE00080020B047010824
:103DD000D4560020313B0008B02E0020AC2E00202D
:103DE00000B5084B08491A6883B001200192019A76
:103DF0001B6808709A4202D103B05DF804FBFDF71E
:103E000017FE00BF00080020A81E002000000000D0
:103E100000B5074B07491A68087883B00192019AE8
:103E20001B689A4202D103B05DF804FBFDF700FE67
:103E300000080020A81E0020000000000000000074
:103E400000B5084B83B01A680192019A1B689A4228
:103E500005D1054803B05DF804EB05F0E9B9FDF7BD
:103E6000E7FD00BF000800209808002000000000C7
:103E700000B5084B83B01A680192019A1B689A42F8
:103E800005D1054803B05DF804EB05F009BAFDF76C
:103E9000CFFD00BF000800209808002000000000AF
:103EA00070B50D4C82B0236801930D1E06460DDDE2
:103EB000284605F0C5FE18B90C2333604FF0FF30DB
:103EC000019A23689A4205D102B070BD034803F0FD
:103ED0009FFEEDE7FDF7ACFD00080020D04701088C
:103EE00000B5064B83B01A680192019A1B689A428A
:103EF00002D103B05DF804FBFDF79AFD0008002035
:103F000000B5074B83B01A680192019A1B689A4268
:103F100004D103B05DF804EB05F08AB9FDF788FD24
:103F20000008002000000000000000000000000069
:103F300000B5074B83B01A680192019A1B689A4238
:103F400004D103B05DF804EB05F0AAB9FDF770FDEC
:103F50000008002000000000000000000000000039
:103F600000B5074B83B01A680192019A1B689A4208
:103F700004D103B05DF804EB05F0BABAFDF758FDC3
:103F80000008002000000000000000000000000009
:103F900000B5074B83B01A680192019A1B689A42D8
:103FA00004D103B05DF804EB03F07AB8FDF740FDEF
:103FB00000080020000000000000000000000000D9
:103FC00010B50C4C82B02368019315290CD801223E
:103FD000094B8A4013403BB101740020019A2368C9
:103FE0009A4204D102B010BD6FF00700F6E7FDF76A
:103FF0001FFD00BF000800200B0030000000000083
:1040000000B5074B83B01A680192019A1B689A4267
:1040100004D103B05DF804EB02F00ABBFDF708FD24
:104020000008002000000000000000000000000068
:1040300010B5074B82B01C680194019C1B689C4220
:1040400004D102B0BDE8104002F0B2B9FDF7F0FCB7
:104050000008002000000000000000000000000038
:1040600010B5074B82B01C680194019C1B689C42F0
:1040700004D102B0BDE8104002F0B2BAFDF7D8FC9E
:104080000008002000000000000000000000000008
:104090002DE9F04182B002AB0024364D03F8054D06
:1040A00090462A6801920F461A460121064603F0FF
:1040B0001FFA0446E0B9B8F1010F9DF803301FD094
:1040C000042F53D8DFE807F0322D0328230003F034
:1040D000FB07BB420CD03A460121304603F0A8F959
:1040E000044628B986F830717169304602F0A0FAAA
:1040F000019A2B689A42204636D102B0BDE8F08181
:10410000042F33D8DFE807F02B26211C170003F01B
:104110007F07BB42DFD1EBE703F0BF07BB42DAD139
:10412000E6E703F0D707BB42D5D1E1E703F0EF079D
:10413000BB42D0D1DCE743F08007BB42CBD1D7E70D
:1041400043F04007BB42C6D1D2E743F00407BB426D
:10415000C1D1CDE743F02807BB42BCD1C8E743F04B
:104160001007BB42B7D1C3E7FDF762FC6FF0030451
:10417000BEE700BF000800200000000000000000B3
:1041800030B583B002AA114D002302F8053D0C465C
:104190002B680193012103F0ABF978B99DF8033046
:1041A000C3F30011C3F3C0022170A270C3F38001F6
:1041B000C3F38012DB096170E2702371019A2B68EE
:1041C0009A4201D103B030BDFDF732FC0008002057
:1041D00070B5134C84B00E46236803930DF10602AC
:1041E000F821054603F09CF928B1039A23689A4206
:1041F00013D104B070BD02AA0421284603F0A8F927
:104200000028F2D1BDF8062012B93368AB61ECE7A3
:10421000029BB3FBF2F33360F8E7FDF709FC00BF44
:104220000008002000000000000000000000000066
:1042300000B5084B027F18680A7083B00190019A9C
:104240001B689A4203D1002003B05DF804FBFDF720
:10425000EFFB00BF0008002000000000000000008D
:1042600070B5104C82B00E46236801930DF1020226
:104270002021054603F054F938B9BDF8023053B196
:10428000DB00012233602B622A77019A23689A426D
:1042900005D102B070BD2B6A33602877F5E7FDF7D2
:1042A000C7FB00BF00080020000000000000000065
:1042B000F0B5294F83B03B680193052947D80E46D6
:1042C0000446154662B100EB81020023526B0120C7
:1042D000711E04292FD8DFE801F0252213063100D2
:1042E00010460123F4E75B00FE226021204603F024
:1042F000CFF870B9344445B9284684F8285008E00E
:1043000084F82B003444002DF6D0012384F82830A3
:104310000020019A3B689A421CD103B0F0BD84F89A
:104320002A00EFE7C2F34F224421204603F098F819
:104330000028DFD0EDE784F82800E3E71B01EF2237
:104340006021204603F0A4F80028D3D0E1E76FF005
:104350000300DEE7FDF76CFB000800200000000012
:1043600010B50C4B82B01C68019405290AD8014491
:10437000002091F828101170019A1B689A4206D10A
:1043800002B010BD002111706FF00300F4E7FDF7DB
:104390004FFB00BF000800200000000000000000EC
:1043A000F0B543181C4E83B0044693F828003368D8
:1043B00001930D46174630B105292AD8DFE801F0F0
:1043C000141E1A1C0C0C04EB81046263019A3368FE
:1043D0009A421CD103B0F0BDC2F34F2264212046A3
:1043E00003F03EF808B1F1E7626304EB85040020B6
:1043F0006763EBE7E263F8E72264F6E7C2F34F2274
:104400004421204603F02CF80028EED0DEE7FDF72B
:104410000FFB6FF00300D9E7000800200000000048
:1044200070B5204C82B023680193054616460529D5
:1044300034D8DFE801F0030E0C1E2020436B3360FC
:104440000020019A23689A4226D102B070BDC36B46
:10445000F5E70DF10202442103F062F80028F0D1E3
:10446000BDF802305A028BB9AB6B336085F8290076
:10447000E7E7036CE3E70DF10202642103F050F873
:104480000028DED1BDF802305B02D8E7012332609C
:10449000AA6385F82930D4E7FDF7CAFA6FF0030064
:1044A000CFE700BF0008002000000000000000006F
:1044B00070B5104C82B00E46236801930DF10302D3
:1044C0000121054603F014F858B99DF8033085F82A
:1044D00030311B064BBF012303463370307085F823
:1044E0004C30019A23689A4201D102B070BDFDF7A9
:1044F0009FFA00BF0008002000000000000000003C
:104500002DE9F047DFF898A0027CDAF8003082B09D
:104510000F4601F8082B06460193FFF759FEA0BB92
:10452000387307F110013046FFF79AFE68BB07F1B8
:104530001401304600F0A4FD38BB044607F1240501
:1045400006F1280907F118082A46A1B23046FFF7FC
:1045500067FFD0B9013419F8013B08F8013B062C7C
:1045600005F10405F0D107F13C013046FFF7A0FF4B
:1045700058B9019ADAF800309A420ED1391D304606
:1045800002B0BDE8F04702F0CBB8019ADAF800308B
:104590009A4202D102B0BDE8F087FDF749FA00BFA8
:1045A00000080020000000000000000000000000E3
:1045B0002DE9F041614F92B005463B68119300220E
:1045C000882102F035FF4FF47A724FF4C8735C49CA
:1045D000A5F85221A5F854315A4AC5F858110023BC
:1045E000C5F8D42085F8F0302B62284601A9FFF7E2
:1045F00087FF044688B9ADF8040001AE0FCE05F17F
:10460000100CACE80F000FCEACE80F000FCEACE8FA
:104610000F0096E80F008CE80F004B4BC5F83431C3
:1046200001264FF420634FF4FA72A5F83C31A5F847
:1046300038218021324685F85061284602F0F8FE84
:1046400032468046FF21284602F0F2FE002248EA68
:10465000000011460443284602F0EAFE64B20DF160
:10466000030204439121284602F042FF64B29DF800
:10467000033085F83A31044332460021284602F0DF
:10468000D7FE64B200220443FF21284602F0D0FE88
:1046900064B2044300228021284602F0C9FE64B2BD
:1046A000204340B278B90146324628463446FFF7E7
:1046B000FFFD40B90122A1B228461444FFF7F8FDDE
:1046C000062CF6D130B1119A3B689A4233D112B020
:1046D000BDE8F0816885024604212846FFF7E8FD21
:1046E0000028F0D1024605212846FFF7E1FD002809
:1046F000E9D14FF490136B634FF4804201212846B7
:10470000FFF74EFE0028DED14FF40C13EB6395F853
:104710002B3003B10023FF222B6485F830210121C7
:10472000284602F085FE012385F832310028CAD1DF
:1047300085F81501C7E7FDF77BF900BF00080020E9
:10474000856B0100A4700900640084030000000070
:1047500010B5084B82B01C680194019C1B689C42F8
:1047600005D1012302B0BDE8104000F079BFFDF78C
:104770005FF900BF000800200000000000000000FA
:1047800030B5184C90F8DA30226883B0042B0192CF
:104790000D460DF1030211D0142102F0A9FE20B93B
:1047A0009DF80330DB0706D42870019A23689A42EB
:1047B00015D103B030BD01232B70F6E7132102F0B1
:1047C00097FE9DF8033013F0180F03F0070318BF8E
:1047D0006FF00500042BEED000232B70E5E7FDF70A
:1047E00027F900BF000800200000000000000000C2
:1047F0002DE9F047564F8EB03B680D930C460C23C5
:104800000AAA1421054602F0F3FD8646002840F06E
:104810008B809DF82EE09DF830C09DF82F209DF8EC
:1048200031109DF82A609DF82B30A07502EB0E2206
:1048300001EB0C2192B289B249025202C4E9032170
:1048400003EB0623C4E900009BB2A3829DF83280EB
:104850009DF83360B5F852E195F831C19DF8281004
:1048600006EB0826BEF57A7FB6B21FD006FB0EF621
:10487000DFF8E09095F81C80D5F820E006F5FA7690
:10488000A9FB0696B609B8F1000F0ED01FFA8EFEEE
:1048900003FB0EFE4FEA2E2E72454DD0B6B202FB40
:1048A00006F6A2EB0E0EB6FBFEF6B6B2BCF1000F9A
:1048B00047D0B001C0B2B608E0750DF10B002681FB
:1048C000CDE90040284602F083FA864660BB9DF899
:1048D0000B8084F8188005F150060FCE0DF10C0CFA
:1048E000ACE80F002389ADF8143096E8070063891F
:1048F000ADF81630E36894F817A0B4F81490069356
:104900002369646804948CE8070003AC8DF8248064
:104910008DF823A00793ADF820900FCC50350FC52C
:104920009CE8070086E807000D9A3B689A427046AB
:104930000CD10EB0BDE8F087BCF1000F03D148F6F2
:10494000E0260020B8E740F6AE06B5E7FDF770F8C0
:1049500000080020D34D621000000000000000009D
:104960002DE9F041134D144C296882B0164601918F
:104970000DF102020E211F46804602F0D1FDBDF866
:10498000023004EA4343336050B90DF1020240465D
:104990000C2102F0C5FDBDF8023004EA43443C603E
:1049A000019A2B689A4202D102B0BDE8F081FDF76E
:1049B0003FF800BF000800200000FE1F00000000BC
:1049C000F0B590F8DA30254C85B0013B22680392AF
:1049D000022B07D90025039A23689A4228463AD128
:1049E00005B0F0BD02AB0F4601AA01210646FFF754
:1049F000B7FF019BB3F57F0F05461FD9002DEAD104
:104A00001FBB0422FF21304602F012FD2A46074652
:104A10007021304602F00CFD2A460743FF21304644
:104A200002F006FD7FB22A46802147EA00053046A3
:104A300002F0FEFC6DB205436DB2CCE7029BB3F50C
:104A40007F0FC8D9002DDBD0C5E73046044901F0FF
:104A5000DFFE0546BFE7FCF7EBFF00BF00080020C4
:104A6000A00900200000000000000000000000007D
:104A7000F0B53F4F057C3B6883B00446012280219E
:104A8000019302F0D5FC0122FF21204602F0D0FC68
:104A900000221146204602F0CBFC94F83A219121E5
:104AA000204602F0C5FC01220021204602F0C0FC95
:104AB0000022FF21204602F0BBFC2046002280217C
:104AC00002F0B6FC012D37D017D3032D08D06FF0BC
:104AD0000706019A3B689A42304647D103B0F0BDC1
:104AE00068B304220021204602F0A2FC06460028FA
:104AF000EFD1042384F83231EBE701220021204674
:104B000002F096FC012306468DF803300028E0D120
:104B100005462DB301350DF103020021204602F0B8
:104B2000E7FC9DF80330DB0713D590B9B5F5FA6FB4
:104B3000EFD16FF00606CCE730B10222D2E70121B7
:104B40002046FFF73DFFCCE729462046FFF738FF18
:104B5000F3E7B5F5FA6F14BF06466FF00606B8E73F
:104B60009DF80330DA07B4D50225D4E7FCF760FFDF
:104B7000000800200000000000000000000000000D
:104B800030B5114C037C226883B0019283B905468D
:104B9000FFF76EFF30B9284600F0B2FF10B90323CB
:104BA00085F83231019A23689A420AD103B030BDA8
:104BB000019A23689A4204D103B0BDE8304000F066
:104BC0009FBFFCF735FF00BF000800200000000079
:104BD00030B51D4D83B000222B6801930446114669
:104BE00002F026FC0122FF21204602F021FC0022D7
:104BF0001146204602F01CFC00229121204602F0C2
:104C000017FC01220021204602F012FC204600225F
:104C1000FF2102F00DFC70B9019A2B6801469A42FF
:104C20004FF0030084F832010BD1204603B0BDE8F9
:104C30003040FFF7C5BE019A2B689A4201D103B0FC
:104C400030BDFCF7F5FE00BF0008002000000000AA
:104C5000F0B51A4F83B03B68019306460025012248
:104C60000B21304602F0E4FB002204460B213046C3
:104C700002F0DEFB0DF1030204431321304602F083
:104C800037FC9DF8033064B2204301355B0740B226
:104C9000EDB20CD0032D07D00028E0D0019A3B687C
:104CA0009A4209D103B0F0BD6FF00B00F6E7032D77
:104CB00008BF6FF00B00F1E7FCF7BAFE0008002018
:104CC00070B5124C82B000222368027405460E466D
:104CD0000193FFF755FF28B1019A23689A4212D138
:104CE00002B070BD31462846FFF782FD0028F3D19F
:104CF000019A23689A4206D10146284602B0BDE8CF
:104D00007040FFF7A5BFFCF793FE00BF000800202E
:104D1000F0B5574D83B02C680194152906463AD05A
:104D200014461F46042A00F2A080DFE802F0213278
:104D30002E30030004220A21304602F079FBF0B93C
:104D4000002F14BF10230023EF228421304602F0ED
:104D50009FFBA0B9019A2B6886F8DA409A4240F08E
:104D600082800146304603B0BDE8F040FFF770BFD7
:104D700000220A21304602F05BFB0028E0D0019AB5
:104D80002B689A426FD103B0F0BD0222D3E7032211
:104D9000D1E70122CFE70122FF2102F049FB0022E7
:104DA00011460446304602F043FB00220443FF2133
:104DB000304602F03DFB64B20122044380213046BC
:104DC00002F036FB64B2022204438521304602F031
:104DD0002FFB64B204220443FF21304602F028FB7B
:104DE00064B200220443CD21304602F021FB64B2BC
:104DF00011220443CC21304602F01AFB64B2072290
:104E00000443FF21304602F013FB64B20022044346
:104E1000BE21304602F00CFB64B206220443FF219F
:104E2000304602F005FB64B209220443CC2130462F
:104E300002F0FEFA64B200220443FF21304602F081
:104E4000F7FA64B201220443FF21304602F0F0FA7F
:104E500064B2002204431146304602F0E9FA64B21B
:104E6000204340B28BE7FCF7E3FD6FF00A0086E7D2
:104E7000000800200000000000000000000000000A
:104E8000F0B5704F97B004463B681593402200215F
:104E900005A80BF03DFF002320460121ADF80A30A4
:104EA0008DF807308DF80830039300F091FE94F8E8
:104EB0001421012A06D894F8131100F0B9800C29A6
:104EC00040F2B98002AA03A9204600F0F9FB05468A
:104ED000002D40F0A38094F85031002B00F0A58005
:104EE0005949204601F094FC0546002840F0968080
:104EF0002B46294604222046FFF70AFF05460028D4
:104F000040F08C800122FF21204602F091FA0DF141
:104F10000A0206468421204602F002FB2A46FF21AF
:104F200046EA0005204602F083FA6DB205436DB2F1
:104F3000002D73D1BDF80A301B01C4F8D43005A987
:104F40002046FFF7DDFA0546002867D10DF107027C
:104F50000921204602F0CCFA054600285ED105AEB4
:104F60000FCE9DF807C004F110050CF0010C84F879
:104F700031C10FC50FCE0FC50FCE0FC596E80F007C
:104F80008DF807C085E80F000DF1070201212046CA
:104F900002F0AEFA0546002840D19DF8073084F8AB
:104FA0003031024601462046FFF772F80546A8BB9D
:104FB000024602212046FFF76BF8054670BB03232B
:104FC000014684F832310DF10902204601F008FB58
:104FD000054618BB9DF8093084F8E8300DF1090248
:104FE0000121204601F0FCFA0546B8B99DF80930C8
:104FF00084F8E03004AA0321204601F0C9F80546F0
:1050000060B9049BC4F8E43004AA0421204601F0EE
:10501000BFF8054610B9049BC4F8DC30159A3B680C
:105020009A4228460CD117B0F0BDD4F84C1158E77D
:1050300020293FF647AF204600F042F9054647E7F2
:10504000FCF7F6FC00080020AC080020000000007F
:1050500010B5074B82B01C680194019C1B689C42F0
:1050600004D102B0BDE8104000F02ABBFCF7E0FC20
:105070000008002000000000000000000000000008
:1050800030B5134C83B00D46236801930DF1020235
:10509000282102F045FA50B9BDF80230C3F30B03E2
:1050A000B3F5006F09D2FA2202FB03F32B60019AD9
:1050B00023689A420AD103B030BDA3F58053C3EBF5
:1050C000431203EB82035B002B60F0E7FCF7B0FCBC
:1050D00000080020000000000000000000000000A8
:1050E000F0B5DFF860C083B0DCF800400194D70869
:1050F0004FF0FF348F421C6017D23C1902F00702B8
:1051000020443E4610F8015FBE4203BF1541EDB298
:105110001446002415F0010F0ED10134082C4FEA7B
:105120005505F7D10136B142ECD1019ADCF80030D7
:105130009A4205D103B0F0BD04EBC6041C60F4E74D
:10514000FCF776FC000800200000000000000000D2
:105150002DE9F04F87B0354CDDF84C802468129E65
:1051600005941F46149B01900296DDE9105B0093A5
:10517000B8F1000F33D08A46914600241AE003EBC1
:105180000B0292092A4951F82220003218BF01224D
:10519000524518D1DA08954207D9B85C03F00701E7
:1051A000012606FA01F10143B9540134A04503F187
:1051B000010614D002AB324629464846FFF790FF5D
:1051C000029B5A1CDBD1009B6FF031001E60174B15
:1051D000059A1B689A4227D107B0BDE8F08F009B63
:1051E00001981E603A460623B02102F0E1F800283B
:1051F000EDD1019803AA0623B02102F0F9F8002DA1
:10520000E5D09DF80C203B789A420AD13D4403AB8F
:105210000137AF42DBD017F8012B13F8011F914281
:10522000F7D06FF03100D2E7FCF702FC0008002055
:10523000580B0020000000000000000000000000EB
:10524000F0B51D4D90F830612B6889B00F46C02233
:1052500001210446079302F0EBF828B1079A2B6866
:105260009A4226D109B0F0BD69462046FFF728FDD5
:105270000028F3D10122FF21204602F0D9F80028AE
:10528000ECD13A46B621204602F04AF90028E5D191
:105290000246FF21204602F0CBF80028DED132463C
:1052A0000121204602F0C4F80028D7D184F83061EB
:1052B000D4E7FCF7BDFB00BF0008002000000000A1
:1052C000F0B52F4E89B00F4615463368079301227B
:1052D000FF21044602F0ACF8A8B30021C4F8241161
:1052E000A4F828116DB327488368012203B306A8E8
:1052F000B4220623CDE90032CDE90217049004F56B
:10530000927304F5957229462046FFF721FF30B9C4
:10531000012384F8137184F8145184F81531079A25
:1053200033689A422AD109B0F0BD2C290A46DED052
:1053300002F1B5039B09511C50F82330002BF4D027
:10534000D5E72946D3E702464F21204602F070F800
:105350000028C2D12C224E21204602F069F80246D4
:105360000028BAD1FF21204602F062F80028B4D10B
:10537000B422B621204602F05BF8AEE7FCF758FBFA
:1053800000080020580B0020000000000000000072
:1053900030B5164C83B041F001022368019300211F
:1053A000054602F045F8024630B10199236899425A
:1053B000104619D103B030BD284600F0A1FB0246CB
:1053C0000028F2D101462846FFF742FC0246002899
:1053D000EBD101992368994206D12846114603B0C2
:1053E000BDE8304002F024B8FCF722FB00080020A2
:1053F0002DE9F04F87B03F4F109C039400263C6886
:1054000002928A460122FF210546019305948DF8F8
:105410001360DDF844809DF848B09DF84C9002F090
:1054200007F8324604463146284602F001F8324673
:105430000443FF21284601F0FBFF64B2044364B239
:10544000BAF1000F27D0BBF1000F33D1B9F1000F33
:105450003AD10122FF21284601F0EAFF012204434C
:105460000021284601F0E4FF64B200220443FF213A
:10547000284601F0DDFF9DF81330059A23F0100354
:1054800088F800303B6864B220439A4240B22FD182
:1054900007B0BDE8F08FBBF1000F1ED1B9F1000FCE
:1054A000D7D0019B8022EE21284601F0F1FF044372
:1054B00064B2CEE7039ACB21284602F019F80443E0
:1054C00064B2B9F1000FC4D00DF11302EE212846E9
:1054D00002F00EF8044364B2BBE7029ACB212846DF
:1054E00001F0A6FF044364B2B9F1000FB1D0D8E7D0
:1054F000FCF79EFA000800200000000000000000F9
:105500002DE9F0472A4F86B03C68059400240546F3
:10551000884691468DF813401E469BB1012290F8B3
:1055200030A11146284601F083FF044698B10023BC
:1055300088F80030059A3B689A42204635D106B07B
:10554000BDE8F0870122114628469A4601F070FF17
:1055500004460028EBD140212846FFF719FF0446F6
:105560000028E4D1B9F1010F0ED088F80000002E18
:10557000E0D052460121284601F05AFF0446002897
:10558000D8D185F830A1D5E70DF11303CDE902900C
:10559000019302460346CDF8008049462846FFF7AE
:1055A00027FF0028E3D00446C4E7FCF741FA00BF18
:1055B00000080020000000000000000000000000C3
:1055C0002DE9F047254F86B03C680594054688468E
:1055D00091461E469BB190F830A102220121284637
:1055E00001F026FF044660B1002388F80030059AD8
:1055F0003B689A4220462ED106B0BDE8F0879A4615
:10560000EBE701462846FFF7C3FE04460028EBD12E
:10561000B9F1010F0ED088F80000002EE7D05246F5
:105620000121284601F004FF04460028DFD185F857
:1056300030A1DCE70DF11303CDE902090093024626
:105640000346CDF8048049462846FFF7D1FE0028DE
:10565000E3D00446CBE7FCF7EBF900BF00080020DD
:105660002DE9F041144C90F8307182B01E46236849
:1056700001939046002332460546FFF741FF30B1C3
:10568000019A23689A4214D102B0BDE8F081034622
:10569000324641462846FFF793FF0028F0D13A46AC
:1056A0000121284601F0C4FE0028E9D185F83071B7
:1056B000E6E7FCF7BDF900BF00080020000000008D
:1056C0002DE9F04FDFF8B0A2B0F83C71DAF80040F5
:1056D00095B00023CDE90912C0F82431A0F8283193
:1056E0000122FF2106461394CDE90F338DF838309F
:1056F0008DF8393001F09CFE054648B1139ADAF86E
:1057000000309A42284640F0318115B0BDE8F08F54
:1057100002464F21304601F08BFE05460028EDD1B0
:105720002C224E21304601F083FE05460028E5D1AB
:105730000246FF21304601F07BFE05460028DDD100
:10574000B422B621304601F073FE05460028D5D1BB
:1057500002468021304601F06BFE05460028CDD17F
:1057600003460DF139020EA93046FFF779FF0546D1
:105770000028C3D10DF1500B06F595734BF8140DAD
:105780000320039006F592780620B4240D93029529
:1057900029461A46CDE90004CDF810B043463046FC
:1057A000FFF7D6FC05460028A8D10DF13A01304696
:1057B0000F9CFFF745FD054600289FD1BDF83A3004
:1057C000BB4230D904F1B4039B096A4951F8232044
:1057D0000023C6F82431A6F82831002A40F0BF8003
:1057E0002B2C03D9BBE02C2A144607D004F1B503B7
:1057F0009B09621C51F82330002BF4D0B4210623FE
:105800004FF00309CDE90031CDE90229CDF810B000
:1058100043460D9A01213046FFF79AFC002800F01C
:105820008D8005466AE700220C9291460792BB42A2
:1058300066D2DB1B002BB8BF5B42B8F80420D8F857
:10584000000008930B959DF81C300D9DADF8482085
:1058500011900C934FF0030B224610AB0621284603
:10586000FFF73EFC109C631C10D004F1B403414AC6
:105870009B0952F82330079A003318BF0123934243
:1058800059D1E308052B0BF1010902D96FF031055D
:1058900034E718F8031004F00702012000FA02F2BE
:1058A0000A4308F80320B02106234246304601345B
:1058B00001F07EFD0028B4D10DF13A013046FFF72A
:1058C000BFFC0028ADD1BDF83A20D31B002BB8BFD8
:1058D0005B42BA4225D9089A0B9D934210D9062300
:1058E00011AAB021304601F063FDBDF848200346FF
:1058F0001198C6F82401D946A8F80420002B37D106
:10590000099A0A999DF83040C2F8009001230C7062
:1059100086F81531136886F813310B7886F8143140
:10592000ECE6D8F80000B8F8042011900893CB46B4
:10593000ADF8482090E70B9DD946E1E70DF13A011B
:1059400030460F9CFFF77CFC00287FF46AAFBDF85F
:105950003A30BB4205D901220C92079267E72246F2
:105960004CE701220C908146079260E7FCF760F853
:105970001D46C3E6580B0020000800200000000070
:1059800010B50E4982B00B680193013830F0FF0367
:1059900009D000234008013320F0FF029BB2002A07
:1059A000F8D11B029BB2019C0A681844944280B251
:1059B00001D102B010BDFCF73BF800BF0008002089
:1059C0002DE9F0434B4E85B0336803930329174606
:1059D000054657D0042940F0878001A9FEF7D0FB87
:1059E0009DF8070078BB80460DF101094A46012168
:1059F0002846FEF735FB0446E8B99DF801203E4BEA
:105A00003E4803FB02F303F5FA73A0FB0323DA0914
:105A10004FF47A709B0900FB0720B0FBF3F010EB0A
:105A200008005DD102467121284601F019FD0446A7
:105A300008B9C5F8DC70039A33689A42204656D1FB
:105A400005B0BDE8F0830DF101094A460021284662
:105A5000FEF706FB04460028EDD10DF102025121AC
:105A6000284601F05DFDBDF802305FFA83F81B0A9D
:105A700008FA03F808F101081FFA88F8044600281C
:105A8000B4D0D8E70DF101020021FEF7E9FA9DF844
:105A90000120194B044603FB02F3184803F5FA737F
:105AA000A0FB0323DA094FF47A709B0900FB07205F
:105AB000B0FBF3F080B280B9ADF80200A5F8D800D1
:105AC000002CB8D102465121284601F0C9FC0446F9
:105AD0000028B0D1C5F8E470ADE7FFF751FFEBE760
:105AE000FFF74EFF02469EE76FF00304A3E7FBF7C4
:105AF0009FFF00BF00080020002F3A00D34D621026
:105B0000F0B5134F83B002AE00223B6806F8052DB6
:105B1000054601934FF4FA6408E09DF80330012B29
:105B20000AD0013C0ED0284601F02AFD3146284615
:105B3000FEF726FE0028F0D0019A3B689A4204D175
:105B400003B0F0BD6FF00600F6E7FBF771FF00BF92
:105B5000000800200000000000000000000000001D
:105B6000F0B5174F83B03B680193002283210646AE
:105B700001F05EFC044680B94FF4FA6502E060B9BA
:105B8000013D17D00DF103028321304601F0B0FC36
:105B90009DF803300446002BF1D0012230468321CA
:105BA00001F046FC019A3B6820439A4240B204D17E
:105BB00003B0F0BD6FF00604EFE7FBF739FF00BF5D
:105BC00000080020000000000000000000000000AD
:105BD0002DE9F04FDFF8B48590F8F060D8F8003088
:105BE00091B04FF0000B072E0F93CDE906BB0AD101
:105BF0005C460F9AD8F800309A42204640F0C482A2
:105C000011B0BDE8F08F0F4601228021054601F05A
:105C10000FFC01228146FF21284601F009FC5A466B
:105C200049EA00095946284601F002FC4FFA89F971
:105C3000062249EA0009FF21284601F0F9FB4FFA44
:105C400089F949EA00090DF111028321284601F082
:105C50004FFC9DF811204FFA89F949EA000942F0FA
:105C600004028321284601F0E3FB4FFA89F9072259
:105C700049EA0009FF21284601F0DAFB4FFA89F9C9
:105C80000122812149EA0009284601F0D1FB4FFA9F
:105C900089F949EA0009284601F072FC4FFA89F9AE
:105CA00049EA000901228021284601F0C1FB4FFA90
:105CB00089F949EA000017F0010A44B213D0F3074A
:105CC00040F1FE8117F00203CDE901BB009310D132
:105CD00017F0040B00F0EA80700740F16B8100239D
:105CE00003939946E5E0CDE901AA17F0020300937A
:105CF000EED016F00209EBD102229421284601F0E1
:105D000097FB83462846FFF72BFF4BEA000004432E
:105D10000DF112029021284601F0EAFB64B27B22C9
:105D200094210443284601F083FB64B204432846CF
:105D3000FFF716FF64B20DF11302044390212846C9
:105D400001F0D6FB64B2772294210443284601F087
:105D50006FFB64B204432846FFF702FF64B20443BA
:105D600005AA9021284601F0F3FB059B64B2DA00F6
:105D7000C3F38641044302F07802C3F3C6204FEA1E
:105D8000536C8DF81120C3F3061378228DF8291077
:105D90008DF82A00942128468DF828C08DF82B30E4
:105DA00001F046FB64B204432846FFF7D9FE64B213
:105DB00005AA04439021284601F0CAFB059B9DF8E3
:105DC00011C0990101F0400164B2C3F3865204434B
:105DD0008DF81110C3F30620C3F3C6310CEB537CCE
:105DE0008DF82D20C3F3460379228DF82E108DF8FF
:105DF0002F00942128468DF82CC08DF8303001F00A
:105E000017FB64B204432846FFF7AAFE64B205AA52
:105E100004439021284601F09BFB059B9DF811202F
:105E200064B202EB9362C3F3C6414FEA830C0443AE
:105E3000C3F306300CF07C0CC3F346138DF831200D
:105E40008DF832107A2294218DF8330028468DF88F
:105E500011C08DF8343001F0EBFA64B204432846E7
:105E6000FFF77EFE64B205AA04439021284601F0A4
:105E70006FFB059B9DF811208DF83A9064B202EB00
:105E80009372C3F3C65EC3F3064CC3F346210443C7
:105E9000C3F3860364B28DF835208DF836E08DF8B3
:105EA00037C08DF838108DF8393011E7CDF80CB0C7
:105EB000D94600228121284601F0BAFA062204437D
:105EC000FF21284601F0B4FA64B20DF11102044337
:105ED0008321284601F00CFB9DF8112064B2044395
:105EE00002F0FB028321284601F0A2FA64B20122EB
:105EF0000443FF21284601F09BFA64B201220443C7
:105F00000021284601F094FA64B200220443FF21E4
:105F1000284601F08DFA64B204430022802128460D
:105F200001F086FA64B2044364B2002C7FF461AEDF
:105F3000BAF1000F14D0F10712D49DF8043085F89F
:105F400013319DF8083085F8143108A905F59572CC
:105F500005F5987C11F8013B02F8013B6245F9D147
:105F6000009B73B1B2070CD49DF812109DF813205A
:105F700085F8F11085F8F2200AA905F1F3000AF07E
:105F80005FFFBBF1000F11D073070FD4039B069A7C
:105F9000C5F818215B02C5F82031079BC5F81C31F4
:105FA000B9F1000F40F0E3804B46EB603E4385F8CB
:105FB000F0601EE67B229421284601F039FA8146E2
:105FC0002846FFF7CDFD49EA0000044306AA9021C8
:105FD000284601F0BDFA64B27C229421044328468D
:105FE00001F026FA64B204432846FFF7B9FD64B213
:105FF00007AA04439021284601F0AAFA64B273224A
:1060000094210443284601F013FA64B2044328465D
:10601000FFF7A6FD64B2044305AA9021284601F0CB
:1060200097FA059A64B21302942174220443284615
:106030001FFA83F901F0FCF964B204432846FFF724
:106040008FFD64B205AA04439021284601F080FA2E
:106050009DF8173064B243EA090375229421044382
:106060002846039301F0E4F964B204432846FFF79D
:1060700077FD64B205AA04439021284601F068FA2E
:10608000059A64B2942104434FEA022928467622F5
:1060900001F0CEF964B204432846FFF761FD64B213
:1060A00005AA04439021284601F052FA64B29DF8F3
:1060B00017201FFA89F9044364B242EA0909F8E695
:1060C0006B229421284601F0B3F981462846FFF758
:1060D00047FD49EA0000044305AA9021284601F043
:1060E00037FADDF814C064B2CCF3062324229421DD
:1060F000044301932846CCF3C033029301F098F98E
:1061000064B204432846FFF72BFD64B205AA04439A
:106110009021284601F01CFA059B8DF82330190EBA
:1061200064B24FEA134C25221B0A04438DF8201059
:10613000284694218DF822308DF821C001F078F99D
:1061400064B204432846FFF70BFD64B205AA04437A
:106150009021284601F0FCF9059B64B21A0E044315
:106160001B0C64B28DF824208DF82530BDE5A9F50F
:10617000C8534FF47A7909FB03F94FEA1919C9F1A9
:1061800000090FFA89F310E7FBF752FC0008002022
:106190002DE9F0435D4D87B000242B68059302295B
:1061A00016468DF80740ADF8084007460DD903297B
:1061B0004FD004292AD020463460059A2B689A4291
:1061C00040F0A18007B0BDE8F08321460DF1060242
:1061D000FDF746FF28B938460DF10702462101F0C8
:1061E00087F99DF806104A4B4A4A9DF8074003FB81
:1061F00001F303F5FA73A2FB03139B0904FB0333BA
:1062000003F5FA74A2FB0434A409D5E703A9FDF74A
:10621000B7FF9DF80F30002B48D00DF106094A4614
:1062200021463846FDF71CFF00284CD09DF806108B
:10623000374B384A03FB01F303F5FA73A2FB031350
:106240009B0904FB03F404F5FA74A2FB0434A409CB
:10625000B2E70DF106022146FDF702FF0028ABD19F
:1062600001460DF106023846FDF7FAFE20B9384620
:1062700002AA512101F054F9BDF808109DF80670EA
:10628000234C244ACBB204FB07F4090A8B4004F5E3
:10629000FA740133A2FB04149BB2A40904FB03F4B7
:1062A00004F5FA74A2FB0434A40985E798460DF1BD
:1062B00006094A4601213846FDF7D2FE98B1C8F1D9
:1062C0000004A4B2B2E702AA5121384601F028F92D
:1062D000BDF80830DCB21B0A9C4001341FFA84F878
:1062E0000028E6D0EBE738460DF10A02712101F0F3
:1062F00017F9BDF80A30DCB21B0A9C400134A4EB4C
:106300000804A4B292E7FBF793FB00BF000800204B
:10631000002F3A00D34D6210000000000000000082
:1063200070B51E4C82B023680193022907D9FFF78C
:1063300047FB019A23689A422DD102B070BD1546E1
:1063400000210DF103020646FDF78AFE0028F0D178
:106350009DF80310124B134A03FB01F303F5FA7384
:10636000A2FB0323DA094FF47A719B0901FB05258F
:10637000B5FBF3F5ABB2B3F5807F09D8013DEAB2C6
:1063800093B2A6F8D8303046462101F051F8D0E754
:10639000FF231A46F5E7FBF74BFB00BF0008002080
:1063A000002F3A00D34D62100000000000000000F2
:1063B0002DE9F041864E88B01746336807930022D6
:1063C00017F001088DF80F204BD1054661BBA7F1EE
:1063D0000C03062B45D80C2F46D00E2F50D0102F73
:1063E00050D0122F78D07B08013B05AA0321284604
:1063F000DCB2FFF7CDFE002846D085F8E87058B92A
:1064000069692846FDF7FCFD30B90246012328469C
:106410000DF10F01FFF7D4F8079A33689A4240F064
:10642000D58008B0BDE8F08101291AD1A7F1080292
:10643000062A16D8082F51D00A2F00F082800C2F80
:1064400000F0A0800E2F00F0AF807B08013B04AA73
:1064500004212846DCB2FFF79BFE80B385F8E0708C
:10646000CDE76FF00300D7E71822572100F0E0FFD7
:1064700008225621284600F0DBFF0028CCD1B2E7E5
:106480003022F2E74022F0E706AA02212846FFF771
:106490007FFE0028B1D122465021284600F0C8FFD7
:1064A0000028AAD1059A03212846FFF789FA002877
:1064B000A3D1069A02212846FFF732FF9DE7224624
:1064C0007021284600F0B4FF0028C7D1049A0421A7
:1064D0002846FFF775FAC1E75022C6E7019110225E
:1064E000482100F0A5FF3A464721284600F0A0FFCA
:1064F000022204463221284600F09AFF0C2204436F
:106500003021284600F094FF019B64B21A460443F0
:10651000FF21284600F08CFF64B230220443302172
:10652000284600F085FF64B204434246FF21284616
:1065300000F07EFF64B2204340B200287FF46CAFCD
:1065400083E701912822482100F072FF08224721A9
:10655000284600F06DFF032204463221284600F051
:1065600067FF092204433021284600F061FF019BA8
:1065700064B21A460443FF21284600F059FF64B272
:106580002022CBE701913822482100F051FF082258
:106590004721284600F04CFF0322044632212846BA
:1065A00000F046FF0822DDE748220191114600F085
:1065B0003FFF08224721284600F03AFF0322044605
:1065C0003221284600F034FF0722CBE7FBF730FAF0
:1065D0000008002000000000000000000000000093
:1065E00030B5124C83B0236801931546B1B101292F
:1065F00007D06FF00300019A23689A4214D103B0C8
:1066000030BD0DF10302702100F072FF0028F2D1BD
:106610009DF8033001335B002B70ECE70DF10302B2
:10662000502100F065FFF1E7FBF702FA00080020B7
:106630002DE9F041384D86B02B6805930E4644F69F
:106640001F634FF4FA6100229E42CDE901125BD92B
:1066500003A90746FDF794FD0446C0B99DF80C3028
:10666000A6F63638DBB99DF80D30C3B99DF80E306B
:10667000ABB99DF80F30A3BB9DF810303BB1A8F229
:10668000262204213846FFF79BF97E610446059ACD
:106690002B689A4220463DD106B0BDE8F08101AAA0
:1066A00002213846FFF774FD30BB9DF80C3033B142
:1066B000019B03F24E23984526D9A8EB03089DF8C9
:1066C0000E30DBB99DF80D30002BD2D0019B03F5C5
:1066D0002573984518D9A8EB03089DF80F30002BB7
:1066E000CAD002AA03213846FFF752FD029B03F5E8
:1066F0002573434508D250B10446C8E7019B03F215
:10670000B2235B009845E6D86FF00304BFE7A8EB1F
:106710000308B1E7FBF78CF9000800200000000037
:10672000F0B5374E87B00D4640F6363331680591E7
:106730002B604FF4FA62002303A9CDE90123074639
:10674000FDF71EFD0446E8B99DF80C300BBB9DF823
:106750000D30F3B99DF80E30DBB99DF80F3063B101
:1067600002AA03213846FFF713FD029A2B6802F5AF
:10677000257213442B60002835D19DF810302BBBB7
:106780002B687B61059A33689A42204635D107B061
:10679000F0BD01AA02213846FFF7FAFC18BB9DF8AC
:1067A0000C302BB1019A2B6802F24E2213442B605D
:1067B0009DF80E30CBB99DF80D30002BCDD0019A4D
:1067C0002B6802F5257213442B60C6E76A46042144
:1067D0003846FFF7DDFC009A2B6802F226221344AC
:1067E0002B600028CDD00446CCE7019A2B6802F23A
:1067F000B22203EB42032B60AFE7FBF719F900BFAE
:106800000008002000000000000000000000000060
:10681000F0B5324F0B783A6883B00192002B42D02A
:106820000D4606460024621CFF2B09D0042B0ED90E
:106830006FF00300019A3B689A424CD103B0F0BD5F
:10684000AB5C032BF4D8DFE803F03B302419A95CE0
:10685000541C68462A440DEB030E12F801CF00F8D1
:1068600001CB7045F9D11C446A46304600F0A0FDCA
:106870002B5D002BDED00028D5D0DBE7AB18587895
:10688000997801EB0021A6F83C11DB785BB104326A
:10689000CAE7AB185878997801EB0021A6F83811AF
:1068A000DB78002BF3D10020C4E7AB185878997837
:1068B00001EB0021A6F83611DB78002BE7D1F2E7D7
:1068C000AB185878997801EB0021A6F83411DB78E1
:1068D000002BDCD1E7E7FBF7ABF800BF0008002096
:1068E000F0B515460F4C83B0002223682A600F468E
:1068F0000DF1030101930646FDF79AFC48B99DF896
:10690000033033B1BA8A336A03FB02F380331B0AC4
:106910002B60019A23689A4201D103B0F0BDFBF7C6
:1069200087F800BF00080020000000000000000001
:10693000F0B5B0F85461D0F858514E4C05FB06F54F
:1069400083B08035206801902D0A05FB06F5DDE94E
:1069500008E7DDE90A605AB1890201EB5201B1FB97
:10696000F2F202EB420202FB02F202F50042120CCA
:1069700007F50041090CDFF80CC103310EFB03F3EE
:10698000ACFB01E1890803F50043C1EBC1011B0C1D
:10699000B1F5803F03FB03F362D2F91CACFB01713C
:1069A0008908C1EBC10101F50041090C01FB01F1AE
:1069B00003EB56030B44B3FBF6F39B032E4F7F33DD
:1069C0005B08A7FB03139B0903FB02F22B4902F5AB
:1069D000FA72A1FB02329209120102F5FA72A1FBCE
:1069E000023105F120078909BF094FF080439B0858
:1069F0009F42FCD3002B38D0002603EB060CBC458D
:106A00004FEA56069CBFA7EB0C07F6189B08F4D17B
:106A100049B11A4BA3FB023205EBD212B2FBF1F1E2
:106A2000B1F1804F1ED24FF080439B088B42FCD8BF
:106A30006BB10022D5188D424FEA52029CBF491B10
:106A4000D2189B08F6D1B242134628BF33460360E2
:106A5000019A23689A424FF0000008D103B0F0BDBC
:106A60000749A5E74FF08043E3E71E46D0E7FAF772
:106A7000DFFF00BF0008002009040281D34D62102F
:106A80000000F0FFABAAAAAA00000000000000006E
:106A90002DE9F04FC24F056A3E688FB0044604925C
:106AA0000CAA0B9505930D460D96D1E903B8FFF797
:106AB00017FF002840F064810C9E5E440BAA294613
:106AC0002046FFF70DFF002840F0538194F8E020A6
:106AD0004FF47A7E0EFB06F3082A03F5004314BF39
:106AE0004FF0030C4FF0020C190C079100F04A8193
:106AF000D4F8DC1094F8E8000691AA49DFF8BC92BB
:106B0000D4F8E4A001FB02F201FB00F101F5FA71F7
:106B1000A9FB010102F5FA72A9FB0202C80908905B
:106B2000D0090990089889090EFB0A00B0FBF1F121
:106B300006980891014609980EFB010E08999209E2
:106B4000BEFBF2F21144C9020CFB01F202F5FA722B
:106B5000A9FB0212920940F2776101FB02F202F5F1
:106B6000FA7206F18001A9FB02294FEA9919080A75
:106B700009FB00F04FF47A728030000A02FB08F83B
:106B8000894A079E18BF00EB40004FEA184814BF1F
:106B900080000C204FEA0848B8FBF6F8904528BF63
:106BA00090464FF4167C0CFB08F64FF0804292089A
:106BB0008242FCD84FF0000C0CEB020E86454FEAE7
:106BC0005C0C9CBFA0EB0E0094449208F4D10B988F
:106BD000DFF8E8E14FF47A7808FB00F0B0F5481FE1
:106BE00028BF4FF448101B0C40001B04C0F5FA707E
:106BF0001844AEFB008003F5FA7395F818802D89D0
:106C00008009AEFB03E300029B094FEA4C0CB0FB8A
:106C1000F3F3B8F1000F40F0BD806448DFF8A081C5
:106C200000FB05F5A8FB05051B02AD0AC3F5803383
:106C300005FB03F303F500431B0C03F580335B08EE
:106C400003FB03F39B0B4FF4487505FB03F505F5B8
:106C500000452D0C05FB05F006F500452D0C05FB48
:106C60000505B5F1804F4FF0804002D28008854283
:106C7000FCD302EB000EAE454FEA52029CBFA5EBDF
:106C80000E0512188008F4D1494D12043232A5FBCA
:106C9000025241F2883E40F6B538069D5209B2FBD9
:106CA000FCF2DFF820C108FB02E25544ACFB02C253
:106CB000DFF808A105F5FA75520BAAFB055AB2F5E3
:106CC000704F4FEADA1E28BF4FF470424FF08045F4
:106CD0000EF5C81E4FEA9A1ABEFBFAFEAD08AE4585
:106CE000FCD3BDB14FF0000C05EB0C08C6454FEAD4
:106CF0005C0C24BFAEEB080EAC44AD08F4D14FEAF7
:106D00000C25DFF8B8C005F5FA75ACFB05C5AD0973
:106D100005FB05F502FB0255B5F1804F4FF08042AF
:106D200003D292089542FCD392B100EB020CAC4521
:106D30004FEA50009CBFA5EB0C0580189208F4D1D7
:106D40001C4D4FF47A7202FB00F2AA4228BF2A4679
:106D500004984FF4487502600598039021F0FF01F4
:106D6000C4F840212046CDE901695A460095FFF755
:106D7000DFFD0D9A3B689A4210D10FB0BDE8F08F4D
:106D80005E469BE6049A0B4B1360C4F84031059BAA
:106D90001860EEE708484FF480335DE7FAF748FEE5
:106DA00000080020002F3A00666666009A990600E7
:106DB0001F85EB51AE878F0200C40900D34D6210CE
:106DC000517BC6375917B7D1000000000000000002
:106DD0002DE9F04F4FEAD10A8FB0DFF860821899A1
:106DE00002910AF00F074FF2A105FD400024D8F8E8
:106DF00000100D919B4605F0010304920393214678
:106E0000199B8DF81A400DF11A028DF81B408DF870
:106E10001C408DF81D40ADF81E400C9405460193B2
:106E2000FDF79EFA9DF81A608146002E55D0002885
:106E30003AD0264600244FF00009019B1B7813B975
:106E4000029A002353810DF11B0201212846FDF710
:106E500087FA00BB9DF81A309DF81C20002B08BF54
:106E60000126042F18BF9DF81B3085F82E601ABF2D
:106E7000B3FA83F35B09012385F82F309DF81D30A9
:106E8000002A08BF0124002B08BF4FF0010985F834
:106E9000304085F831900D9AD8F800309A4240F091
:106EA000C7800FB0BDE8F08F029C0CAB08AA21464A
:106EB0002846FFF7EDFD002840F08D800C9B638194
:106EC000494609AA2846FDF7ABFA099E814626B134
:106ED000089B9E422CBF00260126B9F1000FA9D1C4
:106EE00007AA02212846FDF73BFA9DF81C400346FD
:106EF000B4B1002840F0A0800AAA02212846FDF77C
:106F00008FFA0346002868D0BDF81E200A9C520262
:106F1000C5F84821002C8ED094422CBF00240124B7
:106F20000593002B87D10DF11D0203212846FDF7A3
:106F300017FA9DF81D900246B9F1000F13D0059B7A
:106F4000002877D1BBF1000F33D10BAA03212846CB
:106F5000FDF766FA0B9B02464BB35B4594BF4FF0BF
:106F600000094FF00109002A7FF467AF039B53BB70
:106F70007B1E022B17D9062F29D0092F27D00AF004
:106F80000D0ABAF1080F1AD0012C18D0042F46D0E0
:106F9000B9F1010F43D0012E45D0019A002313709F
:106FA000B14634464CE7019A052313704BE79946E6
:106FB000D9E7049B4FEA0329B9FBFBFBC5E7019A1C
:106FC000032313703FE7019AFF2313703BE7019AF5
:106FD0000423137037E74E462CE70122FF21284691
:106FE00000F026FA034600288ED10DF11E02B621CC
:106FF000284600F095FA0346002885D14A46FF212D
:10700000284600F015FABDF81E200A9C52020346DD
:10701000C5F84821002C7FF47FAF4C4680E7019AE9
:10702000022313700FE7019A012313704C460AE7FD
:10703000FAF7FEFC994600E74C46FCE60008002003
:107040002DE9F041134D82B02B680193884602214F
:1070500017460646FEF7BCFD044660B996F8F130C7
:1070600007F140007BB196F8F23088F8003006F165
:10707000F30109F0E5FE019A2B689A42204607D1F8
:1070800002B0BDE8F08188F8004087F84040F2E7A0
:10709000FAF7CEFC0008002000000000000000000D
:1070A000F0B52A4D83B00C462B6801930A460DF1CA
:1070B00003010646FFF7C4FF60BB9DF80330002BB9
:1070C00036D0222B2CD9262B38D9214F0FCF206038
:1070D00097F804C038686160A260E360206184F8BA
:1070E00014C01C4B03CB04F1600220626162304685
:1070F000C02100F0FDF968B90DF102023046C2214D
:1071000000F0F6F99DF8023001221B0984F8623084
:1071100084F86120019A2B689A4215D103B0F0BD22
:10712000202B0BD00C4B07CB20606160A260D8E70E
:107130000A4B07CB20606160A260D2E7084B07CB07
:1071400020606160A260CCE7FAF772FC00080020C2
:10715000044801081C480108EC470108E047010801
:10716000F8470108000000000000000000000000D7
:107170002DE9F043214E8FB05C1C8DF8141031685E
:107180000D9107465FFA84F90DF114083BB1D01850
:10719000444410F8015D04F8015D9042F9D1184DA6
:1071A0003224284603F06CFC4FF0000C029404AC2F
:1071B000CDE9004C4B4642467908284603F0F0FBE7
:1071C000044650B9284603F07BFC20460D9A3368EC
:1071D0009A4210D10FB0BDE8F0832B78052B05D073
:1071E000074803F06DFC6FF01300EFE7FBF780FC3E
:1071F000FBF75EFCF4E7FAF71BFC00BF0008002079
:10720000F853002000000000000000000000000013
:107210002DE9F0471B4E1C4D346886B0914605940D
:1072200006AC9A4604F8081D80463227284603F02B
:1072300027FCCDF804A02246CDF800904FEA580173
:1072400028460297012303F0ABFB58B904462846B1
:1072500003F036FC2046059A33689A4210D106B0F6
:10726000BDE8F0872B78052B05D0074803F028FCF4
:107270006FF01300EFE7FBF73BFCFBF719FCF4E7BB
:10728000FAF7D6FB00080020F853002000000000A9
:1072900010B5094C84B023688DF8072003930DF1D5
:1072A00007020123FFF764FF039A23689A4201D182
:1072B00004B010BDFAF7BCFB00080020000000007D
:1072C00010B582B002AB140A03F8084D084C8DF8D3
:1072D00001201A46236801930223FFF749FF019A10
:1072E00023689A4201D102B010BDFAF7A1FB00BF9A
:1072F0000008002000000000000000000000000066
:1073000010B5084B82B01C680194019C1B689C421C
:1073100005D1012302B0BDE81040FFF779BFFAF7AD
:1073200087FB00BF000800200000000000000000F4
:1073300030B50A4C83B023680193154602236A4690
:10734000FFF766FFBDF80030019A5BBA2B80236817
:107350009A4201D103B030BDFAF76AFB0008002061
:1073600070B50F4C82B023680193154604236A461A
:10737000FFF74EFFBDF800309DF802109DF8032086
:10738000019E5BBA9BB241EA032342EA03232B60CE
:1073900023689E4201D102B070BDFAF749FB00BFDD
:1073A00000080020000000000000000000000000B5
:1073B00030B50D4C90F8BF01256883B03F2B019587
:1073C00094BF00256FF00305FFF7D2FE019A2368F2
:1073D00000280CBF28466FF013009A4201D103B079
:1073E00030BDFAF725FB00BF0008002000000000B8
:1073F00030B50D4C90F8BF01256883B03F2B019547
:1074000094BF00256FF00305FFF702FF019A236880
:1074100000280CBF28466FF013009A4201D103B038
:1074200030BDFAF705FB00BF000800200000000097
:1074300010B50A4C90F8BF01236882B00193FFF7A2
:1074400027FF019A2368002814BF6FF01300002063
:107450009A4201D102B010BDFAF7EAFA0008002002
:1074600010B50A4C90F8BF01236882B00193FFF772
:1074700027FF019A2368002814BF6FF01300002033
:107480009A4201D102B010BDFAF7D2FA00080020EA
:107490002DE9F041134E90F8BF7182B01546326865
:1074A000019238460DF103021C468846FFF728FF7B
:1074B00090B99DF803302B402343414638461A4685
:1074C0008DF80330FFF7E4FE30B9019A33689A4231
:1074D00005D102B0BDE8F0816FF01300F5E7FAF7CF
:1074E000A7FA00BF00080020000000000000000014
:1074F00010B50A4C90F8BF01236882B00193FFF7E2
:10750000FFFE019A2368002814BF6FF013000020CB
:107510009A4201D102B010BDFAF78AFA00080020A1
:1075200010B50A4C90F8BF01236882B00193FFF7B1
:10753000FFFE019A2368002814BF6FF0130000209B
:107540009A4201D102B010BDFAF772FA0008002089
:1075500010B50A4C90F8BF01236882B00193FFF781
:10756000FFFE019A2368002814BF6FF0130000206B
:107570009A4201D102B010BDFAF75AFA0008002071
:1075800000B50D4A83B01168019100230093009B60
:10759000F92B06D800BF009B01330093009BF92B09
:1075A000F8D90199136899424FF0000002D103B055
:1075B0005DF804FBFAF73CFA000800200000000028
:1075C00030B5164C85B0236803930546FCF7F0FFF1
:1075D00028B1039A23689A421DD105B030BD05F544
:1075E000AE712846FCF7D4FC0028F2D12846FDF7FE
:1075F00047FC0028EDD10DF1050202A92846FDF750
:1076000027FD0028E5D128460DF107020DF10601FE
:10761000FDF79EF8DDE7FAF70BFA00BF000800203F
:1076200070B5554D82B00C462B68019301220021A4
:107630000646FCF73DFE002871D0032C03D8DFE896
:1076400004F00451250B6FF00300019A2B689A4255
:1076500040F08F8002B070BD0028F6D14FF4804218
:1076600001213046FCF79CFE0028EED101464FF484
:1076700000123046FCF794FE0028E6D1019A2B68F0
:107680009A4276D1304647F2305143E00028DCD1AF
:1076900041F6991201213046FCF782FE0028D4D130
:1076A00001464FF470123046FCF77AFE0028CCD128
:1076B00048F2E8013046FCF7A3FC0028C5D101469A
:1076C00012223046FCF7B4FC0028BED1019A2B6888
:1076D0009A424ED130460E22012102B0BDE87040E0
:1076E000FCF7A6BC0028B0D14FF4804201213046FF
:1076F000FCF756FE0028A8D101464FF49012304600
:10770000FCF74EFE0028A0D1019A2B689A4230D196
:107710001A49304602B0BDE87040FCF771BC012246
:1077200011463046FCF7C4FD032C8CD801A353F856
:1077300024F000BF45770008E57600088D76000844
:1077400059760008002880D1012203213046FCF739
:10775000AFFD00287FF479AF019A2B689A4208D1D7
:10776000304640F6D402032102B0BDE87040FCF779
:1077700017BEFAF75DF900BF00080020400D0300B6
:1077800030B50C4C83B0236801930546FCF718FC18
:10779000019A236818B19A4209D103B030BD9A42C8
:1077A00005D1284603B0BDE83040FDF761B9FAF7CE
:1077B0003FF900BF000800200000000000000000AA
:1077C0002DE9F043224C234FA369234E234A9A61AB
:1077D00083B03B6801933046522386F8BF31FFF7F0
:1077E000EFFE50B902213046FFF71AFF1C4D012170
:1077F0003046FFF7C5FF01232B70A36993F82130B2
:107800005A0719D4164DDFF85C90DFF85C8007E06A
:10781000642000F0D5FFA36993F821305B070BD4F7
:107820002B78002BF4D049460B48FCF7E1FFB6F863
:107830005830A8F80030EBE7019A3B689A4205D12E
:10784000054803B0BDE8F043FDF7C2B9FAF7F0F818
:107850007849002000080020284400203048010812
:107860002444002078440020EC4500200000000063
:1078700030B50D4B0D4C1D78236885B003935DB971
:10788000FBF716F90A4B00950A484A224FF45E713D
:1078900000F03EFF084B1860039A23689A4201D11A
:1078A00005B030BDFAF7C4F82444002000080020D9
:1078B000C1770008F0450020E845002000000000E6
:1078C00000B5074B07491A68088883B00192019AEE
:1078D0001B689A4202D103B05DF804FBFAF7A8F8DE
:1078E00000080020EC45002000000000000000001F
:1078F00010B5084B82B01C68019400240460019C00
:107900001B689C42C0E9011201D102B010BDFAF718
:107910008FF800BF000800200000000000000000F9
:107920002DE9F0430E4D83B02C680194044699462E
:107930000F46164610304C220021DDF8288009F051
:10794000E7F9C4F80090019A2B68E6609A42C4E90E
:10795000018702D103B0BDE8F083FAF769F800BFF0
:1079600000080020000000000000000000000000EF
:10797000F0B5144E83B001F110031746326801923E
:107980000446412218460D46002109F0C1F9394646
:10799000402209F0B5FA6068FCF7B2FA236803B137
:1079A000AB652560A068FCF7DBFA019A33689A4260
:1079B00005D1606803B0BDE8F040FCF7B9BAFAF74A
:1079C00037F800BF000800200000000000000000A1
:1079D000F0B51C4E436883B0054693423068019071
:1079E00006D20020019A33689A4229D103B0F0BD33
:1079F00014460F46A868FCF783FA224639462868E1
:107A0000F9F706FA012385F85130E868FCF7A8FA7F
:107A10006C6D84B123681868FCF772FA23689D6066
:107A200023685868FCF79CFA23681868FCF780FA0A
:107A30006468002CEED1A868FCF77AFA0120D1E73F
:107A4000F9F7F6FF00080020000000000000000029
:107A500000B5074B07491A68087883B00192019A6C
:107A60001B689A4202D103B05DF804FBF9F7E0FF0E
:107A7000000800206849002000000000000000000D
:107A800000B5074B07491A68086083B00192019A54
:107A90001B689A4202D103B05DF804FBF9F7C8FFF6
:107AA000000800206C4900200000000000000000D9
:107AB00000B5074B07491A68086083B00192019A24
:107AC0001B689A4202D103B05DF804FBF9F7B0FFDE
:107AD00000080020704900200000000000000000A5
:107AE00000B5064B83B01A680192019A1B689A424E
:107AF00002D103B05DF804FBF9F79AFF00080020FB
:107B0000024B82B01B680193FEE700BF0008002013
:107B100000B5044B04481B6883B0019300F078F86B
:107B2000FEE700BF000800204048010800000000F8
:107B3000024B82B01B680193FEE700BF00080020E3
:107B4000F0B5294E294B3268294885B000240392AC
:107B50009C60D968274A4FF6FF0529400A43DA603E
:107B6000C2682549254D42F08072C2600A6842F021
:107B700001020A6010202022D87783F8222000F02A
:107B8000DFFA00F045FA01F0A3F802F031F802F054
:107B90009FF801F0F5F800F0FBF9402105F5886049
:107BA00000F01EFD0127164BC36180F82070A8610C
:107BB00000F0A6F884F3118862B6AB69114A9A61A5
:107BC0004FF4C4713A46104B009405F59D6000F0E7
:107BD0009FFD039A33680D4981619A4201D105B036
:107BE000F0BDF9F725FF00BF0008002000ED00E020
:107BF000F0ED00E00003FA05001000E078490020F5
:107C000000040020F0490108317B000860480108A9
:107C100000B5054B83B01B680193044672B6FBF7B1
:107C2000E7FB024BDC62FEE70008002078490020F9
:107C30002DE9F047DFF890A0224DDAF8003082B04D
:107C4000019300F055F9AB6993F8232012B1013A82
:107C500083F823205A6ADFF8748001325A6200F0F8
:107C600047F9AB6AEA6901334245AB6220D09368B9
:107C7000013B9360EC69A668D6B94FF020092368F0
:107C8000E768E660C3F804802368EB6100F0C0F8A1
:107C900001F016F986F311882069B84789F3118835
:107CA00001F0F6F800F094F8EC69A368002BE6D038
:107CB000019ADAF800309A4202D102B0BDE8F087AA
:107CC000F9F7B6FE7849002000080020944900200A
:107CD00010B5094C094A236882B001935168536872
:107CE0005B1A9842FBD8019A23689A4201D102B0EC
:107CF00010BDF9F79DFE00BF00080020001000E055
:107D000000B50E4A0E4B116B186883B0019009B98B
:107D1000526B4AB1019A1B689A420CD1094803B0D0
:107D20005DF804EBFFF774BF019A1B689A4202D119
:107D300003B05DF804FBF9F77BFE00BF7849002033
:107D4000000800207048010800000000000000004A
:107D500030B50B4C0B4D236B2A6883B001920BB9E5
:107D6000636B13B10848FFF753FF019A2B68012199
:107D70009A42616301D103B030BDF9F759FE00BFEB
:107D80007849002000080020A048010800000000F9
:107D900030B50C4C0C4D236B2A6883B0019253B95B
:107DA000636B002B07DD019A2B6800219A42616307
:107DB00005D103B030BD0548FFF72AFFF3E7F9F717
:107DC00037FE00BF7849002000080020C0480108A5
:107DD00030B50B4C0B4D236B2A6883B0002B0192FE
:107DE00001DD636B13B10848FFF712FF019A2B689E
:107DF00001219A42616301D103B030BDF9F718FE49
:107E00007849002000080020B04801080000000068
:107E100030B50C4C0C4D236B2A6883B0002B0192BB
:107E20000ADD636B002B07DD019A2B6800219A4263
:107E3000616305D103B030BD0448FFF7E9FEF3E705
:107E4000F9F7F6FD7849002000080020D048010825
:107E500030B50F4D83B02B680193202383F3118835
:107E60000C4C236B002B01DB626B1AB10A48FFF745
:107E7000CFFE236B01332363002383F31188019A20
:107E80002B689A4201D103B030BDF9F7D1FD00BF94
:107E90000008002078490020804801080000000008
:107EA00030B50F4D83B02B680193202383F31188E5
:107EB0000C4C236B002B01DD626B1AB10A48FFF7F3
:107EC000A7FE236B013B2363002383F31188019AF0
:107ED0002B689A4201D103B030BDF9F7A9FD00BF6C
:107EE00000080020784900209048010800000000A8
:107EF00000B50F4A0F4B116B186883B00029019031
:107F000009DB526B002A06DD019A1B689A420CD1EC
:107F100003B05DF804FB019A1B689A4205D106483C
:107F200003B05DF804EBFFF773BEF9F781FD00BF06
:107F30007849002000080020E04801080000000007
:107F400000B50E4A0E4B116B186883B0019049B909
:107F5000526B002A06DD019A1B689A420CD103B0CD
:107F60005DF804FB019A1B689A4205D1054803B0ED
:107F70005DF804EBFFF74CBEF9F75AFD7849002095
:107F800000080020F0480108000000000000000088
:107F900010B5084A084B116882B04024019101993C
:107FA000126818199142C3E90E4001D102B010BD08
:107FB000F9F73EFD0008002078490020000000008D
:107FC00010B51149114B0A6882B00192DA6B9C6AB4
:107FD0001460DA6B9C695460DA6B846A9460DA6BC3
:107FE00090F820001073DA6B03F58860103282423B
:107FF00028BF03F14002DA63019A0B689A4201D16B
:1080000002B010BDF9F714FD0008002078490020E7
:1080100010B50B4A0B4B116882B04FF0FF34019141
:1080200000219962019811685C6203F11C02884288
:10803000C3E9072201D102B010BDF9F7F9FC00BF76
:108040000008002078490020000000000000000027
:108050002DE9F041184E82B00546306801900C467B
:1080600017469846FFF744FF05B3FFB1F4B1C5E9E1
:1080700003781248C3699A68944204D91B68A41A09
:108080009A68A242FAD32B605A686A6015605D60F4
:10809000AC609968019D3268091B95424FF0FF342E
:1080A0009960446206D102B0BDE8F0810448FFF750
:1080B000AFFDDCE7F9F7BCFC0008002078490020A0
:1080C000004901080000000000000000000000005E
:1080D00030B5164D83B004462B680193FFF708FFB7
:1080E000ECB1E368BBB12268A068936801990344CE
:1080F0009360D4E900231A6020682B680C4A6568F5
:10810000456099424FF000054FF0FF30E560506246
:1081100009D103B030BD0748FFF77AFDE3E7054812
:10812000FFF776FDDDE7F9F783FC00BF00080020CC
:1081300078490020104901080000000000000000FC
:1081400000B50A4A0A4B11681B6083B000200191F8
:10815000019912685B609142C3E90433986002D1CF
:1081600003B05DF804FBF9F763FC00BF00080020D2
:10817000784900200000000000000000000000001E
:1081800030B5164D83B004462B680193FFF7B0FE5F
:10819000ECB194F82030B3B10F2B14D00022A168B9
:1081A0000F4B84F820201B689A688A42FBD2236018
:1081B0005A686260146001992A685C6091422046A6
:1081C00009D103B030BD0748FFF722FDE6E70548B7
:1081D000FFF71EFDDDE7F9F72BFC00BF00080020CC
:1081E000784900202049010800000000000000003C
:1081F00070B5204D82B02B6801930446202383F391
:10820000118800F045FEFFF7E3FD94F82030072BBE
:1082100011D8DFE803F0161010230A04100AA66A2A
:10822000FFF766FEB3680133B360D4E900231A6038
:10823000D4E900325A604FF0FF33A3622046FFF7C3
:108240009FFFFFF7E5FD00F03BFE002383F311885D
:10825000019A2B689A420BD102B070BDA36A00222A
:108260001A604FF0FF33A3622046FFF789FFE8E76B
:10827000F9F7DEFB0008002000000000000000000D
:10828000F0B5194E194C336883B007460193FFF7D8
:1082900057FEA569236885F82070142285F82320ED
:1082A0001A68226001215460284683F82010A361D7
:1082B000FFF786FE2946A06900F09AFDEFF30983D7
:1082C000EA69643B9A4202D90948FFF7A1FC019A86
:1082D00033689A4206D1A069294603B0BDE8F04050
:1082E000F7F7E6BFF9F7A4FB000800207849002063
:1082F00030490108000000000000000000000000FC
:10830000F0B5154C87B0236805930E460746FFF776
:1083100017FE731C18D0114D114AAB6931466846DF
:10832000FFF796FE3846FFF7ABFFFFF7E1FD039B33
:1083300013B16846FFF7CCFE059A2368A9699A42F3
:10834000886A06D107B0F0BD3846FFF799FF034DA4
:10835000F2E7F9F76DFB00BF000800207849002024
:10836000F181000800000000000000000000000093
:10837000F0B51E4D1E4E2B6883B0044601930F4688
:10838000FFF7DEFDB069A7628368A2689A421DD933
:10839000FFF7F6FE0123074684F82030B461FFF7AB
:1083A0000FFE3946204600F023FDEFF30983FA69FA
:1083B000643B9A4214D8019A2B689A4214D13946E8
:1083C000204603B0BDE8F040F7F772BF019A2B6872
:1083D0009A4209D1204603B0BDE8F040FFF7D0BE75
:1083E0000448FFF715FCE6E7F9F722FB0008002038
:1083F000784900203049010800000000000000001A
:1084000010B50E490E4B8A69086892F823101C6853
:108410008068926882B0019449B9904234BF0020CC
:108420000120019A1B689A4206D102B010BD904209
:1084300094BF00200120F4E7F9F7FAFA7849002008
:108440000008002000000000000000000000000004
:1084500070B5184C184E2368A5691A6822605460DC
:10846000012283F8202082B01422316885F823206D
:108470002846A3610191FFF783FE2846FFF7A0FD80
:108480002946A06900F0B4FCEFF30983EA69643B74
:108490009A4202D90948FFF7BBFB019A33689A4216
:1084A00006D1A069294602B0BDE87040F7F700BFC9
:1084B000F9F7BEFA78490020000800203049010889
:1084C00070B51C4D1C4E2A68AC6913682B600121E5
:1084D00082B05D60002082F82010AA613268A16835
:1084E00084F82000019200E01B689A688A42FBD859
:1084F00023605A686260204614605C60FFF760FD8C
:108500002146A86900F074FCEFF30983E269643B3B
:108510009A4202D90948FFF77BFB019A33689A42D5
:1085200006D1A869214602B0BDE87040F7F7C0BE89
:10853000F9F77EFA78490020000800203049010848
:1085400010B50F4C82B023680193FFF7F9FCFFF7D9
:10855000CFFC0C4B1A689B6992689B689A42019AFF
:10856000236803D89A4208D102B010BD9A4204D1C0
:1085700002B0BDE81040FFF7A3BFF9F759FA00BFFA
:1085800000080020784900200000000000000000E2
:1085900000B50E4A0E4B9269196892F8232083B0F9
:1085A000019142B1019A1B689A420DD103B05DF866
:1085B00004EBFFF785BF019A1B689A4204D103B010
:1085C0005DF804EBFFF744BFF9F732FA7849002071
:1085D0000008002000000000000000000000000073
:1085E000F0B51A4A1A4D02610446816083B0142323
:1085F00050692E68616484F823300227002301212A
:10860000278484F82210C4E90F3304F16801A361C0
:10861000019604F12C07636204F1500604F1300363
:1086200060610461C4E90C33E1613046E762546182
:1086300000F0E6FA304600F003FB019A2B689A42FC
:1086400002D1204603B0F0BDF9F7F2F978490020D5
:1086500000080020000000000000000000000000F2
:1086600010B5094B82B01C680194884203D200F80F
:10867000012B8142FBD1019A1B689A4201D102B0C1
:1086800010BDF9F7D5F900BF000800200000000078
:108690002DE9F043184E83B0346801940546DDF8A7
:1086A00028900C4617469846FFF722FC15B1B4F502
:1086B000BC7F19D21148FFF7ABFAA4F16401294439
:1086C000E960C1F84080EB68019AC3F844903368D0
:1086D000E9680B4808669A420CD13946284603B02F
:1086E000BDE8F043FFF77CBF7F2FE3D8B8F1000F60
:1086F000E3D1DFE7F9F79CF9000800208049010881
:10870000C902000800000000000000000000000096
:108710002DE9F04FDFF8A48087B0D8F80040DDF8ED
:108720004090059407468A46934600F16806044641
:10873000FF2504F8015BA642FBD107EB0A05A54221
:1087400004D9552604F8016BA542FBD103932022DE
:1087500082F3118800F06CFBFFF7FAFA039BCDF867
:1087600000905A4651463846FFF792FF00210446D2
:10877000FFF7FEFDFFF70CFB00F072FB0D4B1A68D4
:108780009A4204D0996993688A689A420BD300236D
:1087900083F31188059AD8F800309A42204606D112
:1087A00007B0BDE8F08F0448FFF732FAEFE7F9F7BA
:1087B0003FF900BF78490020404901080008002027
:1087C00030B5184C83B0236801930546202383F30A
:1087D000118800F02DFBFFF7BBFA15B91248FFF71F
:1087E00017FA29460820FFF78BFDFFF7D1FA00F0B2
:1087F00037FB0E4B1A689A4204D0996993688A68CD
:108800009A4208D3002383F31188019A23689A427D
:1088100005D103B030BD0648FFF7FAF9F2E7F9F7E2
:1088200007F900BF000800205049010878490020DE
:1088300040490108000000000000000000000000A6
:10884000F0B51C4F83B03B68019304460E462023CD
:1088500083F31188184D00F0EBFAFFF779FAA96A53
:10886000331B0C1B9C4219D3FFF792FA00F0F8FA65
:108870002B68AB4204D0AA699B6892689A4209D3DC
:10888000002383F31188019A3B689A4230460FD146
:1088900003B0F0BD0948FFF7BBF9F1E7741A02D144
:1088A0000748FFF7B5F921460820FFF729FDDBE768
:1088B000F9F7BEF800080020784900204049010877
:1088C0005049010800000000000000000000000006
:1088D00070B5164B164E9C693268E36AA06282B08E
:1088E00004F12C05AB42019207D01A68E2621846E7
:1088F000FFF746FCE36AAB42F7D194F821309B07BF
:1089000005D1D4E904231A61D4E904325A610F2055
:10891000FFF7B6FC019A33689A4205D1054802B0C8
:10892000BDE87040FFF774B9F9F782F87849002084
:10893000000800209049010800000000000000002D
:1089400030B50C4C83B0236801930546202383F394
:10895000118800F06DFAFFF7FBF9019A23689A423B
:1089600005D1284603B0BDE83040FFF7B1BFF9F7A5
:108970005FF800BF000800200000000000000000B9
:10898000F0B50D4D0D4E03682A68B76983B00446F3
:10899000019213B10A48FFF73BF927600320BC623C
:1089A000FFF76EFC019A2B68B1699A42886A01D17F
:1089B00003B0F0BDF9F73CF800080020784900202A
:1089C000A0490108000000000000000000000000B5
:1089D000F0B5124D0368124A83B00446286801902E
:1089E0000E46976913B10F48FFF712F966B1276079
:1089F000019A2B68BC629A420ED13146032003B023
:108A0000BDE8F040FFF77CBC019A2B689A424FF01A
:108A1000FF3001D103B0F0BDF9F70AF800080020DB
:108A200078490020B0490108000000000000000063
:108A3000F0B5124D04682B6883B00193B4B194F87B
:108A40002030032B06460F460CD100233360019AD9
:108A50002B68A7629A420FD1204603B0BDE8F040D0
:108A6000FFF78EBB0648FFF7D3F8EEE7019A2B68B5
:108A70009A4201D103B0F0BDF8F7DAFF00080020F8
:108A8000D0490108000000000000000000000000C4
:108A9000F0B5124D04682B6883B00193B4B194F81B
:108AA0002030032B06460F460CD100233360019A79
:108AB0002B689A4210D13946204603B0BDE8F040F9
:108AC000FFF756BC0648FFF7A3F8EEE7019A2B68BC
:108AD0009A4201D103B0F0BDF8F7AAFF00080020C8
:108AE000E049010800000000000000000000000054
:108AF00030B5104A83B01368019381B10E4B019DCC
:108B00009B69186044685C6023601268436095420A
:108B10000DD1042003B0BDE83040FFF7F1BB01994F
:108B2000136899424FF0FF3001D103B030BDF8F720
:108B30007FFF00BF000800207849002000000000EF
:108B400070B5124D04682B6882B0A042019315D015
:108B500023680360586094F82030042B0E4602D03E
:108B60000B48FFF755F8019A2B68A6629A420BD181
:108B7000204602B0BDE87040FFF702BB019A2B68A7
:108B80009A4201D102B070BDF8F752FF00080020F0
:108B90006049010800000000000000000000000023
:108BA0002DE9F041DFF850800468D8F8003082B039
:108BB000A042019313D00F4F05460E4623682B6049
:108BC0005D6094F82030042B02D03846FFF720F87F
:108BD000A6622046FFF7D4FA2C68A542EED1019A8E
:108BE000D8F800309A4202D102B0BDE8F081F8F71F
:108BF0001FFF00BF604901080008002000000000BE
:108C000030B50B4B83B01A6801924FF0FF3202600F
:108C100001991A680024002300259142C0E9044507
:108C2000C0E90133C36001D103B030BDF8F700FFE4
:108C3000000800200000000000000000000000000C
:108C400000B5084B084A196883B001915168019A30
:108C50001B6881609A4202D103B05DF804FBF8F70B
:108C6000E7FE00BF00080020001000E00000000048
:108C7000F0B51449144B0A68846883B00192134A12
:108C80005B68D2F8A864C2681B1BD0E904450132B6
:108C90009B1BC26042688360E61845F1000793425F
:108CA000C0E9046709D80268934238BF0360019A9B
:108CB0000B689A4203D103B0F0BD4360F7E7F8F7C1
:108CC000B7FE00BF00080020001000E07849002037
:108CD00030B5114D114C2B6889B04FF0FF3107931F
:108CE000002300226846C4F8A834CDE90133039379
:108CF0000023CDE904230091FFF7A2FF6846FFF7A8
:108D0000B7FF079A2B680299C4F8A8149A4201D1B8
:108D100009B030BDF8F78CFE00080020784900202B
:108D20002DE97048134E144B326883B001925B6892
:108D30008B60D0E902411B1BD0E90445426814EB6B
:108D4000030B45F1000C01319342C0E90231C0E947
:108D500004BC0AD80268934238BF0360019A3368A2
:108D60009A4204D103B0BDE870884360F6E7F8F793
:108D70005FFE00BF00080020001000E000000000BF
:108D800030B50D4D0D4C2B6883B004F59760019301
:108D90000023C4F8B034C4F8B434FFF731FF019AAB
:108DA0002B689A4206D104F59A6003B0BDE83040C2
:108DB000FFF726BFF8F73CFE0008002078490020A6
:108DC00000B50949094A0B6883B001930198D2F8AC
:108DD000B034096801338842C2F8B03402D103B01C
:108DE0005DF804FBF8F724FE000800207849002015
:108DF00070B50D4C0D4A236882B00193019DD2F8E5
:108E0000B43424680133A542C2F8B43409D10E4603
:108E100000F1500106F1500002B0BDE87040FFF7CC
:108E20007FBFF8F705FE00BF00080020784900204A
:108E300000B5084B83B01A680192019A1B689A42E8
:108E400005D1054803B05DF804EBFFF7F9BEF8F76C
:108E5000EFFD00BF00080020304E002000000000A1
:108E600000B5084B83B01A680192019A1B689A42B8
:108E700005D1054803B05DF804EBFFF7F9BEF8F73C
:108E8000D7FD00BF00080020304E00200000000089
:108E900000B5084B83B01A680192019A1B689A4288
:108EA00005D1054803B05DF804EBFFF7C9BEF8F73C
:108EB000BFFD00BF00080020484E00200000000059
:108EC00000B5084B83B01A680192019A1B689A4258
:108ED00005D1054803B05DF804EBFFF7C9BEF8F70C
:108EE000A7FD00BF00080020484E00200000000041
:108EF00070B51B4D82B004462B680193FFF720F834
:108F000044B3A3682268002B10DBA24203D01548AB
:108F1000FEF77EFEA368013B002BA3600CDB002064
:108F2000019A2B689A4219D102B070BDA242EED0CC
:108F3000013B002BA360F2DA0B4EB3699C621C600C
:108F400062685A60052013606360FFF799F9B3699E
:108F5000986AE5E70348FEF75BFED2E7F8F768FD9D
:108F600000080020204A0108784900200000000085
:108F700030B5164C83B0236801930546202383F354
:108F80001188FFF755FFFEF7E3FE2846FFF7B0FF15
:108F90000546FEF7FDFEFFF763FF0D4B1A689A4288
:108FA00004D0996993688A689A4209D3002383F3AD
:108FB0001188019A23689A42284605D103B030BD32
:108FC0000448FEF725FEF1E7F8F732FD000800201F
:108FD00078490020104A010800000000000000004D
:108FE00030B51C4D83B004462B680193FEF780FF1B
:108FF0004CB3A3682268002B0FDBA24203D01648B3
:10900000FEF706FEA3680133002BA3600BDD019A77
:109010002B689A421BD103B030BDA242EFD001337E
:10902000002BA360F3DC20680199036823602A68A1
:109030005C6091424FF00003836208D103B0BDE849
:109040003040FFF79DB80448FEF7E2FDD1E7F8F79E
:10905000EFFC00BF00080020304A010800000000BB
:1090600030B50B4D83B02B680193044650B124609A
:1090700001992A68646000239142A360236105D1AD
:1090800003B030BD0348FEF7C3FDF0E7F8F7D0FCAE
:1090900000080020504A0108000000000000000005
:1090A000F0B55D4E5D4B32689D6983B00446019218
:1090B000FEF746FF002C00F08480A068236900289A
:1090C00043D0002B40F39780854276D0AA6883680E
:1090D0009A4208D990F820308260062B40D0072BA6
:1090E00073D0002B5DD02746234603E09968AA6819
:1090F000914233D31B689C42F8D12F607B686B6030
:1091000006201D607D60AC62FFF7BAF8A368AB4231
:1091100002D04348FEF77CFD2B6CA34202D04048AE
:10912000FEF776FD2369012B05D1019A33689A4237
:109130006FD103B0F0BD019A33689A4269D13848C3
:1091400003B0BDE8F040FEF763BD002B58D10133FA
:10915000A56023612B6CE3602C64E6E71F46CCE737
:10916000D0E900231A60D0E900325A60876A3B4692
:1091700003E099688268914247D31B689F42F8D107
:1091800007607B68436018607860836AAA689868A3
:1091900083689342A7D290F820308260062B9ED13C
:1091A000DEE7D0E90023012180F820101A60D0E921
:1091B00000325A60FEF7E4FF95E72369013323612B
:1091C000B3E71748FEF724FD77E7D0E900231A60DC
:1091D000D0E900325A60876A3B4603E099688268AA
:1091E000914214D31B689F42F8D107607B684360AB
:1091F0001860786077E70A48FEF70AFDA06863E721
:109200000748FEF705FD2369A1E71F46B8E71F469B
:10921000EBE7F8F70DFC00BF0008002078490020BC
:10922000604A01080000000000000000000000008B
:1092300030B5154C83B0236801930546202383F392
:109240001188FFF7F5FDFEF783FD2846FFF728FF9D
:10925000FEF79EFDFFF704FE0C4B1A689A4204D0FD
:10926000996993688A689A4208D3002383F3118826
:10927000019A23689A4205D103B030BD0448FEF735
:10928000C7FCF2E7F8F7D4FB00080020784900207B
:10929000404A01080000000000000000000000003B
:1092A0002DE9F043DFF800813C4FD8F80030BE696B
:1092B00083B005460193002864D0202383F31188EE
:1092C000FFF7B6FDFEF744FD336C002B5ED09B68C4
:1092D000B34202D03248FEF79BFC2B69002B49DDDC
:1092E000013B2B615BBB336CAB4202D02C48FEF7D9
:1092F0008FFCEB683364FEF723FE2B689D423ED063
:10930000D6E910495CB1FEF71BFE23689C4203D0EE
:109310009B68994538BF9946E468002CF3D1C6F89C
:1093200008902B6801222A611A682A605560AB6098
:109330001A6CEA6018461D640021FFF719F8FEF761
:1093400027FDFFF78DFD3B68BB4204D0BA699B68DF
:1093500092689A420AD3002383F31188019AD8F8BD
:1093600000309A4217D103B0BDE8F0830D48FEF7F4
:109370004FFCF0E70A48FEF74BFC2B69B0E70023EF
:10938000AB60DCE70648FEF743FC96E70448FEF7CF
:109390003FFC336C9BE7F8F74BFB00BF784900209C
:1093A000704A0108404A010800080020000000003F
:1093B0002DE9F041DFF8D880334BD8F800209E69C2
:1093C00082B005460192FEF7BBFD002D4FD0336CF5
:1093D000002B52D09B68B34202D02C48FEF718FCF9
:1093E0002B69002B3EDD013B2B61002B32D1336C0E
:1093F000AB4202D02548FEF70BFCEB683364FEF766
:109400009FFD2B689D4223D0D6E910475CB1FEF743
:1094100097FD23689C4203D09B689F4238BF1F463C
:10942000E468002CF3D1B7602868019901232B610F
:1094300003682B60D8F800205D60A860036CEB60C7
:10944000914205641ED102B0BDE8F041FEF798BE1E
:109450000023AB60019AD8F800309A4212D102B0D2
:10946000BDE8F0810948FEF7D3FB2B69BBE707484D
:10947000FEF7CEFB336C002BACD10448FEF7C8FBE3
:10948000336CA7E7F8F7D4FA78490020804A01083E
:1094900000080020000000000000000000000000A4
:1094A00070B5114E82B0044633680193FEF720FD7B
:1094B0009CB12068A0420AD06FF0010503682360C8
:1094C0005C60FEF75DFE85622068A042F6D1019ADD
:1094D00033689A4205D102B070BD0448FEF798FB8C
:1094E000E7E7F8F7A5FA00BF00080020A04A010846
:1094F00030B5164C83B0236801930546202383F3CF
:109500001188FFF795FCFEF723FC2846FFF7C8FFFC
:10951000FFF716F8FEF73CFCFFF7A2FC0C4B1A68AD
:109520009A4204D0996993688A689A4208D30023C2
:1095300083F31188019A23689A4205D103B030BDA4
:109540000448FEF765FBF2E7F8F772FA000800201E
:1095500078490020904A0108000000000000000047
:109560002DE9F0411E4F1F4E3B68B46982B005469D
:109570000193FEF7E5FC65B3236C33B3B369D3F80D
:1095800040804046FFF714FF2E46A5622B4603E0BD
:109590009968A268914216D31B689D42F8D1266053
:1095A0007368636007201C607460FEF769FE4046C4
:1095B000A46AFFF775FD019A3B689A4220460CD1D8
:1095C00002B0BDE8F0811E46E9E70748FEF720FB40
:1095D000D4E70548FEF71CFBCEE7F8F729FA00BFF1
:1095E0000008002078490020C04A0108000000005F
:1095F00030B5164C83B0236801930546202383F3CE
:109600001188FFF715FCFEF7A3FB2846FFF7A8FF1C
:109610000546FEF7BDFBFFF723FC0D4B1A689A4287
:1096200004D0996993688A689A4209D3002383F326
:109630001188019A23689A42284605D103B030BDAB
:109640000448FEF7E5FAF1E7F8F7F2F90008002020
:1096500078490020904A0108000000000000000046
:1096600070B5184E82B00446336801930D46FEF77C
:109670003FFC0CB3E16B94F8203029430A2BE163E3
:1096800016D00B2B05D0019A33689A4218D102B03C
:1096900070BDA36A8B43F6D1019A336800219A42C8
:1096A000A1620DD1204602B0BDE87040FEF768BD52
:1096B000A36A1942F0D1E6E70348FEF7A9FAD9E711
:1096C000F8F7B6F900080020F04A01080000000091
:1096D000F0B5134F83B006463B6801930D46FEF785
:1096E00007FCB6B13468A6420DD0E3682B43E360B3
:1096F00015B12269134203D0D4E90101FFF7B0FF8D
:109700002468A642F1D1019A3B689A4205D103B080
:10971000F0BD0448FEF77CFAE4E7F8F789F900BFEA
:1097200000080020D04A01080000000000000000EE
:1097300070B50C4CC16082B0266801960A44006086
:10974000019E02612268069D4060C0E905119642B3
:109750004FF00001C3618160056201D102B070BDAC
:10976000F8F766F900080020000000000000000083
:1097700070B5164D82B004462B6801930E46FEF775
:10978000B7FBFEF7B5FBD4E905239A42A36816D0D0
:109790000133511CA36061611670D4E904329A420E
:1097A0000AD220460021FFF7CBF90020019A2B684E
:1097B0009A4209D102B070BDE3686361F1E7002B02
:1097C000E6D06FF00300F1E7F8F732F90008002067
:1097D000F0B5234F83B03B68019304460E46202327
:1097E00083F31188FFF724FBFEF7B2FAE36943B174
:1097F0002046984705E031462046FFF779F9051ED7
:1098000010DBFEF775FBA368002BF4D0A16920697B
:109810004A1C013B8242A360A26128BFE3680D7825
:1098200028BFA361FEF7B4FAFFF71AFB0D4B1A68C5
:109830009A4204D0996993688A689A4209D30023AE
:1098400083F31188019A3B689A42284605D103B0F8
:10985000F0BD0548FEF7DCF9F1E7F8F7E9F800BFDD
:109860000008002078490020004B0108000000009B
:109870002DE9F04FDFF8F490044685B0D9F80000E8
:1098800003908A461D46D4F81C809346002A60D077
:10989000202383F311880193FFF7CAFAFEF758FAE1
:1098A0002F4E0027B8F1000F07D02046C04704E034
:1098B00029462046FFF71CF960BBFEF719FBA36899
:1098C000002BF5D0A269013B511CA161A360137864
:1098D0000AF8013B2369A2699A4224BFE368A361A5
:1098E000FEF756FAFFF7BCFA3368B34204D0B26908
:1098F0009B6892689A4228D3002383F3118801372A
:10990000BB4519D0019B83F31188FFF791FAFEF74D
:109910001FFAC7E7FEF73CFAFFF7A2FA3368B34233
:1099200007D0B2699B6892689A4202D20D48FEF74E
:109930006FF9002383F31188039AD9F800309A4213
:1099400038460AD105B0BDE8F08F0648FEF760F949
:10995000D2E70548FEF75CF99AE7F8F769F800BF27
:1099600078490020004B0108104B01080008002036
:1099700070B50B4D82602E68C16082B0C0E90000F6
:1099800001960A44019E02612A68069C9642C0E93B
:109990000511C0E9073401D102B070BDF8F748F8ED
:1099A000000800200000000000000000000000008F
:1099B0002DE9F0412E4F82B03B6801930446884662
:1099C0001646202383F31188FFF732FAFEF7C0F919
:1099D00005E031462046FFF78BF8051E2DDBFEF72C
:1099E00087FAA368002BF4D06269013B511C6161C6
:1099F000A36082F80080D4E904329A4224BFE3686D
:109A00006361E3690BB120469847FEF7C1F9FFF7A0
:109A100027FA184B1A689A4204D0996993688A68A1
:109A20009A421ED3002585F31188019A3B689A4219
:109A300028461AD102B0BDE8F081FEF7A9F9FFF778
:109A40000FFA0C4B1A689A4207D0996993688A6892
:109A50009A4202D20848FEF7DBF8002383F311880C
:109A6000E3E70548FEF7D4F8DCE7F7F7E1FF00BFCE
:109A70000008002078490020004B01080000000089
:109A800070B5154E82B0044633680193FEF730FA84
:109A9000FEF72EFAD4E905329342A36815D0206967
:109AA000511C0133A360A161814215780AD220467E
:109AB0000021FFF745F82846019A33689A4209D1F8
:109AC00002B070BDE368A361F1E7002BE7D06FF04F
:109AD0000200F1E7F7F7ACFF0008002000000000EB
:109AE0002DE9F04F04463B48D4F81C90006885B03F
:109AF0000D46039001931646002A61D04FF0200ACC
:109B00008AF31188FFF794F9FEF722F94FF0000865
:109B1000314FC346FEF7ECF9A368002B32D06269DF
:109B2000013B511C6161A3602B781370D4E90432AE
:109B30009A4224BFE36863610135B9F1000F01D097
:109B40002046C847FEF724F9FFF78AF93B68BB4275
:109B500007D0BA699B6892689A4202D21F48FEF702
:109B600057F88BF31188013E08F101081FD08AF3E2
:109B70001188FFF75DF9FEF7EBF8FEF7B9F9A36876
:109B8000002BCCD101992046FEF7B2FF0028C1D0AE
:109B9000FEF7FEF8FFF764F93B68BB4204D0BA69F0
:109BA0009B6892689A420FD3002383F31188094B74
:109BB000039A1B689A4240460AD105B0BDE8F08F6F
:109BC0000748FEF725F899E70448FEF721F8EBE788
:109BD000F7F72EFF0008002078490020004B01080D
:109BE000204B010800000000000000000000000001
:109BF00030B50B490B4A0B680B4D0C4C83B022F06F
:109C00000702019301980A4B09682A6023F00703B1
:109C10008842236001D103B030BDF7F709FF00BFD0
:109C2000000800203F590020EC4F0020E84F0020A2
:109C30000000022000000000000000000000000002
:109C400070B51C4E82B0336801930446202383F321
:109C50001188FFF7EDF8FEF77BF8FEF749F9164A91
:109C6000164B15681B68E01D20F007005B1B98422F
:109C70009ABF401910600025FEF78AF8FFF7F0F848
:109C80000F4B1A689A4204D0996993688A689A427D
:109C900009D3002383F31188019A33689A42284636
:109CA00005D102B070BD0748FDF7B2FFF1E7F7F745
:109CB000BFFE00BF00080020EC4F0020E84F00204E
:109CC00078490020404B010800000000000000001F
:109CD00000B50B4B0B481A6883B0019201991A68C2
:109CE000094B036091424FF00003C0E9023305D1F4
:109CF000103003B05DF804EBFFF7B2B9F7F798FE48
:109D000000080020F04F0020419C000800000000E7
:109D100080B50D4A0D4982B000AF13687B604B6877
:109D200023F001034B60EFF30983683383F3098861
:109D3000002383F3118879681368994202D10837A8
:109D4000BD4680BDF7F774FE0008002030EF00E04C
:109D5000B0B5194C82B000AF23687B60202383F339
:109D60001188164B5B6813F4006308D183F31188E4
:109D70007A6823689A421DD10837BD46B0BDF1EE1E
:109D8000103AEFF309854FF080720D4B45F84C2CDB
:109D9000DB6845F8083CA5F1680383F30988FEF702
:109DA0002FFB18B1074B45F8503CE1E7064B45F84F
:109DB000503CDDE7F7F73CFE0008002000ED00E036
:109DC00030EF00E0E1020008F402000800000000AB
:109DD00010B5184C82B02368019302F031FE16488A
:109DE00004F076FC00F0D4F800F0EAF900F030FA64
:109DF00000F06EFB00F09CFB00F012FD00F080FE16
:109E000000F0AEFE01F0FCFC01F002FC01F088FD68
:109E100001F0F6FE01F074FD06F0AAFC019A236839
:109E20009A4204D102B0BDE8104001F0D1BEF7F76C
:109E3000FFFD00BF00080020805201080000000064
:109E4000F0B51A4D83B02B68019391420E4614462B
:109E5000074619D38B1A1F2B16D806F01F03581C60
:109E60006209012376098340B24203F1FF3304F013
:109E70001F0457F822000BD31840E040019A2B68CA
:109E80009A4210D103B0F0BD0948FDF7C1FEE4E7E6
:109E900057F82610C4F120020B4020FA04F403FA0C
:109EA00002F02043EAE7F7F7C3FD00BF00080020F7
:109EB000504B0108000000000000000000000000FE
:109EC000F0B51D4E83B033680193054670B37E2212
:109ED0007F212846FFF7B4FF80B1012806D000207B
:109EE000019A33689A4225D103B0F0BD284630224A
:109EF0004521FFF7A5FF01308002F1E73E2249210D
:109F00002846FFF79DFF2F22044631212846FFF700
:109F100097FF5022074653212846FFF791FF01344F
:109F200002370938BC4004FA00F0D9E70348FDF7CE
:109F30006FFECCE7F7F77CFD00080020704B0108AE
:109F4000F0B5104D83B02B680193044698B194F896
:109F5000D63094F8D770019994F8D4602A6894F8B0
:109F6000D5001B0403EB07633344914203EB00204D
:109F700005D103B0F0BD0448FDF74AFEE7E7F7F767
:109F800057FD00BF00080020904B010800000000B2
:109F900000B5074B83B01A680192019A1B689A4278
:109FA00004D103B05DF804EB02F00ABEF7F740FD00
:109FB0000008002000000000000000000000000079
:109FC00000B50C4B83B01A6801920122027001990E
:109FD0001A6800239142C0E90133C0E903334361A9
:109FE00005D1183003B05DF804EBFFF739B8F7F787
:109FF0001FFD00BF0008002000000000000000005E
:10A0000070B51D4D82B02B6801930E46044668B3AF
:10A01000202383F31188FEF70BFFFDF799FE2378C9
:10A02000013B012B02D91548FDF7F2FD2046666081
:10A0300002F016FE02232370FDF7AAFEFEF710FFC2
:10A040000F4B1A689A4204D0996993688A689A42B9
:10A0500008D3002383F31188019A2B689A4209D10F
:10A0600002B070BD0748FDF7D3FDF2E70348FDF7E6
:10A07000CFFDCDE7F7F7DCFC00080020C04B01085E
:10A0800078490020B04B01080000000000000000EB
:10A090002DE9F041174D82B00446286801900E4624
:10A0A00090461F46FDF724FF3CB136B1B8F1000FD2
:10A0B00003D0012F04D0FB0702D50F48FDF7A8FD00
:10A0C0002378022B05D0043B012B02D90A48FDF767
:10A0D0009FFD03232370019A2B6826619A42C4E9ED
:10A0E000028705D1204602B0BDE8F04102F038BE3B
:10A0F000F7F79EFC00080020D04B0108000000008C
:10A100002DE9F041184C82B0256801959846054626
:10A110000E461746202383F31188FEF789FEFDF7CC
:10A1200017FE43463A4631462846FFF7B1FFFDF792
:10A130002FFEFEF795FE0D4B1A689A4204D09969DE
:10A1400093688A689A4209D3002383F31188019A9D
:10A1500023689A4206D102B0BDE8F0810448FDF7B9
:10A1600057FDF1E7F7F764FC00080020784900206C
:10A17000B04B0108000000000000000000000000DB
:10A1800030B50B4C83B023680193054650B1019A5A
:10A1900023689A420AD105F1180003B0BDE83040A7
:10A1A000FFF746B80348FDF733FDF0E7F7F740FC4B
:10A1B00000080020F04B0108000000000000000033
:10A1C00000B5074B83B01A680192019A1B689A4246
:10A1D00004D103B05DF804EB03F012BCF7F728FCE0
:10A1E0000008002000000000000000000000000047
:10A1F00030B5134B83B01A68019201220270019CA2
:10A200001968002200F1180300F11C054260836107
:10A2100000F1200200F12403C561026200F128056B
:10A2200000F1080243628C4200F110038562C0E92C
:10A230000222C0E9043301D103B030BDF7F7F8FBC7
:10A2400000080020000000000000000000000000E6
:10A2500000B5074B83B01A680192019A1B689A42B5
:10A2600004D103B05DF804EB04F062B8F7F7E0FB4B
:10A2700000080020000000000000000000000000B6
:10A2800000B50A4B83B01A6801920122027001994D
:10A290001A6800239142C0E9043305D1183003B095
:10A2A0005DF804EBFEF7DCBEF7F7C2FB0008002008
:10A2B00070B51D4D82B02B6801930E46044668B3FD
:10A2C000202383F31188FEF7B3FDFDF741FD2378CA
:10A2D000013B012B02D91548FDF79AFC2046266167
:10A2E00004F07EF802232370FDF752FDFEF7B8FD5F
:10A2F0000F4B1A689A4204D0996993688A689A4207
:10A3000008D3002383F31188019A2B689A4209D15C
:10A3100002B070BD0748FDF77BFCF2E70348FDF78C
:10A3200077FCCDE7F7F784FB00080020104C01080C
:10A3300078490020004C01080000000000000000E7
:10A340002DE9F041184D82B00446286801900E4670
:10A3500090461F46FDF7CCFD3CB136B1B8F1000F79
:10A3600003D0012F04D0FB0702D51048FDF750FCA5
:10A370002378022B05D0043B012B02D90B48FDF7B3
:10A3800047FC03232370019A2B68C4F808809A4283
:10A39000A781666005D1204602B0BDE8F04104F017
:10A3A0005FB8F7F745FB00BF00080020204C01080C
:10A3B0002DE9F041184C82B0256801959846054674
:10A3C0000E461746202383F31188FEF731FDFDF773
:10A3D000BFFC43463A4631462846FFF7B1FFFDF73A
:10A3E000D7FCFEF73DFD0D4B1A689A4204D09969DF
:10A3F00093688A689A4209D3002383F31188019AEB
:10A4000023689A4206D102B0BDE8F0810448FDF706
:10A41000FFFBF1E7F7F70CFB00080020784900206C
:10A42000004C0108000000000000000000000000D7
:10A4300030B5224D83B02B6801930446002837D0F5
:10A44000202383F31188FEF7F3FCFDF781FC2378CA
:10A450009A1E012A03D91A48FDF7DAFB2378022B4A
:10A460000CD0204604F09CF82046002202236260B3
:10A470006FF0010100F8143BFEF70AFBFDF788FCC2
:10A48000FEF7EEFC0F4B1A689A4204D09969936864
:10A490008A689A4208D3002383F31188019A2B68B3
:10A4A0009A4209D103B030BD0748FDF7B1FBF2E78E
:10A4B0000348FDF7ADFBC3E7F7F7BAFA0008002041
:10A4C000404C010878490020004C010800000000C1
:10A4D00000B5074B83B01A680192019A1B689A4233
:10A4E00004D103B05DF804EB03F0AABAF7F7A0FAC1
:10A4F0000008002000000000000000000000000034
:10A5000000B5084B83B01A68019201220270019ACB
:10A510001B6800219A42416002D103B05DF804FB40
:10A52000F7F786FA00080020000000000000000095
:10A5300000B5074B83B01A680192019A1B689A42D2
:10A5400004D103B05DF804EB05F022BCF7F770FA14
:10A5500000080020000000000000000000000000D3
:10A5600000B5084B83B01A68019201220270019A6B
:10A570001B6800219A42416002D103B05DF804FBE0
:10A58000F7F756FA00080020000000000000000065
:10A5900070B51E4D82B02B6801930E46044670B311
:10A5A00069B3202383F31188FEF742FCFDF7D0FB4B
:10A5B0002378013B012B02D91548FDF729FB2046E2
:10A5C000666005F015FC02232370FDF7E1FBFEF742
:10A5D00047FC104B1A689A4204D0996993688A68BC
:10A5E0009A4208D3002383F31188019A2B689A4278
:10A5F00009D102B070BD0848FDF70AFBF2E7044834
:10A60000FDF706FBCDE7F7F713FA00BF00080020BF
:10A61000704C010878490020604C010800000000DF
:10A6200070B51B4E82B0336801930C46054648B3A3
:10A63000202383F31188FEF7FBFBFDF789FB2B78C2
:10A64000032B02D01348FDF7E3FAEB68013CDC6210
:10A65000FDF79EFBFEF704FC0F4B1A689A4204D0EC
:10A66000996993688A689A4208D3002383F3118812
:10A67000019A33689A4209D102B070BD0748FDF7CC
:10A68000C7FAF2E70348FDF7C3FAD1E7F7F7D0F9C5
:10A6900000080020804C010878490020604C010827
:10A6A00070B5114D82B004462B6801930E46FDF73C
:10A6B0001FFC94B12378022B02D00C48FDF7A8FAB6
:10A6C00003232370019A2B689A420AD1314620460F
:10A6D00002B0BDE8704005F00BBC0448FDF798FAE5
:10A6E000E8E7F7F7A5F900BF00080020A04C010833
:10A6F00070B5164C82B02368019305460E462023A0
:10A7000083F31188FEF794FBFDF722FB31462846C0
:10A71000FFF7C6FFFDF73CFBFEF7A2FB0C4B1A68E8
:10A720009A4204D0996993688A689A4208D30023B0
:10A7300083F31188019A23689A4205D102B070BD53
:10A740000448FDF765FAF2E7F7F772F90008002010
:10A7500078490020604C0108000000000000000063
:10A7600030B5104D83B004462B680193FDF7C0FB54
:10A7700094B12378023B022B02D90B48FDF748FA2B
:10A7800002232370019A2B689A4209D1204603B014
:10A79000BDE8304005F0D4BB0348FDF739FAE8E7DF
:10A7A000F7F746F900080020C04C0108000000003F
:10A7B00030B5154C83B0236801930546202383F3FD
:10A7C0001188FEF735FBFDF7C3FA2846FFF7C8FFEF
:10A7D000FDF7DEFAFEF744FB0C4B1A689A4204D0F0
:10A7E000996993688A689A4208D3002383F3118891
:10A7F000019A23689A4205D103B030BD0448FDF7A1
:10A8000007FAF2E7F7F714F900080020784900206A
:10A81000604C010800000000000000000000000083
:10A8200000B5074B83B01A680192019A1B689A42DF
:10A8300004D103B05DF804EB04F042BAF7F7F8F87E
:10A8400000080020000000000000000000000000E0
:10A8500000B50A4B83B01A68019201220270019A76
:10A860001B6800219A42416005D10C3003B05DF8AD
:10A8700004EBFEF7F5BBF7F7DBF800BF000800209C
:10A8800070B51F4D82B02B6801930E46044680B30D
:10A8900079B323785A1E012A04D9052B02D019480E
:10A8A000FDF7B6F9202383F31188FEF7C1FAFDF70F
:10A8B0004FFA2046666004F02BFA02232370FDF75E
:10A8C00067FAFEF7CDFA104B1A689A4204D09969DC
:10A8D00093688A689A4208D3002383F31188019A07
:10A8E0002B689A4209D102B070BD0848FDF790F973
:10A8F000F2E70448FDF78CF9CBE7F7F799F800BFCA
:10A9000000080020E04C010878490020D04C0108E4
:10A9100030B51D4D83B02B680193044670B3237886
:10A920005A1E012A04D9052B02D01848FDF770F9E8
:10A93000202383F31188FEF77BFAFDF709FA2046FE
:10A9400004F026FB01232370FDF722FAFEF788FAB4
:10A950000F4B1A689A4204D0996993688A689A42A0
:10A9600008D3002383F31188019A2B689A4209D1F6
:10A9700003B030BD0748FDF74BF9F2E70348FDF798
:10A9800047F9CCE7F7F754F800080020F04C01082D
:10A9900078490020D04C01080000000000000000B1
:10A9A0002DE9F04F304E87B034680594DDF840B0A3
:10A9B0000D4690461F46DDE9119A044608B100296C
:10A9C0003DD12A48FDF724F92378022B02D02748ED
:10A9D000FDF71EF9202383F31188FEF729FAFDF70E
:10A9E000B7F94FF0000C0320C4F808C042462946CE
:10A9F00020703B462046CDE9019ACDF800B004F026
:10AA00001FFB431C0CBF0523022323700546FDF7E3
:10AA1000BFF9FEF725FA164B1A689A4204D09969D5
:10AA200093688A689A4218D3002383F31188059AA1
:10AA300033689A42284614D107B0BDE8F08F002B46
:10AA4000BFD0002ABDD0B9F1000F02D0BBF1000F7A
:10AA5000B7D0BAF1000FB7D1B3E70648FDF7D8F881
:10AA6000E2E7F6F7E5FF00BF00080020004D01080F
:10AA700078490020D04C01080000000000000000D0
:10AA800030B50B4C83B023680193054650B1019A51
:10AA900023689A420AD105F10C0003B0BDE83040AA
:10AAA000FEF7C6BB0348FDF7B3F8F0E7F6F7C0FFC3
:10AAB00000080020204D01080000000000000000F8
:10AAC00030B50B4C83B023680193054650B1019A11
:10AAD00023689A420AD105F10C0003B0BDE830406A
:10AAE000FEF7DEBB0348FDF793F8F0E7F6F7A0FFAB
:10AAF00000080020304D01080000000000000000A8
:10AB000000B5074B83B01A680192019A1B689A42FC
:10AB100004D103B05DF804EB04F00ABFF6F788FF38
:10AB200000080020000000000000000000000000FD
:10AB300000B5084B83B01A68019201220270019A95
:10AB40001B6800219A42416002D103B05DF804FB0A
:10AB5000F6F76EFF00080020000000000000000073
:10AB600000B5074B83B01A680192019A1B689A429C
:10AB700004D103B05DF804EB05F0C2BAF6F758FF54
:10AB8000000800200000000000000000000000009D
:10AB900000B5094B83B01A68019201220270019935
:10ABA0001A68002391424360C360037402D103B06A
:10ABB0005DF804FBF6F73CFF0008002000000000F1
:10ABC00070B5214E82B0336801930D4604460028CB
:10ABD00033D0002931D0202383F31188FEF728F9E0
:10ABE000FDF7B6F82378013B012B02D91748FDF792
:10ABF0000FF865606B68A360204605F0C1FA00227B
:10AC00000223E2602370FDF7C3F8FEF729F9104B29
:10AC10001A689A4204D0996993688A689A4208D35C
:10AC2000002383F31188019A33689A4209D102B054
:10AC300070BD0848FCF7ECFFF2E70448FCF7E8FFBA
:10AC4000C9E7F6F7F5FE00BF00080020504D0108E7
:10AC500078490020404D010800000000000000007D
:10AC600070B51C4E82B0336801930C46054650B354
:10AC7000202383F31188FEF7DBF8FDF769F82B78C2
:10AC8000022B02D01448FCF7C3FFAB69AC60013C57
:10AC9000DC62FDF77DF8FEF7E3F8104B1A689A4284
:10ACA00004D0996993688A689A4208D3002383F391
:10ACB0001188019A33689A4209D102B070BD0848E0
:10ACC000FCF7A6FFF2E70448FCF7A2FFD0E7F6F78F
:10ACD000AFFE00BF00080020604D01087849002049
:10ACE000404D0108000000000000000000000000CE
:10ACF000F0B5214E83B0336801930D4617460446E4
:10AD000078B3037C8B422CD9202383F31188FEF780
:10AD10008FF8FDF71DF82378022B02D01748FCF7B7
:10AD200077FFE3680122AA401343E3603A462946CD
:10AD3000204605F00DFBFDF72BF8FEF791F8104BC0
:10AD40001A689A4204D0996993688A689A420CD327
:10AD5000002383F31188019A33689A4209D103B022
:10AD6000F0BD0648FCF754FFCEE70648FCF750FF5D
:10AD7000EEE7F6F75DFE00BF00080020704D010809
:10AD800078490020404D010800000000000000004C
:10AD900070B5204E82B0336801930D46044678B3F7
:10ADA000037C8B422CD9202383F31188FEF740F8D3
:10ADB000FCF7CEFF2378022B02D01748FCF728FFC0
:10ADC000E3680122AA4023EA0203E3602946204601
:10ADD00005F0D6FAFCF7DCFFFEF742F80F4B1A68D5
:10ADE0009A4204D0996993688A689A420CD30023E6
:10ADF00083F31188019A33689A4209D102B070BD79
:10AE00000548FCF705FFCEE70548FCF701FFEEE734
:10AE1000F6F70EFE00080020904D0108784900204A
:10AE2000404D01080000000000000000000000008C
:10AE300030B51E4D83B02B680193044680B32023A8
:10AE400083F31188FDF7F4FFFCF782FF2378022BD0
:10AE500002D01748FCF7DCFE63689B68E3B120462C
:10AE600005F0AEFAFCF794FFFDF7FAFF114B1A68F4
:10AE70009A4204D0996993688A689A4208D3002359
:10AE800083F31188019A2B689A420DD103B030BD2B
:10AE90000948FCF7BDFEF2E70548FCF7B9FEDEE71E
:10AEA0000348FCF7B5FECAE7F6F7C2FD000800202C
:10AEB000B04D010878490020404D01080000000015
:10AEC00070B5294E82B0336801930D4604460028C0
:10AED00032D0037C8B422FD9202383F31188FDF7D6
:10AEE000A7FFFCF735FF2378022B02D01F48FCF7A1
:10AEF0008FFEE368EB40DB0726D5636803EBC503F1
:10AF00001B6953B32946204605F07AFAFCF740FF47
:10AF1000FDF7A6FF164B1A689A4204D09969936808
:10AF20008A689A420CD3002383F31188019A33680C
:10AF30009A4216D102B070BD0C48FCF769FECBE70F
:10AF40000C48FCF765FEEEE70848FCF761FE636815
:10AF500003EBC5031B69002BD4D10448FCF758FE52
:10AF6000D0E7F6F765FD00BF00080020D04D0108CE
:10AF700078490020404D010800000000000000005A
:10AF800070B5104D82B02B6801930E46044650B147
:10AF900049B12379052B0CD00120019A2B689A42E4
:10AFA0000ED102B070BD0848FCF732FE2379052BA4
:10AFB000F2D1A36A73604FF4007333600020ECE7B2
:10AFC000F6F736FD00080020604E01080000000082
:10AFD0002DE9F047DFF89C8386B002AFD8F8003047
:10AFE000FB600446002800F019812379022B01D070
:10AFF000052B2BD103232371204602F0B9FD00223B
:10B000001146204602F02CFE07F108034FF4D572DA
:10B010000821204602F06CFEE0B9BB680122C3F3B0
:10B0200003239342226300F0FD80204602F0D8FD06
:10B03000022323710125FA68D8F800309A42284685
:10B0400040F046811037BD46BDE8F087C048FCF7A8
:10B05000DFFDCFE707F1080300223721204602F089
:10B0600047FE002840F0BE80BB68BA4A1A40002A5A
:10B0700040F0B88022631146204602F0F1FD266BB5
:10B0800006F00F03022B00F0AF80B34EB34ADFF897
:10B09000C492012B18BF1646642504E0013DC4D0BC
:10B0A0000A20FDF78DFB07F1080300223721204617
:10B0B00002F01EFE0028B8D1BB6813EA090FB4D114
:10B0C00007F1080332462921204602F0E9FD002855
:10B0D000ABD1BB68002BE1DA5B0003D5236B43F0F7
:10B0E0001003236304F1080300220221204602F02A
:10B0F000F7FE002899D1024604F1380303212046C7
:10B1000002F0F6FD002890D104F118052B46A26B41
:10B110000921204602F0E4FE002886D13B1DA26BE7
:10B120000721204602F0E4FD824600287FF47DAF2F
:10B13000236B03F00F03022B00F097806E467E22F4
:10B1400090B07F212846FEF77BFE0DF1080900280C
:10B1500079D10146B546204602F02AFD236B03F063
:10B160000F03022B00F096802846FEF7A9FEA0628E
:10B170003B1D4FF400721021204602F0B9FD054638
:10B1800000287FF452AF7B68724E33427FF44DAF9C
:10B19000236B03F00F03012B40F2B280022B7FF4EC
:10B1A00044AFE36A1A79012A00F0A88017D3022A73
:10B1B00040F0E2806A4E1979204602F029FD07F13D
:10B1C000080332460621204602F092FD00287FF453
:10B1D0002CAFBA685F4B1340002B7FF426AF0523DA
:10B1E000237128E7022323635E4E642505E0013DB9
:10B1F0003FF41BAF0A20FDF7E3FA07F108033246DC
:10B200000121204602F04CFD00287FF40EAFBB6800
:10B21000002BECDA5B007FF565AF5FE74C48FCF78D
:10B22000F7FCE2E6024607F108033721204602F068
:10B230005FFD00287FF4F9AEBA68464B1340002B3F
:10B240007FF4F3AE1BE7CDF800A006234022494669
:10B25000204602F075FE00284ED199F80D3013F00B
:10B26000020337D11946B54675E7E36A1B687BB11F
:10B2700007F108033C4A0621204602F039FD38B99F
:10B28000BB6834491940B1FA81F1490963E7B54611
:10B29000002160E77E227F212846FEF7D1FD0128AC
:10B2A0007FF662AFE36A1D68002D3FF4BEAE002357
:10B2B00000934FF4007208232946204602F040FE16
:10B2C00000287FF4B2AE2846FEF73AFEA0624FE7B0
:10B2D000F6F7AEFB254B0093402206234946204655
:10B2E00002F02EFE40B999F8103003F00F030F2B37
:10B2F000CDD0B54601212EE7B54696E61C4E5AE75D
:10B30000E36A197900293FF46AAF01297FF48DAE11
:10B31000204602F07DFC07F10803A26B372120468E
:10B3200002F0E6FC00287FF480AEBB6833427FF475
:10B330007CAE07F1080302220621204602F0D8FC69
:10B3400000287FF472AEBB6833423FF448AF6CE62E
:10B35000104E010808E0FFFD000010C00000108042
:10B360000002B7030080FFC00001B903F1FFFF80B6
:10B370000001B703000800200248034EFCF748FC18
:10B38000E36A18E7F04D01080000B7030000000071
:10B390002DE9F041194D82B02C6801940F4690467A
:10B3A0001E460446C0B1BAB1B3B12379052B02D011
:10B3B0001348FCF72DFC781EA36A304498420FD93D
:10B3C000636B43F0800363630120019A2B689A4208
:10B3D00011D102B0BDE8F0810948FCF719FCE4E79F
:10B3E00006203346207142463946204602F008FFC7
:10B3F00005232371E9E7F6F71BFB00BF00080020D7
:10B40000304E0108000000000000000000000000B5
:10B410002DE9F041194D82B02C6801940F469046F9
:10B420001E460446C0B1BAB1B3B12379052B02D090
:10B430001348FCF7EDFB781EA36A304498420FD9FD
:10B44000636B43F0800363630120019A2B689A4287
:10B4500011D102B0BDE8F0810948FCF7D9FBE4E75F
:10B4600007203346207142463946204602F008FF45
:10B4700005232371E9E7F6F7DBFA00BF0008002097
:10B48000404E010800000000000000000000000025
:10B4900070B50E4D82B02B680193044680B12679B9
:10B4A000052E06D00120019A2B689A420CD102B0D9
:10B4B00070BD08232371204602F022FF2671F2E7B7
:10B4C0000348FCF7A5FBEAE7F6F7B2FA000800200C
:10B4D000504E0108000000000000000000000000C5
:10B4E00070B5124D124E2B6882B0044601936B4624
:10B4F000A26B0D21204602F0FBFB78B9009B334282
:10B500000BD1C3F34323042B08D04FF0010005D324
:10B51000072B03D8FDF754F9E9E70120019A2B68BE
:10B520009A4201D102B070BDF6F782FA00080020FD
:10B5300008E0FFFD00000000000000000000000027
:10B5400070B52D4E82B033680193044600284CD06C
:10B55000202383F31188FDF76BFCFCF7F9FB2379BB
:10B56000022B29D0052B21D104232371FCF710FCD9
:10B57000FDF776FC214B1A689A4204D099699368CA
:10B580008A689A4229D3002383F311882046FFF763
:10B59000A7FF0546204602F023FB02232371019AF0
:10B5A00033689A42284624D102B070BD1448FCF793
:10B5B0002FFB2379022BD7D1FCF7EAFBFDF750FCD8
:10B5C0000E4B1A689A4204D0996993688A689A4225
:10B5D00007D3002585F31188E1E70A48FCF718FB3B
:10B5E000D1E70848FCF714FBF3E70548FCF710FB2C
:10B5F000AEE7F6F71DFA00BF0008002078490020EA
:10B60000204E0108704E01080000000000000000FC
:10B6100000B5074B83B01A680192019A1B689A42E1
:10B6200004D103B05DF804EB02F082BAF6F700FA39
:10B6300000080020000000000000000000000000E2
:10B6400010B50A4B0A4A1968026082B001240191C0
:10B6500001991A680471002391424363C0E90A33D7
:10B6600001D102B010BDF6F7E3F900BF00080020D9
:10B67000804E0108000000000000000000000000F3
:10B6800030B5084C83B025680195019D2468A5421A
:10B6900005D10C3003B0BDE83040FEF7E9B8F6F74D
:10B6A000C7F900BF000800200000000000000000F3
:10B6B00010B5094B82B01C680194019C1B689C4228
:10B6C00007D10C304FF0FF3302B0BDE81040FEF759
:10B6D000CFB8F6F7ADF900BF000800200000000069
:10B6E00030B5084C83B025680195019D2468A542BA
:10B6F00005D1303003B0BDE83040FEF7F1B9F6F7C0
:10B7000097F900BF000800200000000000000000C2
:10B7100010B5094B82B01C680194019C1B689C42C7
:10B7200007D130304FF0FF3302B0BDE81040FEF7D4
:10B73000D7B9F6F77DF900BF00080020000000002F
:10B7400000B5084B83B01A680192019A1B689A42AF
:10B7500005D10C3003B05DF804EBFEF739B8F6F70D
:10B7600067F900BF00080020000000000000000092
:10B7700000B5094B83B01A680192019A1B689A427E
:10B7800007D10C304FF0FF3103B05DF804EBFEF74A
:10B790001FB8F6F74DF900BF0008002000000000B8
:10B7A00010B5084B82B01C680194019C1B689C4238
:10B7B00005D1303002B0BDE81040FEF7F9B8F6F719
:10B7C00037F900BF00080020000000000000000062
:10B7D00000B5094B83B01A680192019A1B689A421E
:10B7E00007D130304FF0FF3203B05DF804EBFEF7C5
:10B7F000DFB8F6F71DF900BF0008002000000000C8
:10B8000000B5074B83B01A680192019A1B689A42EF
:10B8100004D103B05DF804EB04F042BFF6F708F979
:10B8200000080020000000000000000000000000F0
:10B83000F0B5144D144B2F68044685B040F8043B16
:10B840004FF0010C00940B461646606084F808C067
:10B8500004F1540104F10C0080220397FDF768FF06
:10B8600033468022009404F1D40104F13000FEF745
:10B870007FF8039A2B689A4201D105B0F0BDF6F724
:10B88000D7F800BF00080020B04E010800000000FB
:10B8900070B5174D82B004462B6801930E46FCF735
:10B8A00027FBF4B1FCF724FB636963B1314604F173
:10B8B0000C00FDF75DFF0028019A2B6808DB9A4217
:10B8C00013D102B070BD04216018FDF701FFEDE750
:10B8D0009A420AD1201D802102B0BDE87040FDF7D8
:10B8E000F7BE0448FCF794F9DCE7F6F7A1F800BFCF
:10B8F00000080020A04E0108000000000000000029
:10B9000000B5064B83B01A680192019A1B689A42EF
:10B9100002D103B05DF804FBF6F78AF800080020B6
:10B9200000B5074B83B01A680192019A1B689A42CE
:10B9300004D103B05DF804EB04F0A2B8F6F778F890
:10B9400000080020000000000000000000000000CF
:10B9500000B50A4B83B01A68019201220270019966
:10B960001A6800239142C0E9013305D10C3003B0BD
:10B970005DF804EBFDF774BBF6F75AF800080020F9
:10B9800070B51E4D82B02B6801930E46044670B30D
:10B9900069B3202383F31188FDF74AFAFCF7D8F93D
:10B9A0002378013B012B02D91548FCF731F92046D9
:10B9B000666004F095F802232370FCF7E9F9FDF7BF
:10B9C0004FFA104B1A689A4204D0996993688A68B2
:10B9D0009A4208D3002383F31188019A2B689A4274
:10B9E00009D102B070BD0848FCF712F9F2E704482B
:10B9F000FCF70EF9CDE7F6F71BF800BF00080020B2
:10BA0000E04E010878490020D04E010800000000F7
:10BA100030B51B4D83B02B680193044648B32023F7
:10BA200083F31188FDF704FAFCF792F92378022BCF
:10BA300002D01448FCF7ECF8204604F0B9F8FCF703
:10BA4000A7F9FDF70DFA104B1A689A4204D09969CC
:10BA500093688A689A4208D3002383F31188019A75
:10BA60002B689A4209D103B030BD0848FCF7D0F8E2
:10BA7000F2E70448FCF7CCF8D1E7F5F7D9FF00BFAF
:10BA800000080020F04E010878490020D04E01083F
:10BA900030B51B4D83B02B680193044648B3202377
:10BAA00083F31188FDF7C4F9FCF752F92378022BD0
:10BAB00002D01448FCF7ACF8204604F091F8FCF7EB
:10BAC00067F9FDF7CDF9104B1A689A4204D09969CD
:10BAD00093688A689A4208D3002383F31188019AF5
:10BAE0002B689A4209D103B030BD0848FCF790F8A2
:10BAF000F2E70448FCF78CF8D1E7F5F799FF00BFAF
:10BB000000080020004F010878490020D04E0108AD
:10BB10002DE9F041274D82B02C6801940E469046E5
:10BB20001F46044608B1002938D12348FCF770F8B5
:10BB3000202383F31188FDF77BF9FCF709F92378BB
:10BB4000022B02D01C48FCF763F863681B6813B132
:10BB50001948FCF75DF803203B4642463146207009
:10BB6000204604F055F804F10800FCF709FFFCF743
:10BB70000FF9FDF775F9114B1A689A4204D09969CB
:10BB800093688A689A420ED3002383F31188019A3E
:10BB90002B689A420BD102B0BDE8F081002BC4D0D3
:10BBA000002AC5D1C1E70648FCF732F8ECE7F5F703
:10BBB0003FFF00BF00080020104F01087849002017
:10BBC000D04E01080000000000000000000000004E
:10BBD00000B5074B83B01A680192019A1B689A421C
:10BBE00004D103B05DF804EB04F052BCF5F720FF7C
:10BBF000000800200000000000000000000000001D
:10BC000000B5074B83B01A680192019A1B689A42EB
:10BC100004D103B05DF804EB03F0AABAF5F708FF0E
:10BC200000080020000000000000000000000000EC
:10BC300000B50C4B83B01A68019201220270019981
:10BC40001A6800239142C36183620362C362436244
:10BC50000363C0E9013302D103B05DF804FBF5F7DB
:10BC6000E7FE00BF00080020000000000000000008
:10BC7000F0B5124D83B004462B6801930E46FCF7D5
:10BC800037F9A4B1012000FA06F362899BB212EAE7
:10BC9000030706D1134320466381314603F080FD3C
:10BCA0003846019A2B689A4205D103B0F0BD04488A
:10BCB000FBF7AEFFE6E7F5F7BBFE00BF000800208C
:10BCC000204F0108000000000000000000000000FC
:10BCD000F0B5124D83B004462B6801930E46FCF775
:10BCE00007F9A4B1012000FA06F322899BB212EAF7
:10BCF000030706D1134320462381314603F070FD2C
:10BD00003846019A2B689A4205D103B0F0BD044829
:10BD1000FBF77EFFE6E7F5F78BFE00BF000800208B
:10BD2000404F01080000000000000000000000007B
:10BD300010B50D4A82B01168019102210170019C79
:10BD4000116800228C42C264C0E90222C0E90422C8
:10BD5000826180F8342004D102B0BDE8104003F0C5
:10BD600037BAF5F765FE00BF0008002000000000AC
:10BD7000F0B5C34D83B0044600222B6880F8342010
:10BD800000F14402019303F0FBFA63689B68002B07
:10BD900036D02046984798B3E16B94F8443094F835
:10BDA0004B0094F84A2042EA00228A422CBF0A46FD
:10BDB000E2631806E16800F1A680002A00F08480A2
:10BDC000042384F834308B69A16BD96000265A6053
:10BDD0001E709E603146204603F0EAFA202383F36A
:10BDE0001188FDF755F8FBF7F3FF31462046FFF7C2
:10BDF0003FFFFCF70DF8FDF763F886F3118816E0B6
:10BE000094F8443013F06006184617D000212046FD
:10BE100003F02EFD0021204603F00AFD63681B6835
:10BE200013B1052120469847062384F83430019A3F
:10BE30002B689A4240F03A8103B0F0BD94F8451067
:10BE400003F07F0242EA0122B2F5407F00F0058153
:10BE500017D9B2F5C06F00F0C68040F28A80B2F503
:10BE6000106F64D040F602418A4200F0D880B2F5EB
:10BE7000006FCBD104F14F0201212664C4E90E21E9
:10BE80008DE7022A00F0D28040F29280B2F5807FE6
:10BE900060D0B2F5817FB9D194F84630002BB5D18E
:10BEA00094F8483013F00F0107D01F06204600F128
:10BEB000F38003F0FDFC94F844000023C4E90E3342
:10BEC00023640306E16829D4052384F834304B69E0
:10BED00000261E70DE605E609E603146204603F0E4
:10BEE00007FB202383F31188FCF7D2FFFBF770FFD9
:10BEF00031462046FFF7ECFEFBF78AFFFCF7E0FF38
:10BF000086F3118893E74AB1012384F834304B69F2
:10BF1000A16BD96000265A601E70DDE7032384F808
:10BF200034308B6900261E70DE605E6051E794F845
:10BF3000463084F84F30002B40F09E80032323705E
:10BF400063681B68002BB8D020460221984794F8FC
:10BF50004400B2E794F84630012B7FF457AFB4F8B1
:10BF60004C30A66323F00203C4E90F66A4F84C30FA
:10BF7000A7E740F202339A4222D0B2F5A06F7FF4D5
:10BF800045AFB4F84430B3F5A06F96D194F846307D
:10BF900084F84E30204603F093F963681B6813B1B0
:10BFA000012120469847032394F84400237084E736
:10BFB00092BB04F14C0002212264C4E90E01EEE6BA
:10BFC00094F84630002B7FF421AF94F8483013F0FA
:10BFD0000F013FF472AF1E06204662D403F028FC26
:10BFE00094F8440069E794F84900616894F848308F
:10BFF0004F6894F8462094F8471043EA00232046FF
:10C00000B84700283FF402AF4368A363016894F87F
:10C010004430C4E90F16C2E6012A7FF4F7AE194A8C
:10C02000A26302210022C4E90F12B8E694F8483056
:10C0300003F00F011B06204628D403F061F9012804
:10C0400028D002287FF4E2AE0F4BA3630221002325
:10C05000C4E90F1394F84430A1E694F84630012B5C
:10C060007FF4D4AEB4F84C30A66343F00203C4E9C5
:10C070000F66A4F84C3024E70423237060E700BF68
:10C0800000080020A04F0108804F010803F058F974
:10C090000128D6D1064BD8E703F02AFC94F84400D7
:10C0A0000BE703F0E5FB94F8440006E7F5F7C0FC66
:10C0B000904F010800000000000000000000000098
:10C0C00070B5454D90F834302A6882B0044601922C
:10C0D000062B57D8DFE803F004255404041E07009C
:10C0E0003E48FBF795FD0021204603F0C1FB0021EF
:10C0F000204603F09DFB63681B6813B105212046B1
:10C100009847062384F83430019A2B689A4261D10B
:10C1100002B070BD036C03B19847002384F834303B
:10C12000F2E790F84B0094F84A20E16BE36842EAAA
:10C130000022914205D21A8AB1FBF2F602FB1616D2
:10C1400056B3032284F834209B6900261E70DE60FB
:10C15000C3E901663146204603F02AF9202383F320
:10C160001188FCF795FEFBF733FE31462046FFF7BA
:10C170007FFDFBF74DFEFCF7A3FE86F31188C3E7B6
:10C18000C368DEE7019A2B689A4223D1134802B0B4
:10C19000BDE87040FBF73CBD5B6931461E70DE6058
:10C1A000C3E90166204603F0A3F9202383F3118835
:10C1B000FCF76EFEFBF70CFE31462046FFF788FDCC
:10C1C000FBF726FEFCF77CFE86F31188022384F839
:10C1D000343099E7F5F72CFC00080020604F010887
:10C1E00070B5304D90F834302A6882B00446019220
:10C1F000062B4AD8DFE803F00404043D1E040700C0
:10C200002948FBF705FD0021204603F031FB002102
:10C21000204603F00DFB63681B6813B1052120461F
:10C220009847062384F83430019A2B689A4236D115
:10C2300002B070BDC368052280F834205B69002617
:10C240001E70DE60C3E90166314603F051F9202318
:10C2500083F31188FCF71CFEFBF7BAFD314620463C
:10C26000FFF736FDFBF7D4FDFCF72AFE86F31188B5
:10C27000DAE7C3689B699B68002BD5D1036C03B1D7
:10C280009847002384F83430CEE7019A2B689A420D
:10C2900005D1054802B0BDE87040FBF7B9BCF5F721
:10C2A000C7FB00BF00080020704F0108000000001D
:10C2B00030B54309104D83B09B002A68019200F10C
:10C2C000604403F1604303F561430122090104F571
:10C2D000614400F01F0002FA00F0C9B284F80013B4
:10C2E000C3F880011860019A2B689A4201D103B00B
:10C2F00030BDF5F79DFB00BF0008002000000000E6
:10C3000030B543090B490C4C00F01F0583B02033B6
:10C310000122AA4020440D68019544F823200023FF
:10C3200080F80033019A0B689A4201D103B030BD06
:10C33000F5F77EFB0008002000E100E000000000AF
:10C3400070B50D4E82B0336801930C2804460D463B
:10C3500002D90A48FBF75CFC04F1604000F56D402F
:10C360002D01EDB20576019A33689A4201D102B0EF
:10C3700070BDF5F75DFB00BF00080020B04F01085D
:10C3800010B50F4C82B023680193FCF719FDFBF741
:10C390005FFD0C4B0C4A196801F03D019960136870
:10C3A0000BB150689847FBF77BFD019A23689A42CE
:10C3B00004D102B0BDE81040FDF7CABCF5F738FB68
:10C3C000000800200060024018500020000000001B
:10C3D00030B5104C83B023680193FCF7F1FCFBF7F8
:10C3E00037FD0D4B0D4819688268890901F03D0140
:10C3F0008D019D600AB1C0689047FBF751FD019A1D
:10C4000023689A4204D103B0BDE83040FDF7A0BCD8
:10C41000F5F70EFB000800200060024018500020D5
:10C4200030B5104C83B023680193FCF7C9FCFBF7CF
:10C430000FFD0D4B0D4819680269090C01F03D0113
:10C440000D049D600AB140699047FBF729FD019AF0
:10C4500023689A4204D103B0BDE83040FDF778BCB0
:10C46000F5F7E6FA000800200060024018500020AE
:10C4700030B5104C83B023680193FCF7A1FCFBF7A7
:10C48000E7FC0D4B0D4819688269890D01F03D01EB
:10C490008D059D600AB1C0699047FBF701FD019AC7
:10C4A00023689A4204D103B0BDE83040FDF750BC88
:10C4B000F5F7BEFA00080020006002401850002086
:10C4C00010B50F4C82B023680193FCF779FCFBF7A1
:10C4D000BFFC0C4B0C485968026A01F03D01D96061
:10C4E0000AB1406A9047FBF7DBFC019A23689A4245
:10C4F00004D102B0BDE81040FDF72ABCF5F798FA68
:10C5000000080020006002401850002000000000D9
:10C5100030B5104C83B023680193FCF751FCFBF756
:10C5200097FC0D4B0D485968826A890901F03D015D
:10C530008D01DD600AB1C06A9047FBF7B1FC019A3A
:10C5400023689A4204D103B0BDE83040FDF700BC37
:10C55000F5F76EFA00080020006002401850002035
:10C5600030B5104C83B023680193FCF729FCFBF72E
:10C570006FFC0D4B0D485968026B090C01F03D0131
:10C580000D04DD600AB1406B9047FBF789FC019A0E
:10C5900023689A4204D103B0BDE83040FDF7D8BB10
:10C5A000F5F746FA0008002000600240185000200D
:10C5B00030B5104C83B023680193FCF701FCFBF706
:10C5C00047FC0D4B0D485968826B890D01F03D0108
:10C5D0008D05DD600AB1C06B9047FBF761FC019AE5
:10C5E00023689A4204D103B0BDE83040FDF7B0BBE8
:10C5F000F5F71EFA000800200060024018500020E5
:10C6000010B50F4C82B023680193FCF7D9FBFBF700
:10C610001FFC0C4B0C481968026C01F03D0199603D
:10C620000AB1406C9047FBF73BFC019A23689A42A1
:10C6300004D102B0BDE81040FDF78ABBF5F7F8F968
:10C640000008002000640240185000200000000094
:10C6500030B5104C83B023680193FCF7B1FBFBF7B6
:10C66000F7FB0D4B0D481968826C890901F03D01FB
:10C670008D019D600AB1C06C9047FBF711FC019AD7
:10C6800023689A4204D103B0BDE83040FDF760BB97
:10C69000F5F7CEF900080020006402401850002091
:10C6A00030B5104C83B023680193FCF789FBFBF78E
:10C6B000CFFB0D4B0D481968026D090C01F03D01CF
:10C6C0000D049D600AB1406D9047FBF7E9FB019AAC
:10C6D00023689A4204D103B0BDE83040FDF738BB6F
:10C6E000F5F7A6F900080020006402401850002069
:10C6F00030B5104C83B023680193FCF761FBFBF766
:10C70000A7FB0D4B0D481968826D890D01F03D01A5
:10C710008D059D600AB1C06D9047FBF7C1FB019A82
:10C7200023689A4204D103B0BDE83040FDF710BB46
:10C73000F5F77EF900080020006402401850002040
:10C7400010B50F4C82B023680193FCF739FBFBF75F
:10C750007FFB0C4B0C485968026E01F03D01D9601B
:10C760000AB1406E9047FBF79BFB019A23689A42FF
:10C7700004D102B0BDE81040FDF7EABAF5F758F968
:10C780000008002000640240185000200000000053
:10C7900030B5104C83B023680193FCF711FBFBF715
:10C7A00057FB0D4B0D485968826E890901F03D0118
:10C7B0008D01DD600AB1C06E9047FBF771FB019AF5
:10C7C00023689A4204D103B0BDE83040FDF7C0BAF7
:10C7D000F5F72EF9000800200064024018500020F0
:10C7E00030B5104C83B023680193FCF7E9FAFBF7EE
:10C7F0002FFB0D4B0D485968026F090C01F03D01EC
:10C800000D04DD600AB1406F9047FBF749FB019AC8
:10C8100023689A4204D103B0BDE83040FDF798BACE
:10C82000F5F706F9000800200064024018500020C7
:10C8300030B5104C83B023680193FCF7C1FAFBF7C5
:10C8400007FB0D4B0D485968826F890D01F03D01C2
:10C850008D05DD600AB1C06F9047FBF721FB019A9F
:10C8600023689A4204D103B0BDE83040FDF770BAA6
:10C87000F5F7DEF8000800200064024018500020A0
:10C8800070B5134D134E2B68134A1448144C82B0E4
:10C890000021019331600B4601E052F80C0C01605D
:10C8A00044F833100133102B02F10C02F5D10D4A7C
:10C8B0000D494FF0FF338B60CB609360D360019ADA
:10C8C0002B689A4201D102B070BDF5F7B1F800BFF4
:10C8D00000080020985000201C5001081060024001
:10C8E0001850002000640240006002400000000078
:10C8F000F0B52E4E87B0346805940546002849D01F
:10C900002B4F95F809E0D7F800C0012000FA0EF48B
:10C9100014EA0C0F30D1274C44F83E2095F809E07A
:10C9200004EBCE0463606B7A984040EA0C0313F08A
:10C93000FF0F3B6004D0204C206B40F400102063BC
:10C9400013F47F4F1ED12868036823F01F03036090
:10C950002B681C6814F00104FBD12F7A68683D2312
:10C96000BB4003602B681C602B68212058617AB1A2
:10C97000A87AFFF79DFC2046059A33689A4213D1A6
:10C9800007B0F0BD0C48036B43F480030363DAE7A0
:10C990001046F1E709480191CDE90223FBF738F988
:10C9A000DDE902230199ABE7F5F742F80008002022
:10C9B000985000201850002000380240D04F010845
:10C9C00070B51B4E82B033680193044650B3194DC5
:10C9D000617A2A6801238B4013421FD0A07AFFF7A7
:10C9E0008FFC617A2B6801228A4023EA020313F04C
:10C9F000FF0F2B6004D110490A6B22F400120A6366
:10CA000013F47F4F04D10C4A136B23F48003136398
:10CA1000019A33689A4209D102B070BD0748FBF70A
:10CA2000F7F8DBE70548FBF7F3F8D0E7F5F700F890
:10CA3000000800209850002000380240F04F010804
:10CA400030B51C4C1C4B22681C4D83B04FF0FF319D
:10CA500001920022186919611A61586959615A6175
:10CA6000186A60F0805018621A62586A59625A62F5
:10CA7000196C41F080511964296841F48071296072
:10CA8000196F01F44071B1F5007F03D04FF480318C
:10CA900019671A67094A536823F400735360019AAF
:10CAA00023689A4204D103B0BDE83040FFF7E8BEE6
:10CAB000F4F7BEFF0008002000380240007000407C
:10CAC00010B53649364B0868364A82B04FF080546C
:10CAD00001904FF440401C6410601A6842F001025B
:10CAE0001A601A689007FCD598682D4A20F0030058
:10CAF000986098689860936813F00C03FBD11468F1
:10CB0000274804F0F90414609360136843F4A023E9
:10CB1000136003689A03FCD5436F214A43F0010375
:10CB20004367536F9B07FCD51F4B536013681D4829
:10CB300043F08073136043685C04FCD5184A1368A3
:10CB40009801FCD5194BC2F884301368144843F09F
:10CB50008063136003681B01FCD5154B154A826086
:10CB600040F205721A6083680D4A43F00203836045
:10CB7000936803F00C03082BFAD1536C43F4804301
:10CB80005364536E43F480435366019A0B689A4290
:10CB900001D102B010BDF4F74BFF00BF0008002028
:10CBA0000038024000700040185440070030006018
:10CBB000003C024000940838000000000000000023
:10CBC0002DE9F041194FDFF88C80194ED8F800306C
:10CBD000184C194D82B038460193FDF7F1F9174B07
:10CBE000FB623046164B7B633C63FDF7E9F9154A5F
:10CBF000154BF2622846A4F1180232637363FDF705
:10CC0000DFF9019AD8F8003010491148E862243C55
:10CC10009A42C5E90C4106D10621122002B0BDE8B6
:10CC2000F041FFF745BBF4F703FF00BF9C50002025
:10CC3000D4500020A05001080C51002000200140D9
:10CC4000162C020000210140162C0202162C0204B0
:10CC50000022014000080020000000000000000049
:10CC600070B5344D03782A6882B0012B019205D04B
:10CC7000019A2B689A425BD102B070BD2E4EB04231
:10CC8000044638D02D4EB04224D02D4EB0420FD0A5
:10CC90002C4A536803F4400343F440335360E26A80
:10CCA00000235360E26A9360E36A01229A60DFE73F
:10CCB0000346254A006B0621FFF71AFE002833D1F0
:10CCC000336B224A1B6822499960536C43F480639A
:10CCD0005364DDE703461C4A006B0621FFF708FE9C
:10CCE000F0B9336B194A1B681A499960536C43F4C5
:10CCF00000735364CCE70346134A006B0621FFF729
:10CD0000F7FD48B9336B114A1B6813499960536C9E
:10CD100043F480735364BBE71048FAF779FFF1E7F7
:10CD20000E48FAF775FFDCE70C48FAF771FFC7E722
:10CD3000F4F77EFE000800209C500020D450002014
:10CD40000C5100200023014001D0000800380240AF
:10CD50004C2201404C2101404C200140D0500108A0
:10CD600070B503692C491A780C6882B00194446B41
:10CD700032B1C268012A94BF44F4807444F48474CC
:10CD8000026B85681268D560056B5E88C2682D6885
:10CD900002FB06F26A60026B12681460026B146890
:10CDA000226842F001022260C26A00241460C26A52
:10CDB0005C69D460C26A9C691461C26ADC69D4622D
:10CDC000C26A1C6A1463C26A5C6A5463DA68C46A21
:10CDD00042F0806242F4807262601B695A000BD498
:10CDE00043F44073C26A43F001039360019A0B68F5
:10CDF0009A420ED102B070BD23F0804240F203345B
:10CE0000C56A22F002022243AA60C26A23439360E9
:10CE1000ECE7F4F70DFE00BF000800200000000062
:10CE200030B5026B114C1268236883B0019313680C
:10CE300023F01F031360016B0A68136813F00103EA
:10CE4000FBD10D7A49683D22AA400A60C26A53604C
:10CE5000C26A9360C36A01229A60019A23689A4267
:10CE600001D103B030BDF4F7E3FD00BF000800209E
:10CE700070B5574C82B023680193FBF7A1FFFAF716
:10CE8000E7FF544B1A6800211960910605D5524DF1
:10CE90002B6B1B685B68002B6FD1504B1A6800210D
:10CEA0009206196005D54E4D2B6B1B685B68002BF5
:10CEB0003BD14C4B1A680021196093062AD54A4D84
:10CEC0002B6B1B685B682BB32B691BB32846FFF7E2
:10CED000A7FF2B699B684BB105222A7001212846C8
:10CEE00098472B78052B04BF02232B7000262E6158
:10CEF000202383F31188FBF7CBFFFAF769FF4FF08C
:10CF0000FF313A48FBF794FDFAF782FFFBF7D8FFB1
:10CF100086F31188FAF7C4FF019A23689A4254D124
:10CF200002B0BDE87040FCF713BF2B69002BC0D0E6
:10CF30002846FFF775FF2B699B684BB105222A70C5
:10CF40000121284698472B78052B04BF02232B701C
:10CF500000262E61202383F31188FBF799FFFAF74F
:10CF600037FF4FF0FF312248FBF762FDFAF750FF21
:10CF7000FBF7A6FF86F311889BE72B69002B8CD06B
:10CF80002846FFF74DFF2B699B684BB105222A709D
:10CF90000121284698472B78052B04BF02232B70CC
:10CFA00000262E61202383F31188FBF771FFFAF727
:10CFB0000FFF4FF0FF310F48FBF73AFDFAF728FF5C
:10CFC000FBF77EFF86F3118867E7F4F731FD00BFBA
:10CFD00000080020002001409C500020002101405A
:10CFE000D4500020002201400C510020205100208C
:10CFF000E8500020B05000200000000000000000B9
:10D00000F0B5484D83B02B68019311F00C0F044626
:10D010001DD10369002B3FD08E0643D51A78002A14
:10D0200050D05E68002E37D0D0E90212012A71D9A3
:10D03000019F2C68A7424FEA520271D15B885400CD
:10D0400004FB0311334603B0BDE8F0401847FFF777
:10D05000E7FE23699A6852B1052222709B6800217D
:10D06000204698472378052B04BF0223237000260F
:10D070002661202383F31188FBF70AFFFAF7A8FE45
:10D0800004F114004FF0FF31FBF7D2FCFAF7C0FEB9
:10D09000FBF716FF86F31188019A2B689A423FD15D
:10D0A00003B0F0BDCA06F7D55B68002BF4D0019938
:10D0B0002A68914234D1D0E90212520803B0BDE887
:10D0C000F0401847FFF7ACFE23695A68EAB1042222
:10D0D00022705B68D4E90212204698472378042B1B
:10D0E00013D0202383F31188FBF7D2FEFAF770FEEA
:10D0F00004F114000021FBF79BFCFAF789FEFBF713
:10D10000DFFE002383F31188C6E70222002322708A
:10D110002361E6E7019C2B689C4208BF334692D00E
:10D12000F4F786FC0008002000000000000000006A
:10D1300010B50E4C82B023680193FBF741FEFAF75D
:10D1400087FE0B480B4A4368012151615B6800214F
:10D150009847FAF7A5FE019A23689A4204D102B0D3
:10D16000BDE81040FCF7F4BDF4F762FC00080020B5
:10D1700074510020003C014000000000000000004D
:10D1800010B50E4C82B023680193FBF719FEFAF735
:10D190005FFE0B480B4A436802215161DB680121A5
:10D1A0009847FAF77DFE019A23689A4204D102B0AB
:10D1B000BDE81040FCF7CCBDF4F73AFC00080020B5
:10D1C00074510020003C01400000000000000000FD
:10D1D00010B50E4C82B023680193FBF7F1FDFAF70E
:10D1E00037FE0B480B4A4368042151615B690221F9
:10D1F0009847FAF755FE019A23689A4204D102B083
:10D20000BDE81040FCF7A4BDF4F712FC00080020B4
:10D2100074510020003C01400000000000000000AC
:10D2200010B50E4C82B023680193FBF7C9FDFAF7E5
:10D230000FFE0B480B4A436808215161DB6903214B
:10D240009847FAF72DFE019A23689A4204D102B05A
:10D25000BDE81040FCF77CBDF4F7EAFB00080020B5
:10D2600074510020003C014000000000000000005C
:10D2700010B50E4C82B023680193FBF7A1FDFAF7BD
:10D28000E7FD0B480B4A4368102151615B6A04219A
:10D290009847FAF705FE019A23689A4204D102B032
:10D2A000BDE81040FCF754BDF4F7C2FB00080020B5
:10D2B00074510020003C014000000000000000000C
:10D2C00030B51E4D83B02B680193FBF779FDFAF75B
:10D2D000BFFD1B4B5C6904F478725A61A30604D548
:10D2E000184843680521DB6A9847600604D515484D
:10D2F000436806215B6B9847210604D511484368B3
:10D300000721DB6B9847E20504D50E4843680821E6
:10D310005B6C9847A30504D50A4843680921DB6C78
:10D320009847FAF7BDFD019A2B689A4204D103B0E1
:10D33000BDE83040FCF70CBDF4F77AFB0008002094
:10D34000003C01407451002000000000000000007B
:10D3500030B5224D83B02B680193FBF731FDFAF70E
:10D3600077FD1F4B5C6904F47C425A61620504D569
:10D370001C4843680A215B6D9847230504D519486A
:10D3800043680B21DB6D9847E00404D515484368DA
:10D390000C215B6E9847A10404D5124843680D2107
:10D3A000DB6E9847620404D50E4843680E215B6F1C
:10D3B0009847230404D50B4843680F21DB6F984737
:10D3C000FAF76EFD019A2B689A4204D103B0BDE8CA
:10D3D0003040FCF7BDBCF4F72BFB00BF0008002079
:10D3E000003C0140745100200000000000000000DB
:10D3F00010B50F4C82B023680193FBF7E1FCFAF7FC
:10D4000027FD0C480C4A43684FF480315161D3F832
:10D41000843010219847FAF743FD019A23689A4215
:10D4200004D102B0BDE81040FCF792BCF4F700FB59
:10D430000008002074510020003C01400000000062
:10D4400010B50F4C82B023680193FBF7B9FCFAF7D3
:10D45000FFFC0C480C4A43684FF400315161D3F88B
:10D460008C3011219847FAF71BFD019A23689A42E4
:10D4700004D102B0BDE81040FCF76ABCF4F7D8FA5A
:10D480000008002074510020003C01400000000012
:10D4900010B50F4C82B023680193FBF791FCFAF7AB
:10D4A000D7FC0C480C4A43684FF480215161D3F8F3
:10D4B000943012219847FAF7F3FC019A23689A42B4
:10D4C00004D102B0BDE81040FCF742BCF4F7B0FA5A
:10D4D0000008002074510020003C014000000000C2
:10D4E00010B50F4C82B023680193FBF769FCFAF783
:10D4F000AFFC0C480C4A43684FF400215161D3F84B
:10D500009C3013219847FAF7CBFC019A23689A4282
:10D5100004D102B0BDE81040FCF71ABCF4F788FA59
:10D520000008002074510020003C01400000000071
:10D5300010B50F4C82B023680193FBF741FCFAF75A
:10D5400087FC0C480C4A43684FF480115161D3F8B2
:10D55000A43014219847FAF7A3FC019A23689A4251
:10D5600004D102B0BDE81040FCF7F2BBF4F760FA5A
:10D570000008002074510020003C01400000000021
:10D5800010B50F4C82B023680193FBF719FCFAF732
:10D590005FFC0C480C4A43684FF400115161D3F80A
:10D5A000AC3015219847FAF77BFC019A23689A4220
:10D5B00004D102B0BDE81040FCF7CABBF4F738FA5A
:10D5C0000008002074510020003C014000000000D1
:10D5D00010B50F4C82B023680193FBF7F1FBFAF70B
:10D5E00037FC0C480C4A43684FF480015161D3F872
:10D5F000B43016219847FAF753FC019A23689A42EF
:10D6000004D102B0BDE81040FCF7A2BBF4F710FA59
:10D610000008002074510020003C01400000000080
:10D62000F0B54D4D4D4E2B684D4C83B00193336C8E
:10D6300043F000733364D4F800321B0C1B0443F036
:10D64000010343EA0023C4F80032002967D0002315
:10D65000C4F81C321846C4F80432C4F80C32C4F8BA
:10D6600014321C46C30003F1804303F5C843013064
:10D670001C28C3F84042C3F84442F3D1384B10325F
:10D6800000264FF0010CA2F11007387952F8104C27
:10D6900010F0010F0CFA04F405D0D3F80402204373
:10D6A000C3F80402387910F0020F05D0D3F80C0249
:10D6B0002043C3F80C023879400704D5D3F814028C
:10D6C0002043C3F8140252F8100C52F8087C48307A
:10D6D000013643F8307052F8100C52F8047C483090
:10D6E00003EBC000B1424760D3F81C0244EA0004D7
:10D6F00002F11002C3F81C42C5D11949174AD1F8EA
:10D70000003223F00103C1F80032136C23F00073E0
:10D710001364019A2B689A421BD103B0F0BDC2007A
:10D7200002F18042012302F5C842834043F0010325
:10D73000C4F84012C4F84412C2F84012C2F84412AD
:10D74000C4F80412C4F81412C4F80C32C4F81C3221
:10D75000D3E7F4F76DF900BF00080020003802405D
:10D760000064004000000000000000000000000015
:10D7700030B5184D184C2B6883B00193FBF720FB94
:10D78000FAF766FBE36A154A9A60202383F311884F
:10D79000FBF77EFBFAF71CFB04F108000021FBF706
:10D7A000FFF904F11C000121FBF792FFFAF730FBAF
:10D7B000FBF786FB002383F31188FAF771FB019ACC
:10D7C0002B689A4204D103B0BDE83040FCF7C0BAE0
:10D7D000F4F72EF900080020445100200101010057
:10D7E00070B5274D274C2B6882B00193FBF7E8FA00
:10D7F000FAF72EFBE36ADE68B20721D1F30614D5EF
:10D80000E36A1024DC60202383F31188FBF740FBDC
:10D81000FAF7DEFA21461C48FBF75AFFFAF7F8FA46
:10D82000FBF74EFB002383F31188FAF739FB019ACB
:10D830002B689A4221D102B0BDE87040FCF788BA4B
:10D840005A6922F002025A61202383F31188FBF700
:10D850001FFBFAF7BDFA04F110000021FBF7A0F955
:10D8600004F118000121FBF733FFFAF7D1FAFBF7B7
:10D8700027FB002383F31188C0E7F4F7D9F800BF32
:10D8800000080020445100206451002000000000E6
:10D8900070B5274D274C2B6882B00193FBF790FAA7
:10D8A000FAF7D6FAE36A1E69B20721D1F30614D556
:10D8B000E36A10241C61202383F31188FBF7E8FA44
:10D8C000FAF786FA21461C48FBF702FFFAF7A0FA9E
:10D8D000FBF7F6FA002383F31188FAF7E1FA019ACD
:10D8E0002B689A4221D102B0BDE87040FCF730BAF3
:10D8F0005A6922F010025A61202383F31188FBF742
:10D90000C7FAFAF765FA04F110000021FBF748F9AD
:10D9100004F118000221FBF7DBFEFAF779FAFBF7B6
:10D92000CFFA002383F31188C0E7F4F781F800BF32
:10D930000008002044510020645100200000000035
:10D9400070B52C4D2C4C2B6882B00193FBF738FA44
:10D95000FAF77EFAE36A5E681C225A6032072CD41A
:10D9600073071FD5E36A9C699A6904F0070622F0E1
:10D97000700214F0700F9A6118BF46F00806202359
:10D9800083F31188FBF784FAFAF722FA46EA044196
:10D990001A48FBF79DFEFAF73BFAFBF791FA0023D2
:10D9A00083F31188FAF77CFA019A2B689A421FD107
:10D9B00002B0BDE87040FCF7CBB9E26A03232370E4
:10D9C000136823F002031360202383F31188FBF70D
:10D9D0005FFAFAF7FDF904F128000021FBF778FE61
:10D9E000FAF716FAFBF76CFA002383F31188B7E70E
:10D9F000F4F71EF800080020445100206451002074
:10DA000030B50C4D0C4C2B6883B020460193FCF7CD
:10DA1000EFFB019A2B680949E1629A4207D1002283
:10DA200011460E2003B0BDE83040FFF7F9BDF3F713
:10DA3000FFFF00BF000800204451002000640040A8
:10DA400000B5084B83B01A680192019A1B689A428C
:10DA500005D1054803B05DF804EBFCF751BDF3F7C1
:10DA6000E7FF00BF00080020745100200000000004
:10DA700010B5144C82B0236801938A0701F00103AA
:10DA800048BF43F002034A0748BF43F008030A07B0
:10DA900048BF43F00403CA0648BF43F010038A0698
:10DAA00048BF43F020038A050268019948BF43F04C
:10DAB0004003134303602368994201D102B010BDB3
:10DAC000F3F7B6FF0008002000000000000000008F
:10DAD00030B5144D83B02B680193FBF771F9FAF759
:10DAE000B7F9202383F31188FBF7D2F9FAF770F91D
:10DAF0000D4B0E480024DC632146FAF799FFFAF734
:10DB000087F9FBF7DDF984F31188FAF7C9F9019A6F
:10DB10002B689A4204D103B0BDE83040FCF718B935
:10DB2000F3F786FF00080020002C0140B8510020C8
:10DB300030B50B4C0B4D83B02B6801932046FDF79D
:10DB40007FFD019A2B680848084960649A424FF0AB
:10DB50000000E063A16401D103B030BDF3F768FFBA
:10DB60007C5100200008002094500108002C014046
:10DB700000B50E4A836C116883B001917821596019
:10DB8000816C0B6843F003030B60816C4B6843F4BA
:10DB900080734B6001991368994205D10A2003B044
:10DBA0005DF804EBFAF70CBEF3F742FF0008002023
:10DBB00000B5094A816C136883B001934B6823F068
:10DBC000FF034B6001991368994202D103B05DF8DD
:10DBD00004FBF3F72DFF00BF000800200000000049
:10DBE00000B5094B816C1A6883B0019200224A602B
:10DBF000816C0A60019A1B689A4202D103B05DF8F9
:10DC000004FBF3F715FF00BF000800200000000030
:10DC100000B50F4A806C136883B0012901934368F3
:10DC200023F4C0530DD00AD3022906D001991368FA
:10DC300099420AD103B05DF804FB43F4805343607A
:10DC4000F4E743F400634360F0E7F3F7F1FE00BF4D
:10DC5000000800200000000000000000000000009C
:10DC600030B50C4C836C256883B041F4806101951C
:10DC70009A60836CD960826C536B1B06FCD5802341
:10DC80009363019A23689A4201D103B030BDF3F740
:10DC9000CFFE00BF000800200000000000000000D0
:10DCA00070B5124D846C2E6882B041F48861019683
:10DCB000A260826CD160826C516B11F04504FBD084
:10DCC000946311F0040209D1816C4969196010460E
:10DCD000019A2B689A4206D102B070BD3430FFF72A
:10DCE000C7FE0120F4E7F3F7A3FE00BF0008002001
:10DCF00070B5124D846C2E6882B041F48861019633
:10DD0000A260826CD160826C516B11F04504FBD033
:10DD1000946311F0050209D1816C496919601046BC
:10DD2000019A2B689A4206D102B070BD3430FFF7D9
:10DD30009FFE0120F4E7F3F77BFE00BF0008002000
:10DD4000F0B53A4D83B02B68019304460E46174652
:10DD5000202383F31188FBF76BF8F9F7F9FFA36C25
:10DD6000DA6B002A39D15B6BDB053ED5616C0A6842
:10DD7000136813F00103FBD191F808C048682C49DF
:10DD80003D2202FA0CF20260A26C9163A26CD36293
:10DD9000F9F7FEFFFBF764F8264B1A689A4204D0A5
:10DDA000996993688A689A4231D3002282F3118874
:10DDB000012E0BD901992B68994235D13B4620465B
:10DDC0000C2103B0BDE8F040FFF792BF1046019A66
:10DDD0002B689A4228D103B0F0BD04F13C00FAF759
:10DDE000CFFDA36C5B6BDB05C0D4F9F7D1FFFBF76C
:10DDF00037F8104B1A689A4204D0996993688A6878
:10DE00009A420DD3002383F311880120DFE70A48EB
:10DE1000F9F7FEFE002282F31188012ECAD8D5E759
:10DE20000548F9F7F5FEEDE7F3F702FE00080020DC
:10DE3000FF07C000784900204051010800000000A1
:10DE40002DE9F0410546224E406C3368077AAC6CF0
:10DE5000406882B0884601933D23BB40D4F834C06B
:10DE600003606B6C1868036823F01F030360686C21
:10DE7000036817461C6814F00104FBD190F808E011
:10DE80004168144A3D2303FA0EF30B60AB6C9A63AE
:10DE9000AB6CDC63AB6C6146DC6205F13400FFF710
:10DEA000E7FDB8F1010F019A33680AD99A420DD102
:10DEB0003B46224628460C2102B0BDE8F041FFF760
:10DEC00017BF9A4202D102B0BDE8F081F3F7B0FD6E
:10DED00000080020FF07C000000000000000000054
:10DEE00070B5164D846C2E6882B041F4986101962D
:10DEF000A260826CD160826C516B11F04504FBD042
:10DF0000946311F03F0212D1816C096A1960816C2F
:10DF1000C9695960816C89699960816C4969D96066
:10DF20001046019A2B689A4206D102B070BD343077
:10DF3000FFF79EFD0120F4E7F3F77AFD00080020CB
:10DF40002DE9F0432E4E83B034680194B2F1807F06
:10DF5000DDF828801546044689461F4649D2A36C41
:10DF6000284A5A622046FDF7BBFA00283FD1636C6D
:10DF700025491B68C3F80C90636C1B68AA085A609B
:10DF8000D4E910231B681A60636C1A68136843F0A5
:10DF900001031360A36C9963A36C40F22A32DA6325
:10DFA000A36C9D62A36C0F206D46D8624246394631
:10DFB0002B462046FFF79CFE60B120462A460121F1
:10DFC000FFF73EFF0120019A33689A4215D103B052
:10DFD000BDE8F083009A0D4B1340002BEDD12A468B
:10DFE00001212046FFF7ACFE0028E6D1EBE76D46A5
:10DFF000E3E70748F9F70CFEB1E7F3F719FD00BFB7
:10E0000000080020C0270900FF07C00008E0FFFD4E
:10E01000E0500108000000000000000000000000C7
:10E020002DE9F041324E1D4682B033680193B5F5BB
:10E03000004F04460F4690464CD2A36C2D4A5A62BC
:10E040002046FDF74DFA30B1019A33689A424CD11F
:10E0500002B0BDE8F081636C27481B68C3F80C80F0
:10E06000626C6B02126899085160D4E91012126850
:10E070001160626C11680A6842F001020A60A26CC9
:10E080009063A26C40F22A31D163A26C9362A36CBC
:10E090009B22DA62236BDB0658BF7F02E846012D24
:10E0A0003A4643461AD912212046FFF721FE50B9BD
:10E0B000009A124B134033B9424629462046FFF7D7
:10E0C0003FFE0028C0D0204642462946FFF7B8FE52
:10E0D0000120B9E70A48F9F79BFDAEE71121204678
:10E0E000FFF706FE0028E3D0EDE7F3F7A1FC00BF41
:10E0F00000080020C0270900FF07C00008E0FFFD5E
:10E1000000510108000000000000000000000000B5
:10E110002DE9F041334E1D4684B033680393B5F5C5
:10E12000004F04460F4690464ED2A36C2E4A5A62C8
:10E130002046FDF7D5F930B1039A33689A424ED1A3
:10E1400004B0BDE8F081636C28481B68C3F80C80FC
:10E15000626C6B02126899085160D4E91021096859
:10E1600042F040020A60626C11680A6842F00102E3
:10E170000A60A26C9063A26C40F21A31D163A26C67
:10E180009362236BDB0658BF7F0202AB012D019324
:10E190003A461DD919212046FFF7AAFD68B9029A0F
:10E1A000134B13404BB9A36C9922DA622946019AAA
:10E1B0002046FFF7C5FD0028BED020462946019A1B
:10E1C000FFF73EFE0120B7E70A48F9F721FDACE76B
:10E1D00018212046FFF78CFD0028E0D0EDE7F3F78B
:10E1E00027FC00BF00080020808D5B00FF07C000F7
:10E1F00008E0FFFD205101080000000000000000C1
:10E200002DE9F043DFF8749083B0D9F80040019411
:10E21000940724D01F4603B3154680460C46164E7D
:10E220000F440AE0284601344FF400723146F2F7F9
:10E23000EFFDBC4205F500750FD0012332462146A3
:10E240004046FFF7EDFE0028ECD0019AD9F80030E7
:10E250009A420ED103B0BDE8F0830020F5E7019D9E
:10E26000D9F80040A54204D103B0BDE8F043FFF760
:10E27000D7BEF3F7DDFB00BFC85100200008002027
:10E280002DE9F043DFF8749083B0D9F80040019491
:10E29000940724D01F4603B3154680460C46164EFD
:10E2A0000F4402E00134BC4217D029464FF40072FB
:10E2B0003046F2F7ADFD0123324621464046FFF7D6
:10E2C00027FF05F500750028ECD0019AD9F8003039
:10E2D0009A420ED103B0BDE8F0830020F5E7019D1E
:10E2E000D9F80040A54204D103B0BDE8F043FFF7E0
:10E2F0000FBFF3F79DFB00BFC851002000080020AE
:10E3000000B5074B83B01A680192019A1B689A42C4
:10E3100003D1002003B05DF804FBF3F789FB00BFD5
:10E3200000080020000000000000000000000000C5
:10E3300030B5094D094C2B6883B020460193FBF79B
:10E340009FFF019A2B680649E1629A4201D103B00E
:10E3500030BDF3F76DFB00BF00080020C85300205C
:10E3600090510108000000000000000000000000C3
:10E3700030B50469174BA4781D6883B0012C019552
:10E3800016D010D3022C09D0019A1B689A421FD1D3
:10E39000114803B0BDE83040F9F73ABCC06A0068E4
:10E3A000A1B9026108E0C06A006869B9826003E04F
:10E3B000C06A006831B18261019A1B689A4207D134
:10E3C00003B030BDC260F7E74261F5E7C261F3E731
:10E3D000F3F72EFB00080020505101080000000058
:10E3E00030B5194B0278196883B0012A019105D024
:10E3F000019A1B689A4224D103B030BD134A90425F
:10E4000019D0C26A1168D4680A6822400A60C26AD8
:10E41000116895680C680122AA4022430A60019A9B
:10E420001B689A420DD103691A88002103B0BDE828
:10E430003040FFF79DBF06490A6C42F000520A6463
:10E44000DFE7F3F7F5FA00BF00080020C85300200B
:10E450000038024000000000000000000000000042
:10E46000F0B54A4E4268C36A176885899969484A77
:10E4700083B00446186933680193234607FB05F50A
:10E48000FEF736FA00284FD123699B78012B52D032
:10E490005CD3022B09D0019A33689A4274D13D486B
:10E4A00003B0BDE8F040F9F7B3BB63681B68012B0C
:10E4B00066D1E26A1368106951680268103303EB91
:10E4C00081039360E26A013553696D081269A1689E
:10E4D0001268D160E26A126912685560E26A1269D4
:10E4E000126843F01E031360E36A1B691A6813681D
:10E4F00043F001031360E36A60681968DB680A6827
:10E50000C5681A400A60E16A0A688868116841F2C1
:10E51000050343EAC50383400B431360019A336844
:10E520009A4231D103B0F0BD1A48F9F771FB236963
:10E530009B78012BACD163681B68012B18D1E26A70
:10E5400013681069516802680C3309E063681B683E
:10E55000012B11D1E26A106913685168026808330F
:10E5600003EB81039360E26A536943F42053ADE700
:10E570000848F9F74DFBE2E70648F9F749FBE9E7F8
:10E580000448F9F745FB94E7F3F752FA0008002036
:10E5900011E60008705101080000000000000000B2
:10E5A00030B5C36A174D1B692A6883B004460192CF
:10E5B0001A68136823F01F031360C36A19690A6895
:10E5C0001368DB07FCD4087A4A683D238340136054
:10E5D000E36A1869FEF7F4F9E36A1A68D968136800
:10E5E0000B401360E36A1A6898681168012383403E
:10E5F0000B431360019A2B689A4201D103B030BDDE
:10E60000F3F716FA000800200000000000000000E8
:10E6100070B52E4D82B02B68019311F00C0F04469B
:10E6200024D1CB0601F0200607D543685B68002B98
:10E6300041D08289816852089847002E3BD060689B
:10E640004368002B37D0A289A168019E012A38D9DE
:10E650002D68AE424FEA520236D10068400002FBFC
:10E660000011204602B0BDE870401847FFF798FF40
:10E6700063689A6852B1052222709B680021204687
:10E6800098472378052B04BF022323700026666079
:10E69000202383F31188FAF7FBFBF9F799FB04F1C8
:10E6A00014004FF0FF31FAF7C3F9F9F7B1FBFAF7AD
:10E6B00007FC86F31188019A2B689A4204D102B0B4
:10E6C00070BD28688642CCD0F3F7B2F9000800206C
:10E6D00070B5704C704A236882B040F2FF16019307
:10E6E000156B6E4B35431563116D314311654268EF
:10E6F0005A6082689A60C268DA6002695A61426947
:10E700001A6282695A6202681A60026AC3F80424B3
:10E71000426AC3F80824826AC3F80C24C26AC3F8A8
:10E720001424026BC3F82024426BC3F82424C2696A
:10E73000C3F80024C26BC3F80428026CC3F808288D
:10E74000426CC3F80C28826CC3F81428C26CC3F85E
:10E750002028026DC3F82428826BC3F8002803F533
:10E760004063826D5A60C26D9A60026EDA60426EDA
:10E770005A61826E1A62C26E5A62426D1A60426FAC
:10E78000C3F80424826FC3F80824C26FC3F80C24B2
:10E79000D0F88020C3F81424D0F88420C3F82024B3
:10E7A000D0F88820C3F82424026FC3F80024D0F8DE
:10E7B0009020C3F80428D0F89420C3F80828D0F893
:10E7C0009820C3F80C28D0F89C20C3F81428D0F85F
:10E7D000A020C3F82028D0F8A420C3F82428D0F81B
:10E7E0008C20C3F8002803F54063D0F8AC205A60B1
:10E7F000D0F8B0209A60D0F8B420DA60D0F8B82011
:10E800005A61D0F8BC201A62D0F8C0205A62D0F801
:10E81000A8201A60D0F8C820C3F80424D0F8CC206F
:10E82000C3F80824D0F8D020C3F80C24D0F8D420A2
:10E83000C3F81424D0F8D820C3F82024D0F8DC2062
:10E84000C3F82424D0F8C420C3F80024D0F8E4206E
:10E85000C3F80428D0F8E820C3F80828D0F8EC2042
:10E86000C3F80C28D0F8F020C3F81428D0F8F4200E
:10E87000C3F82028D0F8F820C3F82428D0F8E020E6
:10E88000C3F80028019A23689A4201D102B070BDF2
:10E89000F3F7CEF8000800200038024000000240E4
:10E8A0002DE9F04F2C4B83B01B68019302F0030855
:10E8B000C2F3800EC2F3C10CC2F341170025C2F3AC
:10E8C000C3124FF00F0B4FF0010A4FF0030927E07E
:10E8D000066A34402343036243680AFA05F423EAD4
:10E8E000040343EA0E0343606B00846809FA03F3F0
:10E8F000DB431C4044EA0C048460C4681C403C4375
:10E90000C4600468234043EA08030360490819D03F
:10E910004FEA4E0E4FEA8C0CBF004FEA88080135D3
:10E92000CB07F3D505F007039B000BFA03F4072D83
:10E930006FEA040402FA03F3CAD9466A3440234357
:10E940004362C9E7044B019A1B689A4202D103B0A3
:10E95000BDE8F08FF3F76CF800080020000000001D
:10E9600070B5144D866B2B6882B011F00C0F044605
:10E97000019319D1636B1A68136823F01F031360A6
:10E98000616B0A681368DB07FCD4087A4A683D2388
:10E9900083401360736843F400737360019A2B68BB
:10E9A0009A4205D102B070BD0348F9F731F9E1E7A9
:10E9B000F3F73EF800080020F051010800000000C5
:10E9C000F0B5224F856B3B6883B011F00C0F064603
:10E9D000019334D1336B1A68136823F01F0313605B
:10E9E000326B13681C6814F00104FBD1117A526871
:10E9F0003D238B4013606B6823F480536B602B685E
:10EA000023F480632B602B6843F400732B60202376
:10EA100083F31188FAF73CFAF9F7DAF9214606F19F
:10EA20002000FAF705F8F9F7F3F9FAF749FA84F351
:10EA30001188019A3B689A4205D103B0F0BD0448A1
:10EA4000F9F7E6F8C6E7F2F7F3FF00BF0008002089
:10EA5000F05101080000000000000000000000006C
:10EA60002DE9F041474E484D336882B00193FAF7E3
:10EA7000A7F9F9F7EDF9AC6B444AA369676947EA6E
:10EA8000034323F07F4393424ED02BD8073A93425F
:10EA90003ED00132934216D1636823F40073636061
:10EAA0002B6B1A68136843F001031360636843F427
:10EAB000805363602B6B1B685B68012B03D8236852
:10EAC00023F48063236017F00A0F18BFA369F9F7D6
:10EAD000E7F9019A33689A4251D102B0BDE8F0419A
:10EAE000FBF736B92A4A934223D002329342EAD145
:10EAF0002B6B1B68D3F80480B8F1000F24D0AB8CCB
:10EB000043F00103AB84236843F4A0632360DEE792
:10EB1000AB8C1A0A0BD003F0010343F0F00302F0B0
:10EB2000060213432361CEE7AB8CC3F34703236193
:10EB3000C9E7636823F4007363606B6B1A6813683A
:10EB400043F001031360BEE7636823F4007363605E
:10EB5000236843F400732360202383F31188FAF7BA
:10EB600097F9F9F735F9414605F12000F9F760FF0B
:10EB7000F9F74EF9FAF7A4F988F31188A3E7F2F749
:10EB800057FF00BF00080020F853002008000300D2
:10EB900082000700000000000000000000000000EC
:10EBA000F0B5444C444DA36B2A6883B001925E6972
:10EBB000FAF706F9F9F74CF9A26B06F45F43DB4369
:10EBC0005361636B1A68136823F01F031360606B53
:10EBD0000168B2B20B68DB07FCD4077A41683D23B9
:10EBE000BB400B60236B19680B6823F01F030B609D
:10EBF000206B01680B68DF07FCD4077A41683D236E
:10EC0000BB400B6012F4807318BF0123A36093050F
:10EC100003D5A36843F00203A360570530D4A3686B
:10EC2000100544BF43F00803A360510444BF43F000
:10EC30002003A360D20436B231D543F01003002E76
:10EC4000A36031DB202383F31188FAF721F9F9F768
:10EC5000BFF86FF001011948F9F7EAFEF9F7D8F8A3
:10EC6000FAF72EF9002383F31188F9F719F9019ABD
:10EC70002B689A421CD103B0BDE8F040FBF768B89E
:10EC8000A16B4B6823F400734B60A16B0B6843F4DA
:10EC900000730B60A36843F00403A360C0E7002E79
:10ECA00002DB002BE1D0CDE743F04003A360C9E7CE
:10ECB000F2F7BEFEF8530020000800201854002090
:10ECC00030B50C4C0C4D83B02B6801932046FBF7FC
:10ECD000BFFD0A4B01992A680948A063002503F18A
:10ECE000540091422562C4E90C3001D103B030BD1B
:10ECF000F2F79EFEF8530020000800201050010893
:10ED0000005400400000000000000000000000006F
:10ED10002DE9F043904F03783A68866B83B040F258
:10ED200056410192012B40F216420446C0E90A21E5
:10ED300000F09480236B894A196806F110038B60F8
:10ED4000616BD1F800C04FF4004500204FF4106112
:10ED5000CCF808303560306071606368D4F8388072
:10ED60005D6893F808906B1E934202D97C48F8F7CF
:10ED70004FFFD8F804307B4A4FF6C0710B40C8F8FB
:10ED80000430D8F80430954243F02A03C8F8043020
:10ED90003BDCB9F1010F5AD1734A4FEA4509B2FB86
:10EDA000F9F309FB1323002B40F09A806E4DB5FB5D
:10EDB000F9F5ADB2032D40F28A802B23B5F5805FC3
:10EDC000C8F82030C5F30B0902D36548F8F720FFD7
:10EDD000C8F81C906268A16B12780B68022A9BB27B
:10EDE0006FD0032A6AD0012A02D123F00A039BB212
:10EDF0000B60336843F001033360019A3B689A4229
:10EE000040F0A78003B0BDE8F083584B9D4222DC60
:10EE1000A9F10203012B6ED8B9F1020F74D1524A45
:10EE200005EB4505B2FBF5F305FB1323002B40F082
:10EE30008C804D4BB3FBF5F900231FFA89F949EAA1
:10EE400003090D2349F40049C8F82030C0E74448BD
:10EE5000F8F7DEFEA0E74FF00009B9E7444DA842FD
:10EE60007FF468AF434B444A196A002041F4001113
:10EE700019621862206B23460521FDF739FD002831
:10EE80005FD13B4B3D4A686B0521FDF731FD002802
:10EE900053D1384A136C43F40013136405211F2027
:10EEA000FDF706FA05212020FDF702FAAA6A344987
:10EEB000EB6A0A430B43C5E90A233BE743F00A0325
:10EEC00096E723F008039BB243F0020390E724483F
:10EED000F8F79EFE2B23C5F30B09C8F8203077E71F
:10EEE0001F48214DF8F794FEB5FBF9F5ADB2032D9F
:10EEF0003FF663AFEBE71A48F8F78AFE0D23C8F830
:10EF0000203048F6FF7963E7B9F1030FF6D1164ACE
:10EF100005EB850505EB8505B2FBF5F305FB132332
:10EF20003BB9114BB3FBF5F54FF480431FFA85F95C
:10EF300085E70B48F8F76CFEF3E71248F8F768FE30
:10EF4000A7E71048F8F764FE9BE70548F8F760FE6E
:10EF50006FE7F2F76DFD00BF00080020FF083D00DD
:10EF6000C0510108A086010080DE8002801A0600E0
:10EF7000F853002000380240C1E9000861E90008A8
:10EF800000000302E0510108000000000000000042
:10EF900030B5264D03782A6883B0012B019231D019
:10EFA000836B00224FF4004119601A605A605A6165
:10EFB000436B1A68136823F01F031360416B0A68E0
:10EFC00004461368D807FCD4087A4A683D23834076
:10EFD0001360236B1A68136823F01F031360216BFF
:10EFE0000A681368DB07FCD4087A4A683D2383402B
:10EFF0001360606BFDF7E4FC206BFDF7E1FC0C4B4C
:10F000009C4205D0019A2B689A420DD103B030BDC5
:10F010001F20FDF775F92020FDF772F9054A136CE2
:10F0200023F400131364EDE7F2F702FD000800205B
:10F03000F8530020003802400000000000000000EB
:10F040002DE9F04FDFF81881434C85B09A46DDE991
:10F050000E930646D8F80000039049000020B184C2
:10F06000B0600093109B01939346B56BF8F790FE48
:10F07000F9F7F6FE2368A34204D0A2699B68926860
:10F080009A424DD3002383F31188726BF16A1268A0
:10F09000324F1160726B1268C2F80CB0726B12685A
:10F0A000C2F804A0326BB16A12681160326B009929
:10F0B0001268C2F80C90326B12685160D4F828B014
:10F0C00099464FF0200A10E0F8F762FEF9F7C8FE03
:10F0D0002368A34207D0A2699B6892689A4202D231
:10F0E0003846F8F795FD89F311888AF31188F9F706
:10F0F0009FFEF8F72DFEAB699A0702D42B689B059B
:10F1000012D5A36AA3EB0B03312BDDD9039AD8F8F0
:10F1100000309A424FF0FF301BD105B0BDE8F08FB0
:10F120000E48F8F775FDADE76B6843F400736B604C
:10F130002B6843F480732B60039AD8F800309A420E
:10F1400007D1019906F1200005B0BDE8F04FF9F7AD
:10F150003FBCF2F76DFC00BF78490020B0510108B8
:10F160000008002000000000000000000000000077
:10F1700030B5134C134D83B02B6801932046FCF738
:10F1800057FD4FF0A043104A236562650023FF221C
:10F1900004F1D00104F16800C4E91833F9F760FA0A
:10F1A000019A2B689A4209D1552204F5187104F18D
:10F1B000D00003B0BDE83040F9F752BAF2F738FC9E
:10F1C00038540020000800204052010800000000D0
:10F1D000F0B5354E056D336883B0074601932023A3
:10F1E0002B612C6914F02004FBD10C20F8F770FD82
:10F1F00023464FF00060FF2105EB43120133C2F8B4
:10F200000009C2F8000BC2F80819C2F8081B7A6D91
:10F2100092689A42F0D24FF0FF324FF00113C5F8D6
:10F220001828C5F81C387B6D1A68BA651B686B62B4
:10F230003A6D10231361146914F01004FBD10C20F3
:10F24000F8F746FDD5F80038184A23F4FE63C5F8F0
:10F250000038AB6943F4402343F01003AB6109234A
:10F26000C5F81038C5F81438114BFA60C5F8104BC2
:10F27000C5F8003BC5F81049C5F80039D7E9152491
:10F2800004F11003BB655268934202D90948F8F7AC
:10F29000BFFC44F48014AC62019A33689A4201D1F5
:10F2A00003B0F0BDF2F7C4FB0008002010520108C3
:10F2B0004080001000520108000000000000000023
:10F2C00000B50C4A016D136890F84E0083B00193AD
:10F2D000D1F8003823F4FE6343EA0013C1F8003884
:10F2E00001991368994202D103B05DF804FBF2F76B
:10F2F0009FFB00BF0008002000000000000000008D
:10F3000000B50C4A036D106883B058314901019073
:10F310005B5813F4004004D013F4001F14BF012005
:10F32000022001991368994202D103B05DF804FBF1
:10F33000F2F77EFB00080020000000000000000043
:10F3400000B50C4A036D106883B048314901019043
:10F350005B5813F4004004D013F4001F14BF0120C5
:10F36000022001991368994202D103B05DF804FBB1
:10F37000F2F75EFB00080020000000000000000023
:10F3800010B500EB8101094BC9681868096A82B0A1
:10F390000C6801904868146001991B68506099429C
:10F3A00001D102B010BDF2F743FB00BF00080020FE
:10F3B000F0B500EB8107134EFA683368956983B0A6
:10F3C0006A6801932A6129B9402A03D940220E4C68
:10F3D0006A6001E042F0C044FB68006D5D8A00EBAA
:10F3E00041116B1E1344B3FBF5F344EAC343C1F868
:10F3F000103B019A33689A4201D103B0F0BDF2F795
:10F4000017FB00BF00080020400000600000000063
:10F410002DE9F041314EDFF8C880376DD8F8003063
:10F4200082B00546019307EB4013D3F8084BC3F8AD
:10F43000084B20070AD5D7F81438190706D506EB6C
:10F4400085032946DB6830465B689847E2073BD571
:10F45000D7F81438DB0737D506EB8503D9688B69F5
:10F4600058681A69904211D37389019CD8F800003A
:10F470000122AA4023EA0203844273812CD1CB6883
:10F480001648294602B0BDE8F0411847121A002478
:10F49000C3E9012429461148FFF78AFF202383F39B
:10F4A0001188F9F7F5FCF8F793FC336D03EB45157C
:10F4B000D5F8003B43F08063C5F8003BF8F7A8FCA3
:10F4C000F9F7FEFC84F31188019AD8F800309A42CB
:10F4D00002D102B0BDE8F081F2F7AAFA3854002058
:10F4E00000080020000000000000000000000000F4
:10F4F00030B500EB8105164CEA682368526983B089
:10F50000019353681361C3B191B1EA68006D158A24
:10F5100000EB41116A1E1A44B2FBF5F243EAC24302
:10F52000C1F81039019A23689A420ED103B030BD58
:10F53000402B84BF40235360E7E7036D03EB411189
:10F540004FF40023C1F81039ECE7F2F771FA00BF6D
:10F550000008002000000000000000000000000083
:10F560002DE9F0433E4EDFF80081356DD8F80030CC
:10F5700083B00746019305EB4013D3F80849C3F85D
:10F580000849E10715D5D5F81038DA0711D506EB8B
:10F590008003D9684B6958681A69904236D3338919
:10F5A0000122BA4023EA020333818B683046394690
:10F5B0009847230606D50123D5F8342803FA07F720
:10F5C000174207D1019AD8F800309A4245D103B0CA
:10F5D000BDE8F083202383F31188F9F759FCF8F78D
:10F5E000F7FBD5F83428F36D1E4822EA0702C5F868
:10F5F00034281F430021F765F9F71AFAF8F708FCD9
:10F60000F9F75EFC002383F31188DBE7121A4FF051
:10F610000009C3E9012939463046FFF769FF202375
:10F6200083F31188F9F734FCF8F7D2FB326D02EB63
:10F6300047100123D0F8001941F00441C0F8001927
:10F64000D2F83418BB400B43C2F83438F8F7E0FB6B
:10F65000F9F736FC89F31188ABE7F2F7E9F900BF57
:10F6600038540020985400200008002000000000BA
:10F67000F0B5454F454D3B6883B00193F9F7A0FBCA
:10F68000F8F7E6FB2E6D7469B3691C40E104746100
:10F6900044D4A20448BFD6F80838230704D56B68C1
:10F6A000DB680BB139489847E50620D46003D6F8EB
:10F6B000185807D5E90754D4AA0757D46B075AD46A
:10F6C0002E074AD4240307D5E80336D4A90339D436
:10F6D0006A033CD42B032CD4F8F7E2FB019A3B6875
:10F6E0009A424ED103B0BDE8F040FAF731BB202377
:10F6F00083F31188F9F7CCFBF8F76AFBB369244868
:10F7000023F01003B3610021F9F792F9F8F780FBB9
:10F71000F9F7D6FB002383F31188C7E72846FCF7E7
:10F7200007FB6B681B68002BB3D000212846984765
:10F73000AFE70320FFF76CFECEE70020FFF768FE7F
:10F74000A903C5D50120FFF763FE6A03C2D50220D5
:10F75000FFF75EFE2B03BFD5EBE70320FFF700FFAB
:10F76000B0E70020FFF7FCFEAA07A7D50120FFF7AE
:10F77000F7FE6B07A4D50220FFF7F2FE2E07A1D5F6
:10F78000EBE7F2F755F900BF0008002038540020DD
:10F79000985400200000000000000000000000005D
:10F7A00000B50B4A036D83B003EB4111136801935D
:10F7B000D1F8003B43F08063C1F8003B0199136826
:10F7C000994202D103B05DF804FBF2F731F900BFB2
:10F7D0000008002000000000000000000000000001
:10F7E00030B50F4D026D2B6883B002EB41120193CF
:10F7F000D2F8004944F00444C2F80049026D0123E4
:10F80000D2F8340803FA01F10143C2F83418019A1E
:10F810002B689A4201D103B030BDF2F709F900BF5D
:10F8200000080020000000000000000000000000B0
:10F8300000B50B4A036D83B003EB411113680193CC
:10F84000D1F8003B43F40013C1F8003B0199136861
:10F85000994202D103B05DF804FBF2F7E9F800BF6A
:10F860000008002000000000000000000000000070
:10F8700000B50B4A036D83B003EB4111136801938C
:10F88000D1F8003943F40013C1F800390199136825
:10F89000994202D103B05DF804FBF2F7C9F800BF4A
:10F8A0000008002000000000000000000000000030
:10F8B00000B50B4A036D83B003EB4111136801934C
:10F8C000D1F8003B23F40013C1F8003B0199136801
:10F8D000994202D103B05DF804FBF2F7A9F800BF2A
:10F8E00000080020000000000000000000000000F0
:10F8F00000B50B4A036D83B003EB4111136801930C
:10F90000D1F8003923F40013C1F8003901991368C4
:10F91000994202D103B05DF804FBF2F789F800BF09
:10F9200000080020000000000000000000000000AF
:10F9300030B50E4C0E4D83B02B6801932046FBF77B
:10F94000F7F801990B4B2A680B48A3604FF44073FA
:10F950000A4DA38191424FF000032561C4E90530AF
:10F96000E36101D103B030BDF2F762F8B456002074
:10F9700000080020003800401E2D0100345001080E
:10F9800000B50C4B83B01A68019211F00C0F019A6C
:10F990001B6804D19A420AD103B05DF804FB9A4275
:10F9A00005D1054803B05DF804EBF8F731B9F2F77B
:10F9B0003FF800BF00080020F051010800000000DF
:10F9C00030B52A4D83B02B68019311F00C0F04461B
:10F9D00046D1A36A1A68136823F01F031360A16A53
:10F9E0000A681368D807FCD4087A4A683D23834024
:10F9F0001360636A1A68136823F01F031360616A57
:10FA00000A681368DB07FCD4087A4A683D23834000
:10FA1000136063681A6802B3042222701B682046D0
:10FA200098472378042B18D0202383F31188F9F703
:10FA30002FFAF8F7CDF904F108000021F8F7F8FFE4
:10FA4000F8F7E6F9F9F73CFA002383F31188019AF5
:10FA50002B689A4208D103B030BD02232370E3E73C
:10FA60000348F8F7D5F8B4E7F1F7E2FF0008002003
:10FA7000F05101080000000000000000000000003C
:10FA800030B50F4D0F4C2A680F4B83B020460192C2
:10FA90004FF6FF721A80FBF75BFF0C4B01992A6847
:10FAA0000B480C4D2562636203F13C0591420A4B01
:10FAB0002363C4E90A5001D103B030BDF1F7B8FFA8
:10FAC00000080020D456002008570020705001087C
:10FAD000160001060030014046000106000000004B
:10FAE00070B52D4D03782A6882B0012B044601922F
:10FAF00026D06368E26A5989236B22F4F04223F42A
:10FB0000F043090544BF42F4205243F42053C4E9B2
:10FB10000B23236A00221A606368226A5B8943F41C
:10FB200041731360236A07225A60226A136843F004
:10FB300040031360019A2B689A422BD102B070BD2A
:10FB4000164EB0420AD0D4E9083212680C339360E2
:10FB5000A26A236A12680C339360CAE70346104A0C
:10FB6000406A0A21FCF7C4FE80B9B06A0B4B0D4A0B
:10FB70000A21FCF7BDFE28B90B4A536C43F48053AD
:10FB80005364E0E70948F8F743F8F5E70748F8F762
:10FB90003FF8EAE7F1F74CFF00080020D4560020B8
:10FBA000C1F9000881F900080038024050520108EC
:10FBB00000B50A4A416813680889496883B001930F
:10FBC000012383409BB24B8301991368994202D170
:10FBD00003B05DF804FBF1F72BFF00BF0008002025
:10FBE00000B50A4A416813680889496883B00193DF
:10FBF000012383409BB20B8301991368994202D180
:10FC000003B05DF804FBF1F713FF00BF000800200C
:10FC100070B5456A174C2D68266882B00196EB6076
:10FC2000436A1B685960456AC36A2D6843F4806360
:10FC30002B60836A1B68DA60836A1B685960826A7A
:10FC4000036B126843F480631360436A1A68136895
:10FC500043F001031360836A1A68136843F00103D9
:10FC60001360019A23689A4201D102B070BDF1F786
:10FC7000DFFE00BF000800200000000000000000C0
:10FC800010B5104BC1681A6882B0019200220A6157
:10FC9000017804290AD1C168022404700A60C1688D
:10FCA0000A61C168CA6822F0FF02CA60019A1B6833
:10FCB0009A4205D143685B6802B0BDE8104018471E
:10FCC000F1F7B6FE00080020000000000000000070
:10FCD00010B50C4C82B023680193F9F771F8F8F76E
:10FCE000B7F80948FFF7CCFFF8F7DAF8019A23686C
:10FCF0009A4204D102B0BDE81040FAF729B8F1F7F2
:10FD000097FE00BF000800202C57002000000000D4
:10FD100010B50C4C82B023680193F9F751F8F8F74D
:10FD200097F80948FFF7ACFFF8F7BAF8019A23688B
:10FD30009A4204D102B0BDE81040FAF709B8F1F7D1
:10FD400077FE00BF000800200C57002000000000D4
:10FD500010B50C4C82B023680193F9F731F8F8F72D
:10FD600077F80948FFF78CFFF8F79AF8019A2368AB
:10FD70009A4204D102B0BDE81040F9F7E9BFF1F7AB
:10FD800057FE00BF000800201C57002000000000A4
:10FD900010B50E4B0E4C0F4A2168DA6082B018463F
:10FDA0000191FAF7DDFB0C480C4BC360FAF7D8FB66
:10FDB000019A23680A480B49C1609A4204D102B0F3
:10FDC000BDE81040FAF7CCBBF1F732FE2C5700200B
:10FDD00000080020001000400C570020004801409F
:10FDE0001C57002000200040000000000000000020
:10FDF00070B5374E0378326882B0012B0446019209
:10FE000024D0D4E901321B68B2FBF3F5013DADB259
:10FE100005FB03339A4202D02E48F7F7F9FEE26859
:10FE2000002313606168E26889685160E268956246
:10FE3000E26813616368E268DB6823F0FF03D36064
:10FE4000019A33689A4240D102B070BD224B984269
:10FE500029D0224B984214D0214B9842D1D1214B2A
:10FE60001A6C42F480721A641A6A002042F480729A
:10FE70001A62072118622D20FCF71AFA1A4BA360A8
:10FE8000BFE7184B5A6C42F480225A645A6A002029
:10FE900042F480225A62072158621A20FCF708FABD
:10FEA000124BA360ADE70F4B1A6C42F010021A64BC
:10FEB0001A6A002042F010021A62072118623620E6
:10FEC000FCF7F6F9084BA3609BE7F1F7B1FD00BF23
:10FED00000080020605201082C5700200C57002019
:10FEE0001C5700200038024000BD0105007A030ABB
:10FEF00010B5114BC2681C6882B001390194D162FF
:10FF0000C26801215161C16800224A62C1680A6168
:10FF10004268526822B1C168CA6842F00102CA60F0
:10FF2000C26805211160019A1B689A4201D102B092
:10FF300010BDF1F77DFD00BF0008002000000000AB
:10FF400000B50B4AC168136883B0019300230B60AE
:10FF5000C1680B61C168CB6823F0FF03CB600199D6
:10FF60001368994202D103B05DF804FBF1F760FD1C
:10FF70000008002000000000000000000000000059
:10FF800070B51E4E8369326882B0054601921A69C7
:10FF9000DC681440E2B2D2431A61A30703D5436878
:10FFA0001B6903B19847600704D56B689B690BB167
:10FFB00028469847210704D56B681B6A0BB1284671
:10FFC0009847E20604D56B689B6A0BB128469847B0
:10FFD000E3070BD56B689B6843B101993268914286
:10FFE0000AD1284602B0BDE870401847019A33682C
:10FFF0009A4201D102B070BDF1F71AFD000800204D
:020000040801F1
:1000000010B50C4C82B023680193F8F7D9FEF7F7CE
:100010001FFF0948FFF7B4FFF7F742FF019A236873
:100020009A4204D102B0BDE81040F9F791BEF1F751
:10003000FFFC00BF000800203C570020000000002B
:1000400010B50C4C82B023680193F8F7B9FEF7F7AE
:10005000FFFE0948FFF794FFF7F722FF019A236894
:100060009A4204D102B0BDE81040F9F771BEF1F731
:10007000DFFC00BF000800205857002000000000EF
:1000800010B50C4C82B023680193F8F799FEF7F78E
:10009000DFFE0948FFF774FFF7F702FF019A2368B4
:1000A0009A4204D102B0BDE81040F9F751BEF1F711
:1000B000BFFC00BF000800207457002000000000B3
:1000C00010B50C4C82B023680193F8F779FEF7F76E
:1000D000BFFE0948FFF754FFF7F7E2FE019A2368D5
:1000E0009A4204D102B0BDE81040F9F731BEF1F7F1
:1000F0009FFC00BF00080020905700200000000077
:100100002DE9F041164DDFF87480164FD8F8003015
:10011000154E82B0284604240193FAF739FD4FF0BA
:100120008043AB6138462C74104DFAF731FD104B0B
:10013000BB6130463C74FAF72BFD0E4BB361284689
:100140003474FAF725FD019AD8F800300A492C7466
:100150009A42A96102D102B0BDE8F081F1F768FCD2
:100160003C5700205857002074570020905700201B
:100170000004004000080040000C0040000800207F
:1001800070B56B4D03782A6882B0012B044601924A
:1001900072D082690023136082695363826993631A
:1001A0008269D36382691364826953626368626996
:1001B0001968B2FBF1F35E1EB6F5803F03D203FB74
:1001C00001F39A4202D05B48F7F722FDA3699E62D1
:1001D000A368A269013BD3626268A369D26A5A60CC
:1001E0006268D36803F00F03012B03D0022B0CBF0E
:1001F00003230023516901F00F01012934D00229A2
:1002000030D0D16901F00F01012921D002291DD080
:10021000526A02F00F02012A21D0022A27D0A269D5
:100220001362A36901225A61A36900221A616368FB
:10023000A2691B6B23F0FF03D360A36985221A60B8
:10024000019A2B689A4271D102B070BD43F40073D9
:10025000526A02F00F02012A43F48073DDD143F4A5
:100260008053DCE743F0200343F01003C9E743F475
:10027000005343F48053D2E72F4B984244D02F4B86
:1002800098422FD02E4B98421AD02E4B984210D124
:100290002D4B1A6C42F008021A641A6A002042F0D0
:1002A00008021A62072118623220FCF701F8274B76
:1002B0006361A26946F668039361A269D36175E739
:1002C000214B1A6C42F004021A641A6A002042F0B0
:1002D00004021A62072118621E20FBF7E9FF1B4B7C
:1002E0006361E6E7184B1A6C42F002021A641A6A5C
:1002F000002042F002021A62072118621D20FBF75B
:10030000D7FF124B6361D4E70F4B1A6C42F0010226
:100310001A641A6A002042F001021A620721186268
:100320001C20FBF7C5FF094B6361C2E7F1F780FBB7
:1003300000080020705201083C5700205857002048
:1003400074570020905700200038024000BD01057E
:1003500000B5836908480C3103EB810383B0016861
:1003600001915A60019A03689A4202D103B05DF884
:1003700004FBF1F75DFB00BF000800200000000057
:1003800010B50D4C836901F10C0282B003EB8203BE
:100390002268019200225A6080690222C36802FA30
:1003A00001F123EA0101C160019A23689A4201D157
:1003B00002B010BDF1F73CFB000800200000000077
:1003C00010B50C4982690B6882B00193D368DC07D1
:1003D00007D4146924F001041461826943F0010315
:1003E000D360019A0B689A4201D102B010BDF1F7B7
:1003F0001FFB00BF000800200000000000000000FC
:1004000030B50C4C8569236883B00193EA680223F8
:1004100003FA01F1114204D10A43EA608369C94336
:100420001961019A23689A4201D103B030BDF1F7F6
:10043000FFFA00BF000800200000000000000000DC
:1004400010B5124C82B023680193F8F7B9FCF7F7A6
:10045000FFFC202383F31188F8F71AFDF7F7B8FCA7
:10046000F7F7E6FBF7F7D4FCF8F72AFD002383F350
:100470001188F7F715FD019A23689A4204D102B05A
:10048000BDE81040F9F764BCF1F7D2FA000800208B
:1004900010B50C4A0C4B11680C4C82B00020019135
:1004A00007215C609860196001991368994206D130
:1004B00008210B2002B0BDE81040FBF741BFF1F767
:1004C000B7FA00BF0008002010E000E03F900200F3
:1004D00000B5094A0949136883B00193CB6843F01A
:1004E0008003CB6001991368994202D103B05DF893
:1004F00004FBF1F79DFA00BF00080020004800400F
:100500002DE9F047DFF89081604FD8F8003082B0D5
:100510000193F8F755FCF7F79BFCD7F85451D5F841
:100520000CA02B68DA059CB26ED4202383F31188CB
:10053000F8F7AEFCF7F74CFC14F02F0F2DD0544E0B
:10054000A6F1040907E0A00669681DD42C68A4B2CE
:1005500014F02F0F21D02307F5D014F0080F0CBF93
:1005600000218021E00748BF41F02001A20748BFD9
:1005700041F04001630748BF41F480713046F9F70C
:10058000A7F8A0066968E1D5C9B24846FBF780F92B
:100590002C68A4B214F02F0FDDD1F7F739FCF8F76F
:1005A0008FFC002383F311881AF0800F01D02206FC
:1005B00041D463060BD4F7F773FC019AD8F80030E6
:1005C0009A4261D102B0BDE8F047F9F7C1BB2023E0
:1005D00083F31188F8F75CFCF7F7FAFBF7F788FC70
:1005E000D7E911239A423BD04FF6BF730AEA0303BF
:1005F0006FF04002EB602A60F7F70AFCF8F760FC46
:10060000002383F31188D6E7202383F31188F8F7BA
:100610003FFCF7F7DDFB381D4FF40071F9F758F890
:100620006FF480732B60F7F7F3FBF8F749FC0023B6
:1006300083F3118879E7202383F31188F8F728FCE6
:10064000F7F7C6FB1348F9F71BFA002810DB6860C0
:10065000F7F7DEFBF8F734FC002383F31188A8E7F3
:10066000BB6B002BC0D010210948F9F731F8BBE76C
:1006700008210748F9F72CF84FF63F730AEA0303FD
:1006800043F04003EB60E3E7F1F7D2F9AC57002009
:10069000B0570020DC5700200008002000000000B8
:1006A00030B50A4D0A4C2B680A4A83B00021204617
:1006B0000193FBF7BDF8019A2B680749C4F8541160
:1006C0009A4201D103B030BDF1F7B2F90008002021
:1006D000AC570020D1040108004800400000000091
:1006E00000B5074B83B01A680192019A1B689A42C1
:1006F00004D103B05DF804EBFCF7E2B9F1F798F927
:1007000000080020000000000000000000000000C1
:1007100000B5094B094A196883B001911069019A23
:100720001B689A4206D16FEAD01000F0010003B0B6
:100730005DF804FBF1F77CF900080020001002408E
:1007400000B5074B83B01A680192019A1B689A4260
:1007500003D1002003B05DF804FBF1F769F900BF95
:100760000008002000000000000000000000000061
:1007700000B5064B83B01A680192019A1B689A4231
:1007800002D103B05DF804FBF1F752F90008002034
:100790002DE9F04F01F10B05162D83B0064623D845
:1007A000102900F2B980F3F74BFB10251823022023
:1007B000C54F3B44A3F108025C68944200F0668197
:1007C000636823F003032344D4E902515A68E960C3
:1007D00042F001028D6030465A60F3F749FB08345D
:1007E000204603B0BDE8F08F35F0070500F1948096
:1007F000A94200F29180F3F723FBB5F5FC7FC0F02E
:1008000083816B0A00F08F80042B00F24681AB09D4
:1008100003F1390003F1380CC300AB4F3B44A3F1A3
:1008200008015C68A14206D10CE0002A80F21D811B
:10083000E468A14206D0636823F003035A1B0F2A21
:10084000F3DD60463C69DFF894C2644571D06368AB
:1008500023F003035A1B0F2A00F34481002AC7E93F
:1008600004CC80F22681B3F5007F80F06981DB083B
:10087000591C7A6857F83180C4F808804FF0010E8F
:100880009B100EFA03F307EBC10E1343AEF10802FF
:10089000E2607B6047F83140C8F80C4082100124C8
:1008A00094409C424BD81C4206D120F003006400C7
:1008B0001C4200F10400FAD007EBC009CE46804686
:1008C000DEF80C309E4507D122E1002A80F2298112
:1008D000DB689E4500F01C81596821F003014A1B2A
:1008E0000F2AF2DDD3E9028E5C1945F001055D6047
:1008F00042F00105C8F80CE03046CEF80880C7E9A0
:100900000444C4E902CC65605A500193F3F7B0FA8D
:10091000019B03F1080463E700240C2320463360A5
:1009200003B0BDE8F08F4FF4007340204FF03F0C50
:1009300073E77B688210012494409C42B3D9BC6861
:10094000636823F00309A94503D3A9EB05030F2B23
:100950007BDC5E4BDFF888A11A68DAF800300133DF
:1009600005EB020800F0488108F5805808F10F08EF
:1009700028F47F6828F00F0841463046F3F790FAD4
:10098000B0F1FF3F834600F0048104EB09005845B5
:1009900000F2FD804E4A13684344136000F04D811D
:1009A000DAF8001001311BBFABEB00001B18CAF8CE
:1009B00000B013601BF0070300F03481C3F108019D
:1009C000C3F580538B440833D844C8F30B08A3EB1A
:1009D0000808414630460192F3F762FA431C019A37
:1009E00000F04681A0EB0B01414441F00101136886
:1009F000C7F808B04344BC42CBF80410136015D0CC
:100A0000B9F10F0F40F230816068A9F10C0121F0BB
:100A1000070100F0010004EB010C08434FF0050E44
:100A20000F296060CCE901EE00F23A81294A2A4898
:100A30001168BC688B42016888BF136062688B4292
:100A400022F0030288BF0360A7E0621943F00103AC
:100A500045F0010565603046BA605360F3F708FA67
:100A60000834204603B0BDE8F08F2344E1685A689B
:100A7000A56842F00102E96030468D605A60F3F7E4
:100A8000F7F90834204603B0BDE8F08FDC68A342D4
:100A900008BF02303FF4D6AE92E6142B71D9542B26
:100AA00000F2AD802B0B03F16F0003F16E0CC3005D
:100AB000B3E6234430465A6842F001025A600834D3
:100AC000F3F7D6F98CE600BF04110020345900205A
:100AD000045900202C590020305900200C1100200E
:100AE0000C150020611945F0010E42F00105C4F813
:100AF00004E03046C7E90411C1E902CC4D60E25080
:100B0000F3F7B6F908346BE6E80805F108034FE699
:100B100008F1010818F0030F0EF1080E7FF4D0AEB3
:100B200052E019441C464A68DB6854F8085F42F0FA
:100B300001024A603046EB609D60F3F799F94FE699
:100B40005A0A042A35D9142A6FD802F15C01C90067
:100B50005B3207EB010E7958AEF1080E8E4558D086
:100B60004A6822F003029A4202D989688E45F7D179
:100B7000D1F80CE07B68C4E9021ECEF80840CC60D6
:100B80008CE603F15C0003F15B0CC30045E6BC425C
:100B900072D0BC68626822F003029542A2EB0503A2
:100BA00002D80F2B3FF751AF3046F3F761F900241D
:100BB00016E69A0902F13901C9003832C9E7D9F8B5
:100BC0000090994540F0838010F0030FA9F10803CD
:100BD00000F1FF30F3D17B6823EA04037B606400FB
:100BE0009C423FF6ACAE1CB9A9E6640008F10408CB
:100BF0001C42FAD040465FE608F11008BCE6B3F5A7
:100C0000AA7F26D8EB0B03F1780003F1770CC30021
:100C100003E67B6892104FF0010808FA02F21343D2
:100C20007B60A8E74FF48053CEE6542A29D81A0BEC
:100C300002F16F01C9006E328BE7C0F30B0100298E
:100C40007FF4AEAE09EB0802B96842F001024A60D7
:100C5000ECE640F2545293421CD8AB0C03F17D00F9
:100C600003F17C0CC300D8E50123CBF804309BE7EB
:100C700001214FF00008BAE6164A13684344136096
:100C80008EE6B2F5AA7F14D8DA0B02F17801C9001A
:100C900077325EE74FF47E737F204FF07E0CBCE529
:100CA00004F108013046019202F09AFB019A1368A0
:100CB000BCE640F254518A4205D89A0C02F17D01FB
:100CC000C9007C3245E74FF47E717E2241E77B68A4
:100CD00085E700BF0459002000000000000000006C
:100CE00082B049B15AB16BB113780B601278101C05
:100CF00018BF012002B0704701A9002AF3D11046A5
:100D000002B070476FF00100F4E700BF0000000080
:100D1000F0B4860743D0541E002A3ED0CAB2034620
:100D200002E014F1FF3438D303F8012B9D07F8D10A
:100D3000032C2BD9CDB245EA05250F2C45EA0545F4
:100D400016D9A4F110073F0903F1200606EB071698
:100D500003F1100242E9045542E902551032B24251
:100D6000F8D104F00F040137032C03EB07130DD95E
:100D70001E462246043A032A46F8045BFAD8221F8C
:100D800022F003020432134404F003042CB1C9B26C
:100D90001C4403F8011B9C42FBD1F0BC7047144675
:100DA0000346C5E70000000000000000000000004E
:100DB0000CB430B5214B00299DB01C6838DB4FF4D2
:100DC000027302900690ADF8143021A819D00139B1
:100DD0000346209A0491079101904FF6FF7502A9EE
:100DE0002046ADF8165000F0C3F8421C01DA8B2300
:100DF0002360029B00221A701DB0BDE8304002B093
:100E0000704703460491079101904FF6FF75209AB1
:100E1000ADF8165002A9204600F0AAF8431C04DBE6
:100E20001DB0BDE8304002B070478B232360F7E768
:100E30008B2323604FF0FF30F2E700BF680B0020E8
:100E400080EA0102844612F0030F4FD111F0030F24
:100E500032D14DF8044D11F0040F51F8043B0BD082
:100E6000A3F101329A4312F0803F04BF4CF8043BD7
:100E700051F8043B16D100BF51F8044BA3F10132E5
:100E80009A4312F0803FA4F101320BD14CF8043B9D
:100E9000A24312F0803F04BF51F8043B4CF8044BCE
:100EA000EAD023460CF8013B13F0FF0F4FEA33233F
:100EB000F8D15DF8044B704711F0010F06D011F81E
:100EC000012B0CF8012B002A08BF704711F0020F0C
:100ED000BFD031F8022B12F0FF0F16BF2CF8022BF7
:100EE0008CF8002012F47F4FB3D1704711F8012B1A
:100EF0000CF8012B002AF9D1704700BF0000000058
:100F000040EA01039B0770B42AD1032A28D90C4672
:100F10000346214654F8046BA6F1013525EA06057F
:100F200015F0803F06D1043A032A43F8046B2146AA
:100F3000EFD89AB10C781C70013A01333CB16AB118
:100F400011F8014F03F8014B013A002CF7D12AB1F7
:100F50001A44002103F8011B9342FBD170BC704777
:100F60000346E6E70000000000000000000000006B
:100F70002DE9F04FC1B00C46089191460B930990B2
:100F800002F026FB036814931846EFF7E1FFA389EC
:100F900013901D0603D52369002B00F018879FEDE1
:100FA000947B00238DED107BCDE924330DF1C00837
:100FB0000F93129315930693CDF88C80C246CB46BF
:100FC0009BF80030002B00F09980252B5C4602D165
:100FD0001CE0252B03D014F8013F002BF9D1A4EB22
:100FE0000B0585B1DDE9243201332A44072BCAF809
:100FF00000B0CAF80450CDE9243277DC0AF1080ABF
:10100000069B2B4406932378002B77D000231A46A7
:101010008DF86F30194607931F464FF0FF30637805
:10102000059004F1010B0BF1010B9946A9F1200386
:10103000582B00F27583DFE813F0C30273037303C8
:10104000BE02730373037303730373037303B20268
:10105000AD02730367034C0373036C03B600B60061
:10106000B600B600B600B600B600B600B600730310
:1010700073037303730373037303730373037303C0
:1010800073033703E4027303E4027303730373030C
:101090007303DF0273037303A50073037303730306
:1010A000730373037500730373038D027303730378
:1010B0007303730373037303730373037303730380
:1010C0007C012F01E402E402E4022A012F017303F0
:1010D00073031D0173030901A700CA00C500730350
:1010E000E1007303770073037303CB0223AADDE9E6
:1010F000081002F0A5FD40B9C24681E7259B23B147
:101100000998089923AA02F09BFD089B9B8913F07C
:10111000400F069B18BF4FF0FF330693069841B06F
:10112000BDE8F08F47F01007BE0640F127850B9D04
:10113000073525F0070303F10802D3E900450B92B8
:101140000123059A002601328DF86F6000F0288493
:1011500027F08002039254EA050240F0C080059A0D
:10116000002A40F0B086002B40F0D68417F001032F
:101170000A9300F0488540AB1A46302302F8413DFF
:101180000D92CDE047F0100717F0200300F0008526
:101190000B9D073525F0070303F10802D3E900454D
:1011A0000B920023CDE7A9F1300300201BF8019B2F
:1011B00000EB800003EB4000A9F13003092BF5D9C7
:1011C000079033E747F020079BF800302BE70B9A96
:1011D000094B14681293043247F63003ADF87030AF
:1011E00047F002070B92002502234FF07809A8E789
:1011F0000000000000000000C45301080B9A1368AF
:101200000D9300248DF86F40151D002B00F00B8608
:10121000059A531C00F0B38621460D98EFF708FF9E
:10122000002800F094870D9B0594C31A0A930B9530
:10123000039723EAE3739DF86F6004930E94002EE6
:1012400000F08980049B0133049384E0002A41F07C
:10125000A4800B9AB90652F8043B0B9200F1128558
:10126000FA0600F106867F0640F10386BDF81820D5
:101270001A80A5E69BF800306C2B03BF9BF8013069
:1012800047F020070BF1010B47F01007CBE647F0C2
:1012900040079BF80030C6E6002A41F06080BC069B
:1012A00040F10A820B9D073525F00703D3E900457D
:1012B00003F108020B92002C75F10003C0F2AF8419
:1012C000059B9DF86F60013300F0B48427F0800225
:1012D000039254EA05024FF001033FF440AF012BA3
:1012E00000F06283022B00F08283414600E0114649
:1012F000E20842EA4572E80804F00703054614468E
:10130000303354EA050001F8013C01F1FF32EED11F
:1013100003980D92C00700F15984A8EB02030A93C9
:10132000059B0A9A9342B8BF1346049300230E9379
:1013300085E70B9900230A688DF86F301E468DF8FB
:10134000982001230A1DCDE90373CDE90A3226ABAB
:1013500005960E960D93039B13F0020702D0049B93
:1013600002330493039B259C13F084030C933FD119
:10137000079B049A9D1A002D3ADD102D249B29DD30
:1013800052462146AA461026DDE9085406E0AAF195
:10139000100ABAF1100F02F1080218DD0133BB4840
:1013A0001031072BCDE92431C2E90006EFDD23AA75
:1013B0002946204602F044FC00287FF4A6AEAAF19C
:1013C000100ABAF1100FDDE924314246E6DC554639
:1013D0000C4692460133AD4A2C44072BCDE9243408
:1013E000CAE9002500F349859DF86F600AF1080AF3
:1013F00076B1249B013301340DF16F010122072BDB
:10140000CDE92434CAE9001200F3DB820AF1080AAC
:101410006FB1249B013302341CA90222072BCDE9B2
:101420002434CAE9001200F3D7820AF1080A0C9B9F
:10143000802B00F0E781059B0A9A9D1A002D31DD73
:10144000102D249A924F22DD534621461026DDE9C5
:1014500008A404E0103D102D03F1080315DD01324E
:101460001031072ACDE92421C3E90076F2DD23AA51
:101470005146204602F0E4FB00287FF446AE103DC2
:10148000102DDDE924214346E9DC9A460C46013261
:101490002C44072ACDE92424CAE9007500F3BC8254
:1014A0000AF1080A039BDF0500F15081249B0D9A85
:1014B000CAF800200A9ACAF8042001331444072B02
:1014C0002594249300F30E820AF1080A039B5A071D
:1014D00031D5079B049A9D1A002D2CDD102D249BDD
:1014E0001FDD1026DDE9089704E0103D102D0AF1FC
:1014F000080A16DD0133654A1034072BCDE9243480
:10150000CAE90026F1DD23AA4946384602F098FBD5
:1015100000287FF4FAAD103D102DDDE92434C246D9
:10152000E8DC0133594A2C44072BCDE92434CAE9BD
:10153000002500F35E83DDE9063204998A42ACBFE0
:101540009B185B180693002C40F095810023249390
:10155000C24635E5002A40F010874E4B1293B9067B
:101560003DD50B9D073525F00703D3E9004503F171
:1015700008020B92FE0740F1D18054EA050300F007
:10158000CD8030238DF870308DF8719047F00207D0
:101590000223D6E59BF8003001222B2143E50B986E
:1015A0009BF8003004680794002C00F10400C0F29E
:1015B0000A840B9037E547F001079BF8003032E5CD
:1015C0009BF8003000297FF42EAD012220212AE56E
:1015D000002A40F0E686304B1293B906C1D40B9B2B
:1015E000FA0653F8044B0B9300F111837B0640F18C
:1015F0000E83A4B20025BDE747F008079BF8003032
:1016000011E5002A40F0BD860B9D073525F0070542
:1016100095ED007B52EC171B22F0004317938DEDE4
:10162000167A05F10804DDE916014FF0FF321B4B75
:101630000B948DED107BEFF7D3FD002840F0318344
:101640004FF0FF32154BDDE91601EFF7ABFD002837
:1016500040F0278300220023DDE91001EFF798FD19
:10166000002840F025859DF86F600D4A0D4B032141
:10167000002027F08004B9F1470FD8BF1A46CDE902
:10168000041003940D920A910E90D8E5E0530108DE
:10169000F0530108B0530108C4530108FFFFEF7F66
:1016A000A4530108A0530108002A40F06E8647F0B9
:1016B0001007BC063FF5F6AD0B9BF80653F8044B3C
:1016C0000B9300F1A682790640F1A38224B2E517BC
:1016D000F1E59BF80090B9F12A0F0BF1010000F041
:1016E0001886A9F13003092B834600F207850020F4
:1016F0001BF8019B00EB800003EB4000A9F13003D5
:10170000092BF5D9059091E49BF8003047F00407C8
:1017100089E447F080079BF8003084E4022310E559
:10172000002A40F03686B9F1000F3FF4E7AC002301
:1017300001221E468DF86F3005930E9326AB04925E
:101740008DF8989003970A920D9304E6B9F1650F0E
:1017500040F3D38000220023DDE91001EFF70EFDF6
:10176000002800F06981249BB14ACAF800200133A7
:1017700001340122072BCDE92434CAF8042000F3F8
:10178000CE830AF1080A1D9B0F9A259C934280F292
:101790002B82249B149ACAF80020139ACAF80420BA
:1017A00001331444072BCDE9243400F331830AF1CB
:1017B000080A0F9B5D1E002D7FF788AE102D249A1E
:1017C0009C4F40F3858323461026DDE9084905E058
:1017D0000AF1080A103D102D40F3798301321033CD
:1017E000072ACDE92423CAE90076F1DD23AA2146A0
:1017F000484602F025FA00287FF487ACDDE924236F
:10180000C246E7E7079B049A9D1A002D7FF713AEA7
:10181000102D249A874F22DD534621461026DDE9FC
:1018200008A404E0103D102D03F1080315DD01327A
:101830001031072ACDE92421C3E90076F2DD23AA7D
:101840005146204602F0FCF900287FF45EAC103DC2
:10185000102DDDE924214346E9DC9A460C4601328D
:101860002C44072ACDE92424CAE9007500F33A8301
:101870000AF1080ADFE523AADDE9081002F0E0F921
:1018800000283FF463AE40E423AADDE9081002F02B
:10189000D7F900287FF439AC1D9B259CC2461BB9A3
:1018A0000F9A002A00F07583249A1499CAF8001040
:1018B0001399CAF8041001320C44072A2594249283
:1018C00000F350840AF1080A002BC0F287840F9BB2
:1018D0000D9901321C44072ACDE92424CAE90013DA
:1018E0007FF7F2AD23AADDE9081002F0A9F900287C
:1018F0007FF40BAC259CC246E8E50F9A249B012A95
:1019000004F1010403F101050AF1080640F34A81DC
:1019100001230D9ACAF80020072DCDE92454CAF8F6
:10192000043000F3B882139B149A01351C44072D30
:10193000CDE92454C6E9002300F3B98208366B1CB4
:101940001F46B9460F9F0A93013F00220023DDE99D
:101950001001059706F1080AEFF710FC002840F087
:10196000E1800D9B776001333C44B9F1070F336090
:101970002594CDF8909000F33B8206F1100305F119
:10198000020956469A46159A726014441FABB9F183
:10199000070F2594CDF8909033607FF797ADA1E7BE
:1019A000012B03977FF49EAC002D08BF0A2C80F01A
:1019B000478140AB303403F8414D0D9301230A9326
:1019C000AEE423AADDE9081002F03AF900287FF41A
:1019D0009CAB259CC2461BE523AADDE9081002F05A
:1019E0002FF900287FF491AB259CC2461FE5129F7A
:1019F0004246230904F00F0043EA057329091C46F7
:101A00000D463B5C02F8013D54EA0503F1D1A8EB19
:101A100002030D920A9383E423AADDE9081002F081
:101A20000FF900287FF471AB259CC2463AE500BF50
:101A3000E4480108F05301081D9B002B40F35E822F
:101A4000DDE90E329342A8BF1346002B1D460EDD82
:101A5000249B0D9ACAF8002001332C44072B2594AF
:101A6000CAF80450249300F318830AF1080A0E9B65
:101A7000002DA8BF5B1B002B1D4600F380811D9B22
:101A80000F9A9342C0F2E481039AD00700F1E081FB
:101A90000F9A0E98D31A151A9D42A8BF1D46002D05
:101AA0000FDD249A0D99CAF80450013201442C44E8
:101AB000072ACAF80010CDE9242400F323830AF191
:101AC000080A002DACBF5D1B1D46002D7FF7FEAC44
:101AD000102D249AC54F40F3FB8123461026DDE9E3
:101AE000084905E00AF1080A103D102D40F3EF8186
:101AF00001321033072ACDE92423CAE90076F1DD4B
:101B000023AA2146484602F09BF800287FF4FDAA4C
:101B1000DDE92423C246E7E7059B0A93CDF834802C
:101B2000FFF7FEBB059A002A7FF72DAF102AAF4FB3
:101B300040F3EA83334692464FF0100922460A9D4D
:101B4000DDE9086407E00833AAF1100ABAF1100FC2
:101B500040F3EF8101351032072DCDE92452C3E95E
:101B60000079F0DD23AA3146204602F069F800280A
:101B70007FF4CBAADDE924524346E5E70B9BFD0643
:101B800053F8044B0B9376D500250123FFF7D9BA00
:101B90000B9A52F8044B0B9217F0100279D00025E3
:101BA000FFF7CFBA039AD1073FF5B2AE01220D99E4
:101BB000CAF80010072DCDE92454CAF8042000F318
:101BC000178103F102090AF1100ADCE6302B00F05C
:101BD00039810D9A0239302302F8013CA8EB010348
:101BE0000A930D91FFF79CBB039BDE073FF5D1AD38
:101BF0006CE423AADDE9081002F022F800287FF443
:101C000084AA259C97E4CDF83480FFF789BB002592
:101C1000B0E4E517002C75F10003BFF651AB059B4E
:101C200064424FF02D0665EB450501338DF86F607A
:101C30007FF44CAB002D08BF0A2C0397FFF4B9AE1C
:101C40004746204629460A220023EEF759FF303244
:101C500007F8012D2046294600230A22EEF750FFFF
:101C600004460D4654EA0503EBD1A8EB07030D9794
:101C70000A93FFF755BB780648BFA4B2002501239D
:101C8000FFF75FBA069A1046D117C3E90001FFF7C4
:101C900097B917F040031CBF1346A4B20025FFF705
:101CA00050BADDE9100102460B46EFF799FA002819
:101CB00040F00383059B5A1C29F0200600F0448263
:101CC000472E00F06B81119B47F48072002B03922A
:101CD000C0F20B829DED107B8DED187B00230C93E1
:101CE000B9F1660F00F02082B9F1460F00F05C8276
:101CF000452E00F0588121AA1EABCDE90032022109
:101D00001DAB059A09989DED180B00F001FCB9F187
:101D1000670F0D9040F02F83FB0740F169810D9B09
:101D2000059A9C1800220023DDE91801EFF726FA36
:101D3000002800F0CE8123460D9A9B1A0F93472E60
:101D40001D9B0E9300F05D81B9F1660F40F061813B
:101D50000E9B002B059B40F3D082002B40F0B982F4
:101D6000FD0700F1B6820E9B04930A930C9B002B97
:101D700040F07A8105939DF86F60FFF760BA102BF1
:101D8000249A1A4F40F3EF8023461026DDE90849D4
:101D900005E00AF1080A103D102D40F3E3800132FE
:101DA0001033072ACDE92423CAE90076F1DD23AAFE
:101DB0002146484601F044FF00287FF4A6A9DDE94A
:101DC0002423C246E7E7644207940B909EE4402137
:101DD0000998FEF7DDFC089B18601861002800F0E8
:101DE000C282089A40235361FFF7D9B8F053010823
:101DF00023AADDE9081001F023FF00287FF485A95C
:101E0000DDE924340DF1C80A03F101094646BAE5BB
:101E100023AADDE9081001F013FF00287FF475A95B
:101E2000259CC246C5E4059B0D9E0596062B28BF42
:101E3000062304930A93BA4B0B9503970E960D93C2
:101E4000FFF7FDB90D9BA8EB03030A93FFF768BAF0
:101E5000249A1499CAF800101399CAF80410013290
:101E60000C44072A2594249200F327810AF1080ADA
:101E70000EE6069A1A60FFF7A3B823AADDE9081058
:101E800001F0DEFE00287FF440A99DF86F60259CDC
:101E9000C246FFF7ADBA23AADDE9081001F0D0FE73
:101EA00000287FF432A9DDE9245446463BE523AA05
:101EB000DDE9081001F0C4FE00287FF426A9DDE961
:101EC000245446463BE5012B7FF40CAA71E51C46E1
:101ED00001322C44072ACDE92424CAE900757FF792
:101EE000F3AAFFE423AADDE9081001F0A9FE002807
:101EF0007FF40BA9259CC246FFF79DBA249A894915
:101F0000CAF80010013201340121072ACDE9242446
:101F1000CAF804103FF7B8AC0AF1080ABFE423AAD4
:101F2000DDE9081001F08CFE00287FF4EEA8C2461F
:101F300029E414461E46CDF814A005F1010903F169
:101F40000802059BCDF890901C44B9F1070F259429
:101F5000C6E900733FF74CAF09F1010902F1080A25
:101F6000164610E51C4601322C44072ACDE92424EC
:101F7000CAE9007500F327810AF1080A7FE50D9888
:101F80000594EEF7E5FF0397CDE90A050346FFF751
:101F900050B9039AD5077FF599AA85E4002B08BFAD
:101FA000012305938FE6059B09985D1C21A91EABB3
:101FB000CDE900312A461DAB02219DED180B00F042
:101FC000A7FA0D90B9F1470F40F0C381FB0740F12C
:101FD000B9810D9BB9F1460F03EB05047FF4A2AE66
:101FE0000D9B1B78302B00F05A811D9D2C4499E6E7
:101FF0001D9A219B0E920D9A472EA3EB02030F937D
:1020000007D10E9BDA1C02DB059A9A4233DAA9F15A
:1020100002090E9B8DF87C90013B002B1D93BDBFE8
:102020000E9BC3F101032D222B22092B8DF87D205D
:1020300000F30181303330228DF87F308DF87E201F
:1020400020AB1FAA9B1A0F9A1593012A13440A93D7
:1020500040F349810A9B139A13440A9323EAE373DA
:10206000049300230E9381E62D2600238DF86F60E4
:102070000593FFF7E7B8DDE90E318B42C0F28080AF
:10208000F80740F105810E9B139A13440A9323EA43
:10209000E37304934FF0670968E623AADDE90810AB
:1020A00001F0CEFD00287FF430A8259CC246DEE476
:1020B0002D268DF86F60FFF7D8BA23AADDE9081046
:1020C00001F0BEFD00287FF420A81D9B259CC24680
:1020D000DEE4219BA342BFF42FAE30215A1C219293
:1020E0001970219B9C42F9D826E6DDE9101202F115
:1020F000004319932D2318910C93F1E500230593C8
:10210000FEF794BF23AADDE9081001F099FD00282D
:102110007EF4FBAF1D9B0F9A259CD31AC246D0E4D8
:10212000D8530108E4480108059D099821AA1EAB6F
:10213000CDE9003203211DAB2A469DED180B00F0BE
:10214000E7F90D9044194BE706230593BBE5059B82
:1021500004930A9305900B9503970E909DF86F607A
:10216000FFF76DB823AADDE9081001F069FD00282A
:102170007EF4CBAF1D9BDDE92424C246FFF7A4BB50
:10218000139A0F9B13440E9A0A93002A06DC0E9BA7
:102190000A9AC3F101031A4413460A9223EAE3732D
:1021A00004934FF06709E1E5059D099821AA1EAB4C
:1021B000CDE9003203211DAB2A469DED180B00F03E
:1021C000A7F90D9005E723AADDE9081001F038FD15
:1021D00000287EF49AAF259CC24650E45D4210333D
:1021E000724F1CDA1026DDF8249004E00AF1080A88
:1021F000103D102D13DD01321034072ACDE92424BF
:10220000CAE90076F2DD23AA0899484601F018FDD4
:1022100000287EF47AAFDDE92424C246E8E70132E3
:102220002C44072ACDE92424CAE900757DDC0AF193
:10223000080AFFF74CBB0DF18B0420465C4D00E013
:102240001046A5FB0312D20802EB8201A3EB410367
:1022500003F130011346092B00F8011C00F1FF3295
:10226000EEDC30330238D9B2844202F8011C73D953
:102270000DF17E00134601E013F8011B00F8011B6D
:102280009C42F9D123AB9B1A0DF17E021344D8E690
:1022900023EAE37204920A934FF0670966E500228D
:1022A0000023DDE91801EEF769FF00287FF49DAEF9
:1022B000C5F101051D952C4434E5119B3D4A002BC9
:1022C000B6BF2D269DF86F608DF86F603A4BFFF713
:1022D000CEB90E9B139A1344059A1A4422EAE2736C
:1022E0000A92049342E517F001030E937FF4B2AE15
:1022F0000A9B23EAE373049338E53BB9FC0705D452
:10230000012304930A9331E552461AE6139B0133E5
:10231000E2E70B9D9BF801302C68834644EAE474A5
:10232000281D05940B90FEF77EBE23AADDE9081058
:1023300001F086FC00287EF4E8AEDDE92424C246E4
:10234000FFF7C5BA1D9A219B0E920D9A9B1A0F9307
:1023500057E60D9B5C19E5E40DF17E0371E68DF8FF
:102360006F10FEF79CBF099A0C2313604FF0FF33E8
:102370000693FEF7D3BE059D24E68DF86F10FFF798
:10238000ECB88DF86F10FFF73FB98DF86F10FFF7BD
:102390008EB98DF86F10FFF7C6B98DF86F10FEF784
:1023A00058BF8DF86F10FFF716B900BFF053010842
:1023B000CDCCCCCCAC530108A853010800000000E0
:1023C00021B1FF2A04D80A700120704708467047DF
:1023D0008A2303604FF0FF30704700BF0000000009
:1023E0002DE9F04F03690F69BB4283B0C0F28680CC
:1023F000013F01F1140900F1140A59F827205AF895
:102400002730BC000132B3FBF2F80AEB040300945E
:1024100009EB040B0193B8F1000F38D000252E46CC
:10242000CE46D4465EF8044BDCF80030A2B208FB7E
:102430000255220C2C0C08FB0242ADB2751B96B261
:10244000C6EB134615FA83F306EB23469BB243EA29
:102450000643F3454FEA12454CF8043B4FEA264643
:10246000E0D2009B5AF803308BB9019A131F9A45AA
:102470000CD252F8043C4BB9A2F1080302E01A68EE
:10248000043B1AB99A4507F1FF37F8D307610446B0
:1024900001F0D6FA00282DDB08F10108554600238B
:1024A00059F8041B28688AB29A1A0B0C12FA80F2A7
:1024B000C3EB104303EB224392B242EA0342CB4503
:1024C00045F8042B4FEA2343EAD25AF827200AEBB7
:1024D00087037AB91A1F92450BD253F8042C42B9DC
:1024E000083B02E01A68043B1AB99A4507F1FF3726
:1024F000F8D32761404603B0BDE8F08F002003B059
:10250000BDE8F08F000000000000000000000000A7
:102510002DE9F04F55EC104B9BB0066C02918146B3
:1025200007920593CDE9004556B1426C72600123D4
:102530009340B360314601F083F80023C9F840307E
:10254000B5F10008249AB4BF012300231360764B31
:10255000BCBF28F00048CDF8048033EA080300F03F
:10256000A680DDE900670022002330463946EEF7F9
:1025700005FE054678B1059A01231360259B002BC3
:1025800000F0C080694B259A03F1FF3B1360584669
:102590001BB0BDE8F08F18AA19A947EC106B48468C
:1025A00001F0E6FA5FEA1854824640F0A080DDE9C7
:1025B00018542C4404F23243202B40F32E84C3F1F0
:1025C000400308FA03F8009B04F2124023FA00F0DB
:1025D00048EA0000EDF7D6FF01230646013CA1F1D1
:1025E000F8770F93304639460022514BEDF78CFEB9
:1025F00047A3D3E90023EEF743F847A3D3E9002329
:10260000EDF784FE064620460F46EDF7CBFF44A3C8
:10261000D3E90023EEF734F802460B46304639463C
:10262000EDF774FE06460F46EEF742FA00220690DA
:10263000002330463946EEF7ABFD002840F07382A8
:10264000069E162E00F25D823A4B03EBC603D3E9D9
:102650000001DDE90023EEF7B9FD002800F0D98381
:10266000731E069300230D932C1BB4F1010800F197
:10267000548200230893069B002BC0F245829844A5
:102680000C9300230B93029B092B5BD8052B40F383
:10269000C283043B02930025029B023B032B00F202
:1026A0009A84DFE813F0E103C103EA03F704059A13
:1026B00042F20F731360009B83B9C8F313036BB925
:1026C000259BDFF874B0002B3FF461AF0BF10803DA
:1026D000259A584613601BB0BDE8F08F259BDFF8A4
:1026E0005CB0002B3FF453AF0BF10303F0E7C7F3EB
:1026F000130343F07F570F95A4F2FF3447F44017BC
:10270000189D6FE7DFF838B058461BB0BDE8F08F72
:1027100061436F63A787D23FB3C8608B288AC63FE7
:10272000FB799F501344D33F0000F07FE548010838
:102730000000F83F50550108105501081C550108CC
:10274000E44801084FF0FF340125CDE90945002395
:10275000029307930021C9F844100E94484600F0F4
:1027600047FF0E2C8346C9F8400000F2FB80002D85
:1027700000F0F8809DED007B069900298DED107B1F
:1027800040F3E7839D4B01F00F0203EBC20393ED8F
:10279000007B0C11E2068DED007B40F1A184984B8B
:1027A000DDE91001D3E90823EEF794F8CDE9120131
:1027B00004F00F0403267CB1DDE90001904DE3072E
:1027C00004D5D5E90023EDF75BFF0136641005F170
:1027D0000805F4D1CDE90001DDE90023DDE91201AE
:1027E000EEF778F8CDE900010D9B43B10022854B4F
:1027F000DDE90001EEF7CCFC002840F0038530460F
:10280000EDF7D0FEDDE90023EDF73AFF7E4B002225
:10281000EDF77CFD099B0646A1F15077002B00F0F7
:102820001E84069B1693099B1293DDE90001EEF7C7
:102830003FF9129A714B03EBC20313ED027B00F1D7
:1028400030058DED147BEDF7ADFE0B460246DDE95C
:102850000001CDE90067EDF757FD0A9BEDB2064692
:102860000F460BF10104002B00F05B84DDE914231B
:1028700000206649EEF72EF8DDE90023EDF744FD70
:102880008BF8005032463B46CDE90001EEF79EFC46
:10289000002840F0068532463B4600205949EDF7B6
:1028A00033FD02460B46DDE90001EEF78FFC002800
:1028B00040F0FF84129A012A50D05A44CDF85C802F
:1028C000CDF848A0CDF850B09246CB46DDE900895E
:1028D0000CE000204B49EDF717FD42464B46EEF762
:1028E00057FC002840F0E084544530D0404649462B
:1028F0000022474BEDF7C4FE0022454B8046894637
:1029000030463946EDF7BCFE0F460646EEF7D0F8E6
:102910000546EDF747FE02460B4630463946EDF7D1
:10292000F3FC3035EDB242464B4604F8015B0646F7
:102930000F46EEF72DFC32463B460028C9D0169BC9
:10294000DDF848A00693D946DDF850B038E2D94604
:10295000DDF85C80DDF848A0DDF850B0DDE910342A
:10296000CDE90034199B002BC0F2AE80069A0E2AE6
:1029700000F3AA80214B03EBC20393ED007B079B7E
:10298000002B8DED027BC0F2C082DDE90067DDE93E
:10299000022330463946EDF79DFFEEF789F80546EC
:1029A000EDF700FEDDE90223EDF76AFE0B46024675
:1029B00039463046EDF7A8FC05F130038BF80030BE
:1029C000099B012B06460F460BF1010453D0002250
:1029D0000F4BEDF755FE0022002306460F46EEF79B
:1029E000CDFB002840F0EC81CDF800A0CDF81C9084
:1029F000DDF82480DDE9029A17E000BF5055010898
:102A0000205501080000F03F00001C400000E03F9E
:102A100000002440EDF734FE0022002306460F4656
:102A2000EEF7ACFB002840F03F834A465346304661
:102A30003946EDF74FFFEEF73BF80546EDF7B2FDEF
:102A40004A465346EDF71CFE02460B4630463946D1
:102A5000EDF75AFC05F1300C04F801CBA4EB0B0C9C
:102A6000E04506460F464FF00002C24BD2D1DDF8DA
:102A700000A0DDF81C9032463B4630463946EDF763
:102A800045FCDDE9022306460F46EEF79FFB58B9E9
:102A9000DDE9022330463946EEF770FB002800F0EE
:102AA0008F81E90740F18C8114F8015C05E09B45BA
:102AB00000F0768313F8015C1C46392D04F1FF33D6
:102AC000F5D001351D707BE10A9A002A3BD0029AAD
:102AD000012A40F30D82099B5F1E0B9BBB42C0F293
:102AE000E882DF1B099B002BC0F20E83089A144674
:102AF0001A44984408920121484600F041FE0546D8
:102B000024E001230D93AFE5089A069BD21A5B429D
:102B10000B93002308920C93B5E5C4F101030893CD
:102B20004FF00008A7E5DDF818804046EDF73AFDC4
:102B300032463B46EEF722FB00287FF481AD08F1D8
:102B4000FF3306937CE50B9F089C0A9D002C0CDD4F
:102B5000B8F1000F09DD4445089A2346A8BF434653
:102B6000D21A0892E41AA8EB03080B9B6BB10A9ADD
:102B7000002A00F09282DE1B002F40F09D8151461A
:102B80003246484600F0B4FE82460121484600F035
:102B9000F7FD0C9A0646002A40F02781029B012B84
:102BA00040F36E810120404410F01F0000F01B81B3
:102BB000C0F12003042B40F3B083C0F11C00089B3C
:102BC0000344089304448044089B002B05DD5146D0
:102BD0001A46484600F0DCFE8246B8F1000F05DDDB
:102BE00031464246484600F0D3FE06460D9B002B78
:102BF00078D1099B002B40F30B820A9B002B00F03D
:102C00008A80002C00F36D810C9B002B40F0CF815B
:102C1000A846009ACDF82CB002F001020A92099A57
:102C20000BF1FF331A445F460992B34659465046AA
:102C3000FFF7D6FB29460446504600F001FF5946EF
:102C400006464246484600F01BFF04F1300300935D
:102C5000C3680146002B40F0D6810890504600F032
:102C6000EFFE089A07901146484600F0E9FC079BE2
:102C700033B9029A22B90A9B002B00F01D83029BF4
:102C8000002EC0F21E8205D1029A1AB90A9A002AB1
:102C900000F01782002B07F1010400F328829DF851
:102CA00000303B70099BBB4200F03282514600234A
:102CB0000A22484600F0D4FC4545824629464FF09A
:102CC00000034FF00A02484600F0978100F0C8FC6C
:102CD0004146054600230A22484600F0C1FC27462B
:102CE0008046A3E73146504600F0AAFE002880DA6D
:102CF000069F514600230A224846013F069700F0EE
:102D0000AFFC0A9B8246002B40F0EE820E9B002B0C
:102D100040F3F68209935C46DDF8248002E000F07F
:102D20009FFC824631465046FFF75AFB00F13007C0
:102D300004F8017BA4EB0B0398454FF00A024FF017
:102D4000000351464846EADC0023009702935146AF
:102D50000122484600F01CFE3146824600F070FE1B
:102D6000002814F8012C15DC09D1009BDB0711D4D5
:102D700005E000BF0000244014F8022C1C46302A55
:102D800004F1FF33F8D00BE09B4500F04E8113F8BF
:102D9000012C1C46392A04F1FF33F5D001321A7098
:102DA0003146484600F04CFC55B1029921B1A94288
:102DB00002D0484600F044FC2946484600F040FC5A
:102DC0005146484600F03CFC0022069B2270059AC2
:102DD00001331360259B002B3FF4D9AB58461C6090
:102DE0001BB0BDE8F08F1C20E9E60146484600F024
:102DF0007FFD029B012B064640F3D48000230C93F9
:102E0000336906EB8303186900F06AFCC0F1200007
:102E1000C9E60D9028E401253EE4C3F12008009B9B
:102E200003FA08F0FFF7D6BB00230A93DDE9063268
:102E300013440E930133012B1E460993B8BF01269C
:102E40000021172EC9F84410099C7FF787AC012296
:102E500004235B0003F11400B042114602F10102A9
:102E6000F7D9C9F8441079E400230A93079E002E8D
:102E700040F3E2800E960996E2E701230A93F5E714
:102E8000009B002B7FF48EAEDDE90012C2F313032A
:102E9000002B40F0938122F000431B0D1B052BB14A
:102EA000089B0133089308F1010801230C9A0C9345
:102EB000002A3FF477AEA3E73A462946484600F099
:102EC00017FD524601460546484600F069FC51464A
:102ED0000746484600F0B4FBBA46002E3FF455AE14
:102EE0004DE629462246484600F052FD05468BE64F
:102EF0000F9A002A00F05E8103F23343089A0B9F79
:102F000014461A4498440892F5E5099B002B3FF7B4
:102F10003CAD40F0BC8051EC170B0022B34BEDF7F9
:102F2000AFFBDDE90023EEF747F9099E354600289F
:102F300076D1069A3123013206928BF800300BF1DC
:102F400001043146484600F07BFB002D7FF434AF8E
:102F500036E700F04381069B5C42A54B04F00F026C
:102F600003EBC203D3E90023DDE91001EDF788FB91
:102F70002411CDE9000100F0C8819E4D00230226F6
:102F8000E70705D5D5E90023EDF77AFB01360123E4
:102F9000641005F10805F3D1002B3FF425ACCDE911
:102FA000000121E4009B002B3FF46EAF26E7696827
:102FB000484600F01DFB2B6902339A00044605F1D8
:102FC0000C010C30EDF724FF21460122484600F0A9
:102FD000DFFC80461DE60024C9F8444021464846EF
:102FE00000F006FB4FF0FF330E9309930123834655
:102FF0000794C9F840000A93B4E400F031FB274677
:103000000546804612E6484600F01AFB012337E6E3
:10301000029B022B7FF7F1AD099B002B00F0D080C3
:10302000079BDB4306935C468BE7069A312301320C
:1030300006928BF80030B3E6012409940794FFF759
:1030400089BB3046EDF7AEFADDE90023EDF718FB5A
:103050000022694BEDF75AF90646A1F1507700229C
:10306000624BDDE90001EDF74FF932463B4604467D
:103070000D46EEF7ABF8002850D1324607F1004379
:1030800020462946EEF784F800283FF467AC002676
:103090003546C5E701230A93C8E651460B9A4846D0
:1030A00000F026FC824670E5DDF800A0DDF81C90FB
:1030B00086E60B9B0C9AFB1A1A44CDE90B7200278B
:1030C00010E5002B02945E4607F10104DDF82CB0F8
:1030D00000F3BC809DF8003002953B7045465FE6EA
:1030E0009DED107B02268DED127BFFF764BB009BEC
:1030F000392B5E46DDF82CB000F0BA80009B0295BB
:1031000001333B7045464BE6DDE908329C1AF2E498
:103110005E460295DDF82CB0454618E60026354699
:1031200007E7DDE91423DDE90001EDF7A9FA129BB9
:103130008BF80050012BCDE9000120D0129BCDF877
:1031400048805B44984600222C4B30463946EDF7C8
:1031500097FA0F460646EDF7ABFC0546EDF722FA67
:10316000303502460B4630463946EDF7CDF804F8C7
:10317000015B444506460F46E5D1DDF84880204B0B
:103180000022DDE90001EDF7C1F832463B46EDF7DC
:10319000FFFF002871D0169B069314F8015C8CE4A5
:1031A00030238BF80030069B14F8015C0133069342
:1031B0005B4686E4189BC3F136039FE6002375E661
:1031C00031460522484600F04BFA01460646504675
:1031D00000F036FC00283FF7ACAE21E79DED107BF8
:1031E00002268DED007BFFF7FFBA00BF0000144000
:1031F000505501082055010800001C4000002440E3
:103200000000E03F099B002B3FF41BAF0E9C002CFD
:103210007FF7A4AB0022454BDDE90001EDF730FA62
:10322000CDE90001701CEDF7BDF9DDE90023EDF7F4
:1032300027FA3F4B0022EDF769F8069B1294013BF9
:103240000646A1F150771693FFF7EFBA51460122D7
:10325000484600F09DFB3146824600F0F1FB002815
:103260003BDD009B392B03D0029B3133009331E7C8
:10327000392202953A7045468CE5DDE900230020AD
:103280002C49EDF741F832463B46EDF79FFF10B968
:10329000FFF764BB144614F8013C302B04F1FF32F5
:1032A000F8D0169B06938BE5D946DDF848A0DDF8EB
:1032B00050B0169B069300E4009B392B2146324602
:1032C00007F101045E46DDF82CB0D1D0002A7FF76B
:1032D00001AF0B4631330093FCE67FF4FBAE009B5D
:1032E000DA077FF5F7AEBCE7294600230A224846F5
:1032F00000F0B6F90E9B002B054609DD099380E42A
:10330000029B022B0EDC0E9B04E50226FFF76CBA33
:10331000029B022B06DC0E9BF0E73FF455ACC0F19C
:103320003C004CE40E9B099376E600BF000024406D
:1033300000001C400000E03F000000000000000012
:10334000F8B5244F0C460646F0F77AFDBB685D6879
:10335000C4F57E610F3125F00305294421F47F6116
:1033600021F00F01A1F58054B4F5805F07DB002147
:103370003046F0F795FDBB682B44984204D03046A8
:10338000F0F776FD0020F8BD61423046F0F788FD89
:1033900001300DD0104BBA6819682D1B45F001059E
:1033A0003046091B55601960F0F762FD0120F8BD39
:1033B00000213046F0F774FDBA68831A0F2BDEDD6A
:1033C000064C0549246843F00103001B5360086064
:1033D000D5E700BF04110020045900200C1500207F
:1033E000002953D0F8B50C460646F0F729FD54F8ED
:1033F00004CC714F2CF00101A4F108056B18B868DA
:103400005A68984222F0030253D01CF0010F5A6010
:1034100003EB02003BD154F808CC4068A5EB0C0547
:1034200007F1080EAC687445614400F0010075D0E6
:10343000D5F80CC0C4F80CC0CCF8084060B341F01B
:1034400001036B606950B1F5007F50D34B0A042B28
:1034500070D88B0903F13904E40003F138023819FC
:103460003B590838984278D05A6822F003028A42C1
:1034700071D99B689842F7D1C368C5E902039D6082
:10348000C5603046BDE8F840F0F7F2BC70474068D0
:1034900000F001000028D2D19868484C1144A042A5
:1034A00041F0010262D0DB68C36098606A606950D5
:1034B000C9E71CF0010F0A4407D154F8083CED1A83
:1034C0001A44D5E90213CB6099603D4B1B6842F06A
:1034D000010193426960BD6004D83A4B30461968D7
:1034E000FFF72EFF3046BDE8F840F0F7C1BCC90831
:1034F00078684A1C012389108B40034307EBC20103
:1035000057F832007B600839C5E9020147F83250AC
:10351000C5603046BDE8F840F0F7AABC002845D1A8
:103520000A44D3E9021342F00100CB60996068605D
:10353000AA50D7E7142B08D9542B1ED80B0B03F134
:103540006F04E40003F16E0289E703F15C04E40018
:1035500003F15B0283E718468EE793107968012236
:1035600002FA03F30B437B60034686E7C7E9045581
:10357000C5E902006A606950B4E7B3F5AA7F06D8CE
:10358000CB0B03F17804E40003F1770267E740F224
:103590005452934206D88B0C03F17D04E40003F1EE
:1035A0007C025CE74FF47E747E2258E741F0010212
:1035B0006A60196096E700BF041100200C1100201A
:1035C0001015002034590020000000000000000009
:1035D000044A054B1268506B002808BF1846F030AB
:1035E000704700BF680B0020980F0020000000000B
:1035F000C36C70B505460C464BB153F8240080B13E
:10360000026843F824200023C0E9033370BD21225F
:10361000042100F095FB0346E8640028EDD100206A
:1036200070BD012101FA04F6721D2846920000F0D7
:1036300087FB0028F3D0C0E90146E4E70000000062
:1036400031B1C36C4A6853F82200086043F8221075
:10365000704700BF000000000000000000000000F4
:10366000F0B50C6983B00D46064601F1140C002735
:10367000DCF8000081B202FB0133010C180C02FBE4
:1036800001019BB2013703EB0143BC424CF8043B00
:103690004FEA1143ECDC3BB1AA68A24207DD05EB1F
:1036A0008402013453612C61284603B0F0BD69687F
:1036B000019301313046FFF79BFF2A69023205F181
:1036C0000C01074692000C30EDF7A2FBF26C696822
:1036D000019B52F82100286042F821503D46DEE768
:1036E000020C12040346C2B90304102013F07F4FEA
:1036F00004BF1B02083013F0704F04BF1B010430DD
:1037000013F0404F04BF9B000230002B04DB5B0032
:1037100001D501307047202070470020E6E700BF48
:10372000036813F00702014607D0DA071FD4980791
:103730001FD55B080B600120704798B2A0B11046FE
:1037400013F0FF0F04BF1B0A08301A0704BF1B0940
:1037500004309A0704BF9B080230DA0702D45B08E2
:103760000BD001300B6070471B0C1020E8E70020E5
:1037700070479B080B60022070472020704700BFF5
:1037800010B50C460121FFF733FF0122C0E90424E4
:1037900010BD00BF0000000000000000000000009D
:1037A0002DE9F04F0E691469A64283B00F46154605
:1037B00004DA32462F4626460D461446D7E9011351
:1037C00006EB04084345B8BF0131FFF711FF00F1D4
:1037D000140909EB880EF145009005D24B460022F2
:1037E00043F8042B9E45FBD805F1140A0AEB840428
:1037F00007F11403A24503EB860C61D2641B153C50
:1038000024F00304CDF804E0A24405F110029E4622
:1038100005E02D0C2BD1924509F104094ED052F848
:10382000045F1FFA85FBBBF1000FF2D077464E46CE
:10383000002000E0264657F8041B34688BB2A5B27E
:10384000090C240C0BFB035303440BFB014000EB5E
:10385000134034469BB243EA0043BC454FEA104054
:1038600044F8043BE6D8706015682D0CD3D0D9F825
:10387000003076461846CB46002100E0A346348847
:10388000000C05FB040001449BB25C4643EA014383
:1038900044F8043B56F8043BDBF804001B0C87B2E9
:1038A00005FB037303EB1143B4454FEA1341E5D81D
:1038B0009245CBF8043009F10409B0D1DDF804E0F9
:1038C000B8F1000F0BDD5EF8043CAEF1040E1BB145
:1038D00005E05EF8043D13B9B8F10108F9D100988C
:1038E000C0F8108003B0BDE8F08F00BF00000000FA
:1038F00012F003032DE9F041144607462ED10D4680
:10390000A4101CD0BE6C96B3E3074FF0000806D499
:10391000641014D03068A8B10646E307F8D53246E3
:1039200029463846FFF73CFFB5B16A68FB6C641066
:1039300053F82210296043F822500546EAD1284660
:10394000BDE8F081324631463846FFF729FF306046
:10395000C0F800800646E0E70546D9E7013B0B4A80
:1039600052F823200023FFF77BFE0546C8E701211C
:103970003846FFF73DFE40F27123436101220023E8
:1039800002610646B8640360BEE700BF2056010826
:103990002DE9F04791460A690E464FEA6914D1E9CC
:1039A000011304EB020808F101059D42074604DDFE
:1039B0005B009D4201F10101FADC3846FFF718FE79
:1039C000002C00F1140337DD03EB8401002243F8DF
:1039D000042B8B42FBD1346906F1140319F01F0943
:1039E00003EB840C20D0C9F1200E002200E05146E8
:1039F0001C688A4604FA09F414434AF8044B53F845
:103A0000042B634522FA0EF2F1D34A600AB108F1A1
:103A10000205FB6C7268013D53F8221005613160AC
:103A200043F82260BDE8F087043953F8042B41F8CD
:103A3000042F9C45F9D8ECE71946CCE700000000BC
:103A400030B40B6905460069C01A0FD19B001435CC
:103A5000143119442B4401E09D4207D253F8044D20
:103A600051F8042D9442F7D002D3012030BC7047A6
:103A70004FF0FF30FAE700BF000000000000000038
:103A80002DE9F04113690D69ED1A002D0E4690469F
:103A900001F1140402F1140714D19B00E2183B4415
:103AA00001E0A24259D952F804CD53F8041D8C45C7
:103AB000F7D009D2224633463C464646174698463A
:103AC000012501E0F6DB00257168FFF791FDD8F8CC
:103AD00010303669C56007EB830EBC4600F1140553
:103AE00004EB860700235CF8041B54F8048B8AB2AD
:103AF00013FA88F3090C9A1AC1EB184303EB22431B
:103B000092B242EA0342E64545F8042B4FEA2343CA
:103B1000E9D8A74217D9AE46A4465CF8042B13FA9D
:103B200082F3191401EB12419BB243EA014267454B
:103B30004EF8042B4FEA2143EFD8E443274427F003
:103B4000030704373D44043D22B955F8043D013EC6
:103B5000002BFAD00661BDE8F0810021FFF748FD97
:103B600001220023C0E90423BDE8F0810000000029
:103B70002DE9F0430F4683B0012155EC104B16465A
:103B8000FFF736FDC5F30A588146C5F31303B8F1B4
:103B9000000F01D043F48013002C019324D002A81D
:103BA00040F8084DFFF7BCFD002836D1DDE90023C1
:103BB000C9F81420002B0CBF01210221C9F81830CC
:103BC000C9F81010B8F1000F1BD109EB8103A0F266
:103BD000324038601869FFF783FDC0EB4110306058
:103BE000484603B0BDE8F08301A8FFF799FD019BAB
:103BF000C9F8143001212030C9F81010B8F1000FB5
:103C0000E3D0A8F2334808EB0003C0F135003B6075
:103C10003060484603B0BDE8F083DDE90013C0F131
:103C2000200203FA02F20A43C3400193C9F81420A8
:103C3000C0E700BF0000000000000000000000001E
:103C40002DE9F04F936883B09046002B6CD0176835
:103C50008D6882460C460868083742E0A38913F451
:103C6000906F2DD0D4E9041505EB4505A0EB010BB1
:103C700005EBD575701C6D105844A8422A4684BFC8
:103C800005462A465B0536D511465046FCF780FDB1
:103C900000283AD05A4621690190EDF7B9F8A28977
:103CA000019B22F4906242F08002A281A5EB0B02FC
:103CB00003EB0B00656123612060A2603546B346CB
:103CC0005A46494600F074F8D8F80830A2682068CF
:103CD000551B58449E1BA5602060C8F808601EB3A1
:103CE000083757E90296AB46002EF9D0AE42B5D25E
:103CF0003546B346E4E7504600F0C2F803460028D4
:103D0000D4D121695046FFF76BFB0C23CAF8003071
:103D1000A389002243F040034FF0FF30A381C8E99C
:103D2000012203B0BDE8F08F0020C8F8040003B002
:103D3000BDE8F08F0000000000000000000000005F
:103D400010B502FB01F1FCF723FD0446D8B150F891
:103D5000042C22F00302043A242A1DD8132A14D971
:103D600000231B2AC0E900331BD9242AC0E90233EF
:103D70000ABFC0E9043300F1100200F11802002369
:103D8000C2E900339360204610BD02460023C2E919
:103D900000339360204610BD0021FCF7B9FF204698
:103DA00010BD00F10802F1E7000000000000000073
:103DB0008842F0B40DD98B1883420AD9841832B1E5
:103DC000224613F8014D02F8014D9942F9D1F0BC99
:103DD00070470F2A49D940EA01039B0747D1A2F156
:103DE00010031B0901F1200707EB031701F1100471
:103DF00000F1100554F8106C45F8106C54F80C6C78
:103E000045F80C6C54F8086C45F8086C54F8046CD0
:103E100045F8046C1034BC4205F11005EAD10133B9
:103E200002F00F051B01032D1944034421D91F1F64
:103E30000E462C46043C56F804CB47F804CF032C1E
:103E4000F8D82C1F24F0030404342344214402F046
:103E50000302002ABBD0013B0A4411F8014B03F8CE
:103E6000014F9142F9D1F0BC70470346F1E7034698
:103E7000F1E72A46EDE700BF000000000000000067
:103E80002DE9F04F924683B0002900F0A1800D4645
:103E900080460AF10B04EFF7D3FF55F8042C162CDB
:103EA00022F00306A5F108073ED810242146A245BA
:103EB0003FD88E4207EB060974DAC74B986848452D
:103EC00000F0AA80D9F8040020F001034B445B689D
:103ED000DB0740F18380D20734D551464046FCF7DA
:103EE00057FC8246E0B155F8043C23F001033B4403
:103EF000A0F10802934200F0F980321F242A00F258
:103F00000781132A296800F2E68003462A461960D1
:103F10005168596092689A6029464046FFF760FAF6
:103F20004046EFF7A5FF4FE024F00704002C2146A0
:103F3000BDDA4FF0000A0C235046C8F8003003B039
:103F4000BDE8F08F55F8083CA7EB030BDBF8042025
:103F500022F00302B3188B42BFDBDA46DBF80C1009
:103F60005AF8080F321F242AC1600BEB030988603E
:103F700000F2C680132A296840F2C080CBF80810EE
:103F80006968CBF80C101B2AA96800F2D8800BF1E5
:103F900010020835116069685160A96891601E4679
:103FA0005F4655467B68321B0F2A03F0010322D877
:103FB00033437B60D9F8043043F00103C9F804307F
:103FC0004046EFF755FFAA46504603B0BDE8F08FD4
:103FD000114603B0BDE8F04FFCF7DABB20F0030058
:103FE00033188B4261DBD9E902121E46CA6007EB27
:103FF00003099160D6E73919234342F001027B603F
:104000004A60D9F8043043F001030831C9F804309C
:104010004046FFF7E5F9D3E7406820F00309B144D3
:1040200004F11000814577DAD2073FF556AF55F815
:10403000082CA7EB020BDBF8042022F003029144CA
:10404000484587DCDA46DBF80C105AF8080F321FB7
:10405000242AC160886000F2A180132A296840F2F6
:104060009B80CBF808106968CBF80C101B2AA96854
:1040700000F29B800BF110020835116069685160F5
:10408000A96891600BEB0401A9EB040242F0010264
:1040900099604A60DBF8043003F001031C4340469A
:1040A000CBF80440EFF7E4FE8EE7D3073FF515AFFA
:1040B00055F8083CA7EB030BDBF8042022F00302C1
:1040C000104483198B42FFF645AFD9E90212DA4654
:1040D000CA60916042E701606B6843601B2A3AD86E
:1040E00005F1080200F10803A96810E750F8043C44
:1040F00023F003031E4407EB060953E7524649E742
:10410000294650461E465F46FFF752FE554649E790
:104110002946FFF74DFEFFE62744A9EB040949F0C5
:1041200001029F607A6055F8043C03F001031C43D0
:10413000404645F8044CEFF79BFEAA4644E7CBF80F
:104140001010E968CBF81410242A10D029690BF15B
:10415000180210351EE7AB688360EB68C360242A41
:1041600010D005F1100200F110032969CFE62A6989
:10417000CBF818206A69CBF81C20A9690BF1200242
:10418000183507E72B6903616B694361A96905F17C
:10419000180200F11803BAE652466EE72946504667
:1041A0000193FFF705FE019B6CE7CBF81010E9685F
:1041B000CBF81410242A04D029690BF11802103509
:1041C0005BE72A69CBF818206A69CBF81C20A9693B
:1041D0000BF12002183550E7041100200000000008
:1041E000537461636B20736D617368696E672064DB
:1041F00065746563746564000000000000000000E1
:1042000064636D695F6C6C645F7072657061726528
:10421000000000000000000000000000000000009E
:104220006368537973556E6C6F636B000000000018
:1042300064636D6950726570617265000000000012
:1042400064636D69556E707265706172650000001F
:1042500064636D6953746172744F6E6553686F74F3
:10426000000000000000000000000000000000004E
:1042700064636D69537461727453747265616D0027
:1042800064636D6952656C656173650000000000D0
:10429000444143206661696C75726500000000004E
:1042A000FF07040808080D08110816081A081F0857
:1042B000230827082C083008350839083D0842082B
:1042C00046084A084E08530857085B085F08630809
:1042D00067086C087008740878087B087F088308F2
:1042E00087088B088E089208960899089D08A008F0
:1042F000A408A708AB08AE08B108B408B708BB0803
:10430000BE08C008C308C608C908CC08CE08D10832
:10431000D408D608D808DB08DD08DF08E108E30880
:10432000E508E708E908EB08ED08EE08F008F108F1
:10433000F308F408F508F708F808F908FA08FB0884
:10434000FB08FC08FD08FD08FE08FE08FF08FF0842
:10435000FF08FF08FF08FF08FF08FF08FF08FE0826
:10436000FE08FD08FD08FC08FB08FB08FA08F90830
:10437000F808F708F508F408F308F108F008EE0863
:10438000ED08EB08E908E708E508E308E108DF08BD
:10439000DD08DB08D808D608D408D108CE08CC0838
:1043A000C908C608C308C008BE08BB08B708B408D7
:1043B000B108AE08AB08A708A408A0089D08990892
:1043C000960892088E088B08870883087F087B0868
:1043D0007808740870086C08670863085F085B0851
:1043E000570853084E084A08460842083D0839084D
:1043F000350830082C08270823081F081A08160853
:1044000011080D0808080408FF07FB07F707F20763
:10441000EE07E907E507E007DC07D707D307CF0773
:10442000CA07C607C207BD07B907B507B007AC077B
:10443000A807A407A0079C07970793078F078B0778
:104440008707830780077C077807740770076D0765
:104450006907660762075E075B075807540751073D
:104460004E074B074707440741073E073B073907FD
:104470003607330730072E072B072907270724079E
:10448000220720071E071C071A071807160714071C
:10449000120711070F070E070C070B070A0708077B
:1044A00007070607050704070407030702070207B3
:1044B00001070107000700070007000700070007C2
:1044C00000070007000701070107020702070307AB
:1044D0000407040705070607070708070A070B076D
:1044E0000C070E070F071107120714071607180706
:1044F0001A071C071E07200722072407270729077A
:104500002B072E0730073307360739073B073E07CF
:104510004107440747074B074E0751075407580701
:104520005B075E076207660769076D077007740718
:1045300078077C078007830787078B078F07930718
:1045400097079C07A007A407A807AC07B007B50703
:10455000B907BD07C207C607CA07CF07D307D707E2
:10456000DC07E007E507E907EE07F207F707FB07B7
:10457000506C61794D656C6F6479205468640000FB
:104580006368537973556E6C6F636B0000000000B5
:10459000912500086125000831260008E125000862
:1045A00020000000000000000000000000000000EB
:1045B00001000000400D03000200000000000000A8
:1045C000496E76616C6964206163636573732074FE
:1045D0006F202570202870633D25702900000000A1
:1045E0004A756D70656420746F20584E207265673F
:1045F000696F6E20257020286C725F7468643D2599
:10460000702900004D656D4D616E6167655F4861A1
:104610006E646C6572000000000000000000000085
:104620006D70755F636F6E6669677572655F7265E1
:1046300067696F6E000000000000000000000000CD
:104640006368537973556E6C6F636B0000000000F4
:10465000A0860100FFFF000091310008010000006A
:10466000F12F000800000000000000000000000022
:10467000000000000000000000000000000000003A
:10468000000000000000000000000000000000002A
:10469000A0860100FFFF00001131000801000000AA
:1046A000B12F000800000000000000000000000022
:1046B00000000000000000000000000000000000FA
:1046C00000000000000000000000000000000000EA
:1046D00000000000000000000000000000000000DA
:1046E00001000100000001000001010000010000C4
:1046F00000010001000000010100000101000000B4
:104700004261747465727920546864002F62617428
:10471000746572795F6C6576656C0000000000005E
:1047200000000100813400080000000000000000CB
:104730000000004000000000380000000000000001
:104740000000000001000000000000000000000068
:1047500070726F78696D6974795F746864000000C5
:10476000010010005139000800000000002800007E
:10477000000000236DDB02006DDBB62D6FBDF50080
:104780000D39E5142CB1D410000000000000000029
:104790002F70726F78696D697479000000000000F5
:1047A0006368537973556E6C6F636B000000000093
:1047B00000000000000002400F0010000000000098
:1047C0005350492074687265616400000000000065
:1047D0005F7362726B5F72000000000000000000F7
:1047E000564C35334C30582054533000564C3533EA
:1047F0004C30582054533100564C35334C305820EF
:1048000054533200564C35334C30582045533120E8
:104810006F72206C6174657200000000564C353375
:104820004C305800000000000000000000000000B4
:10483000564C35334C30782054686400000000003A
:10484000756E68616E646C6564206578636570740C
:10485000696F6E0000000000000000000000000012
:1048600069646C65000000000000000000000000AA
:104870005356233300000000000000000000000039
:104880005356233800000000000000000000000024
:104890005356233900000000000000000000000013
:1048A0005356233400000000000000000000000008
:1048B00053562336000000000000000000000000F6
:1048C00053562335000000000000000000000000E7
:1048D00053562337000000000000000000000000D5
:1048E000535623313000000000000000000000009B
:1048F000535623313100000000000000000000008A
:1049000063685654446F536574490000000000000A
:1049100063685654446F5265736574490000000023
:104920006368536368526561647949000000000060
:10493000737461636B206F766572666C6F770000CD
:104940006368537973556E6C6F636B0000000000F1
:104950006368546864536C65657053000000000020
:104960006368546864446F446571756575654E6528
:104970007874490000000000000000000000000002
:10498000636854686443726561746549000000009F
:10499000636854686445786974530000000000003F
:1049A000636854686453757370656E6453000000E7
:1049B000636854686453757370656E6454696D659B
:1049C0006F7574530000000000000000000000003C
:1049D0006368546864526573756D65490000000032
:1049E0006368546864526573756D65530000000018
:1049F0006D61696E00160118040468080C10141823
:104A00001C202122232400000000000000000000E0
:104A10006368537973556E6C6F636B000000000020
:104A2000636853656D5761697453000000000000AE
:104A3000636853656D5369676E616C4900000000DF
:104A40006368537973556E6C6F636B0000000000F0
:104A500063684D74784F626A656374496E69740067
:104A600063684D74784C6F636B5300000000000066
:104A700063684D7478556E6C6F636B0000000000C6
:104A800063684D7478556E6C6F636B530000000063
:104A90006368537973556E6C6F636B0000000000A0
:104AA0006368436F6E6442726F61646361737449DB
:104AB00000000000000000000000000000000000F6
:104AC0006368436F6E6457616974530000000000AF
:104AD000636845767442726F616463617374466C97
:104AE0006167734900000000000000000000000042
:104AF00063684576745369676E616C490000000015
:104B00006368537973556E6C6F636B00000000002F
:104B1000636849515265616454696D656F757400CD
:104B200063684F51577269746554696D656F757428
:104B30000000000000000000000000000000000075
:104B40006368537973556E6C6F636B0000000000EF
:104B50005F6D6D6373645F6765745F736C696365D4
:104B60000000000000000000000000000000000045
:104B70005F6D6D6373645F6765745F6361706163CC
:104B800069747900000000000000000000000000CF
:104B90005F6D6D6373645F6765745F6361706163AC
:104BA0006974795F657874000000000000000000FF
:104BB0006368537973556E6C6F636B00000000007F
:104BC00061646353746172740000000000000000AF
:104BD0006164635374617274436F6E766572736956
:104BE0006F6E49000000000000000000000000009F
:104BF0006164634163717569726542757300000099
:104C00006368537973556E6C6F636B00000000002E
:104C1000646163537461727400000000000000005E
:104C20006461635374617274436F6E766572736905
:104C30006F6E49000000000000000000000000004E
:104C400064616353746F70436F6E76657273696FDE
:104C50006E000000000000000000000000000000E6
:104C60006368537973556E6C6F636B0000000000CE
:104C700067707453746172740000000000000000DB
:104C80006770744368616E6765496E7465727661BA
:104C90006C000000000000000000000000000000A8
:104CA0006770745374617274436F6E74696E756F5C
:104CB00075734900000000000000000000000000C3
:104CC00067707453746F7054696D657249000000A9
:104CD0006368537973556E6C6F636B00000000005E
:104CE00069326353746172740000000000000000B8
:104CF00069326353746F7000000000000000000010
:104D00006932634D61737465725472616E736D695B
:104D10007454696D656F7574000000000000000038
:104D20006932634163717569726542757300000091
:104D300069326352656C656173654275730000008A
:104D40006368537973556E6C6F636B0000000000ED
:104D500070776D53746172740000000000000000F1
:104D600070776D4368616E6765506572696F640046
:104D700070776D456E61626C654368616E6E656CDF
:104D80000000000000000000000000000000000023
:104D900070776D44697361626C654368616E6E65BE
:104DA0006C00000000000000000000000000000097
:104DB00070776D456E61626C65506572696F64698C
:104DC000634E6F74696669636174696F6E00000099
:104DD00070776D456E61626C654368616E6E656C7F
:104DE0004E6F74696669636174696F6E00000000DC
:104DF0006D6D635F7365745F6275735F776964740B
:104E0000680000000000000000000000000000003A
:104E1000736463436F6E6E6563740000000000008E
:104E2000736463446973636F6E6E6563740000003E
:104E300073646352656164000000000000000000BC
:104E4000736463577269746500000000000000001D
:104E500073646353796E630000000000000000007B
:104E6000736463476574496E666F0000000000005C
:104E70006368537973556E6C6F636B0000000000BC
:104E80001107010841070108D1AF000841B500082A
:104E900091B3000811B4000891B4000881AF000874
:104EA0007364496E636F6D696E6744617461490034
:104EB00011B70008B1B60008D1B7000871B70008F3
:104EC000A1B7000841B70008E1B6000881B60008A4
:104ED0006368537973556E6C6F636B00000000005C
:104EE0007370695374617274000000000000000068
:104EF00073706953656C6563740000000000000006
:104F0000737069556E73656C656374000000000012
:104F100073706945786368616E6765000000000022
:104F2000757362537461727452656365697665491D
:104F30000000000000000000000000000000000071
:104F400075736253746172745472616E736D6974B7
:104F50004900000000000000000000000000000008
:104F60005F7573625F657030696E0000000000005D
:104F70005F7573625F6570306F75740000000000CC
:104F80000000000000000000000000000000000021
:104F90000100000000000000000000000000000010
:104FA0000000000000000000000000000000000001
:104FB0006E76696353657453797374656D48616E79
:104FC000646C65725072696F7269747900000000D8
:104FD000646D6153747265616D416C6C6F63617473
:104FE000650000000000000000000000000000005C
:104FF000646D6153747265616D52656C6561736552
:1050000000000000000000000000000000000000A0
:10501000106002400860024000000B00286002405F
:105020000860024006010C00406002400860024037
:1050300010020D00586002400860024016030E0086
:10504000706002400C60024000040F008860024063
:105050000C60024006051000A06002400C60024097
:1050600010061100B86002400C60024016072F00C5
:1050700010640240086402400008380028640240BE
:105080000864024006093900406402400864024096
:10509000100A3A005864024008640240160B3B00B4
:1050A000706402400C640240000C3C0088640240C2
:1050B0000C640240060D4400A06402400C640240EF
:1050C000100E4500B86402400C640240160F460002
:1050D0006164635F6C6C645F737461727400000080
:1050E0007364635F6C6C645F707265706172655F3E
:1050F000726561645F62797465730000000000008E
:105100007364635F6C6C645F726561645F616C693A
:10511000676E6564000000000000000000000000F1
:105120007364635F6C6C645F77726974655F616CF4
:1051300069676E6564000000000000000000000068
:105140006368537973556E6C6F636B0000000000E9
:105150006461635F6C6C645F7075745F6368616EDB
:105160006E656C0000000000000000000000000000
:105170006461635F6C6C645F73746172745F636FAE
:105180006E76657273696F6E0000000000000000AB
:10519000007400400300000010000000FFFF00004A
:1051A000585001085E05020E0A00000000000000D1
:1051B0006368537973556E6C6F636B000000000079
:1051C0006932635F6C6C645F7365745F636C6F639B
:1051D0006B00000000000000000000000000000064
:1051E0006932635F6C6C645F737461727400000099
:1051F000444D41206661696C7572650000000000D5
:105200006F74675F72616D5F616C6C6F630000004B
:105210000000000071BD0008C1C00008E1C1000825
:1052200040004000985600209856002001000000E1
:10523000AC5600200000000000000000000000004C
:10524000800000004001000003000000000000009A
:105250007370695F6C6C645F7374617274000000DA
:105260006770745F6C6C645F7374617274000000CB
:1052700070776D5F6C6C645F7374617274000000B2
:10528000AEAE806A00000000FFFFFFFF01110100C9
:10529000FFFF000002330D5D00A00A009FAA1A99CB
:1052A00003030000FFFFFFFF40554040F8AF000040
:1052B000005065DD44005050FFAFAA023F000000DF
:1052C000FFFFFFFF005055A9C01F0000000000DDD8
:1052D000CCC60C002A545A1100000000FFFFFFFF4B
:1052E000554205046FBF0000990C000077000000D4
:1052F0005A2A555500000000FFFFFFFF051500006A
:10530000F3000000DD00DD0D0000000000000000E3
:1053100000000000FFFFFFFF00000000FFFF000093
:10532000000000000000000000000000000000007D
:10533000FFFFFFFF00000000FFFF00000000000073
:10534000000000000000000000000000FFFFFFFF61
:1053500000000000FFFF000000000000000000004F
:105360000000000000000000FFFFFFFF0000000041
:10537000FFFF00000000000000000000000000002F
:1053800043000000504F5349580000000000000047
:105390002E000000000000000000000000000000DF
:1053A000494E4600696E66004E414E006E616E00C9
:1053B000303132333435363738394142434445464B
:1053C000000000003031323334353637383961620D
:1053D0006364656600000000286E756C6C2900002F
:1053E00020202020202020202020202020202020BD
:1053F00030303030303030303030303030303030AD
:105400000020202020202020202028282828282094
:10541000202020202020202020202020202020208C
:1054200020881010101010101010101010101010F4
:1054300010040404040404040404041010101010E4
:1054400010104141414141410101010101010101AE
:105450000101010101010101010101011010101000
:105460001010424242424242020202020202020280
:1054700002020202020202020202020210101010D4
:1054800020000000000000000000000000000000FC
:10549000000000000000000000000000000000000C
:1054A00000000000000000000000000000000000FC
:1054B00000000000000000000000000000000000EC
:1054C00000000000000000000000000000000000DC
:1054D00000000000000000000000000000000000CC
:1054E00000000000000000000000000000000000BC
:1054F00000000000000000000000000000000000AC
:10550000000000000000000000000000000000009B
:10551000496E66696E697479000000004E614E0044
:105520000080E03779C34143176E05B5B5B893469F
:10553000F5F93FE9034F384D321D30F94877825A6B
:105540003CBF737FDD4F15750000000000000000B8
:10555000000000000000F03F0000000000002440B8
:1055600000000000000059400000000000408F4093
:10557000000000000088C34000000000006AF840FE
:105580000000000080842E4100000000D012634122
:105590000000000084D797410000000065CDCD4198
:1055A000000000205FA00242000000E87648374279
:1055B000000000A2941A6D42000040E59C30A24217
:1055C0000000901EC4BCD64200003426F56B0C438C
:1055D0000080E03779C3414300A0D8855734764333
:1055E00000C84E676DC1AB43003D9160E458E14394
:1055F000408CB5781DAF154450EFE2D6E41A4B4409
:1056000092D54D06CFF08044F64AE1C7022DB5444D
:10561000B49DD9794378EA440000000000000000FE
:0C56200005000000190000007D000000E3
:08562C0004B5FE7F010000003F
:1056380096E3DEE204080020040800200C0800209D
:105648000C0800200000000000000000000000001E
:10565800010000002408002024080020FF010000A9
:1056680030080020300800203808002038080020C2
:105678000000000000000000000000004C080020AE
:105688004C0800200000000058080020580800209E
:105698000000000040420F00E2040000C13600088C
:1056A8000100000051370008010000000000000060
:1056B80000000000000000000000000000000000E2
:1056C8000000000000000000980800209808002052
:1056D80000000000000000000000000001FF0101C0
:1056E800000001FF00010900011000011100012460
:1056F800010125FF01750001FF01014E2C01480041
:1057080001302001FF00013009015400013104017A
:105718003203014083014625016000012700015042
:1057280006015100015296015608015730016100E7
:105738000162000164000165000166A001FF01012A
:1057480022320147140149FF014A0001FF00017A92
:105758000A017B0001782101FF0101233401420085
:105768000144FF014526014605014040010E06019E
:10577800201A01434001FF0001340301354401FFB1
:1057880001013104014B09014C05014D0401FF00E1
:10579800014400014520014708014828016700012C
:1057A80070040171010172FE01760001770001FFAA
:1057B80001010D0101FF000180010101F801FF0154
:1057C800018E0101000101FF0001800000000000BE
:1057D80001FF0001800101FF0101000001FF01013B
:1057E8004F0201FF0E01000301018401020A0103B7
:1057F800030104080105C801060301078D01080813
:105808000109C6010A01010B02010C00010DD501B5
:105818000E18010F1201100101118201120001136B
:10582800D501141801151301160301178601180A6A
:10583800011909011A08011BC2011C03011D8F016E
:105848001E0A011F06012001012102012200012375
:10585800D5012418012522012601012782012800EB
:105868000129D5012A18012B0B012C28012D7801BB
:105878002E28012F9101300001310B013200013334
:105888000B0134000135A10136000137A0013800B1
:10589800013904013A28013B30013C0C013D040167
:1058A8003E0F013F7901402801411E01422F01436B
:1058B8008701440001450B01460001470B014800E0
:1058C8000149A7014A00014BA6014C00014D040102
:1058D8004E01014F0001500001518001520901534E
:1058E8000801540101550001560F01577901580963
:1058F800015905015A00015B60015C05015DD10198
:105908005E0C015F3C0160000161D001620B016324
:105918000301642801651001662A01673901680BD3
:10592800016902016A28016B10016C2A016D61018D
:105938006E0C016F0001700F017179017200017323
:105948000B01740001750B0176000177A101780045
:105958000179A0017A00017B0401FF0401791D018E
:105968007B2701960E0197FE0198030199EF019A92
:1059780002019B4401730701700101FF010100014D
:1059880001FF0000000000000A0000000500000000
:105998000000000005000000700B0020000000005F
:1059A800000000005C0E0020C40E00202C0F002018
:1059B80000000000000000000000000000000000DF
:1059C80000000000000000000000000000000000CF
:1059D80000000000000000000000000000000000BF
:1059E80000000000000000000000000000000000AF
:1059F800000000000000000000000000000000009F
:105A0800000000000000000000000000000000008E
:105A1800000000000000000000000000000000007E
:105A2800000000000000000000000000000000006E
:105A3800000000000000000000000000000000005E
:105A4800000000000000000001000000000000004D
:105A58000E33CDAB34126DE6ECDE05000B00000012
:105A6800000000000000000000000000000000002E
:105A7800000000000000000000000000000000001E
:105A8800000000000000000000000000000000000E
:105A980000000000000000000000000000000000FE
:105AA80000000000000000000000000000000000EE
:105AB80000000000000000000000000000000000DE
:105AC80000000000000000000000000000000000CE
:105AD80000000000000000000000000000000000BE
:105AE80000000000000000000000000000000000AE
:105AF800000000000000000000000000000000009E
:105B0800000000000000000000000000000000008D
:105B1800000000000000000000000000000000007D
:105B2800000000000000000000000000000000006D
:105B3800000000000000000000000000000000005D
:105B4800000000000000000000000000000000004D
:105B5800000000000000000000000000000000003D
:105B6800000000000000000000000000000000002D
:105B7800000000000000000000000000000000001D
:105B8800000000000000000000000000000000000D
:105B980000000000000000000000000000000000FD
:105BA80000000000000000000000000000000000ED
:105BB80000000000000000000000000000000000DD
:105BC80000000000000000000000000000000000CD
:105BD80000000000000000000000000000000000BD
:105BE80000000000000000000000000000000000AD
:105BF800000000000000000000000000000000009D
:105C0800000000000000000000000000000000008C
:105C1800000000000000000000000000000000007C
:105C2800000000000000000000000000000000006C
:105C3800000000000000000000000000000000005C
:105C4800000000000000000000000000000000004C
:105C5800000000000000000000000000000000003C
:105C6800000000000000000000000000000000002C
:105C7800000000000000000000000000000000001C
:105C8800000000000000000000000000000000000C
:105C980000000000000000000000000000000000FC
:105CA80000000000000000000000000000000000EC
:105CB80000000000000000000000000000000000DC
:105CC80000000000000000000000000000000000CC
:105CD80000000000000000000000000000000000BC
:105CE80000000000000000000000000000000000AC
:105CF800000000000000000000000000000000009C
:105D0800000000000000000000000000000000008B
:105D1800000000000000000000000000000000007B
:105D2800000000000000000000000000000000006B
:105D3800000000000000000000000000000000005B
:105D4800000000000000000000000000000000004B
:105D5800000000000000000000000000000000003B
:105D6800000000000000000000000000000000002B
:105D7800000000000000000000000000000000001B
:105D8800000000000000000000000000000000000B
:105D980000000000000000000000000000000000FB
:105DA80000000000000000000000000000000000EB
:105DB80000000000000000000000000000000000DB
:105DC8000000000000000000430000000000000088
:105DD80000000000000000000000000000000000BB
:105DE8000000000000000000430000000000000068
:105DF800000000000000000000000000000000009B
:105E08000000000000000000430000000000000047
:105E1800000000000000000000000000000000007A
:105E28000000000000000000430000000000000027
:105E3800000000000000000000000000000000005A
:105E48000000000000000000430000000000000007
:105E5800000000000000000000000000000000003A
:105E680000000000000000004300000000000000E7
:105E7800000000000000000000000000000000001A
:105E880000000000000000004300000000000000C7
:105E980000000000000000000000000000000000FA
:105EA8000000000000000000C1230108E10C010807
:105EB800000000000054010890530108DC45010867
:105EC800DC450108DC450108DC450108DC45010822
:105ED800DC450108DC450108DC450108DC45010812
:105EE800FFFFFFFFFFFFFFFFFFFFFFFFFFFF0000B8
:105EF8000100415343494900000000000000000030
:105F08000000000000000000000000000000000089
:105F18000000415343494900000000000000000010
:105F28000000000000000000000000000000000069
:105F38000000000000000000000000000411002024
:105F4800041100200C1100200C1100201411002055
:105F5800141100201C1100201C1100202411002005
:105F6800241100202C1100202C11002034110020B5
:105F7800341100203C1100203C1100204411002065
:105F8800441100204C1100204C1100205411002015
:105F9800541100205C1100205C11002064110020C5
:105FA800641100206C1100206C1100207411002075
:105FB800741100207C1100207C1100208411002025
:105FC800841100208C1100208C11002094110020D5
:105FD800941100209C1100209C110020A411002085
:105FE800A4110020AC110020AC110020B411002035
:105FF800B4110020BC110020BC110020C4110020E5
:10600800C4110020CC110020CC110020D411002094
:10601800D4110020DC110020DC110020E411002044
:10602800E4110020EC110020EC110020F4110020F4
:10603800F4110020FC110020FC11002004120020A3
:10604800041200200C1200200C1200201412002050
:10605800141200201C1200201C1200202412002000
:10606800241200202C1200202C12002034120020B0
:10607800341200203C1200203C1200204412002060
:10608800441200204C1200204C1200205412002010
:10609800541200205C1200205C12002064120020C0
:1060A800641200206C1200206C1200207412002070
:1060B800741200207C1200207C1200208412002020
:1060C800841200208C1200208C12002094120020D0
:1060D800941200209C1200209C120020A412002080
:1060E800A4120020AC120020AC120020B412002030
:1060F800B4120020BC120020BC120020C4120020E0
:10610800C4120020CC120020CC120020D41200208F
:10611800D4120020DC120020DC120020E41200203F
:10612800E4120020EC120020EC120020F4120020EF
:10613800F4120020FC120020FC120020041300209E
:10614800041300200C1300200C130020141300204B
:10615800141300201C1300201C13002024130020FB
:10616800241300202C1300202C13002034130020AB
:10617800341300203C1300203C130020441300205B
:10618800441300204C1300204C130020541300200B
:10619800541300205C1300205C13002064130020BB
:1061A800641300206C1300206C130020741300206B
:1061B800741300207C1300207C130020841300201B
:1061C800841300208C1300208C13002094130020CB
:1061D800941300209C1300209C130020A41300207B
:1061E800A4130020AC130020AC130020B41300202B
:1061F800B4130020BC130020BC130020C4130020DB
:10620800C4130020CC130020CC130020D41300208A
:10621800D4130020DC130020DC130020E41300203A
:10622800E4130020EC130020EC130020F4130020EA
:10623800F4130020FC130020FC1300200414002099
:10624800041400200C1400200C1400201414002046
:10625800141400201C1400201C14002024140020F6
:10626800241400202C1400202C14002034140020A6
:10627800341400203C1400203C1400204414002056
:10628800441400204C1400204C1400205414002006
:10629800541400205C1400205C14002064140020B6
:1062A800641400206C1400206C1400207414002066
:1062B800741400207C1400207C1400208414002016
:1062C800841400208C1400208C14002094140020C6
:1062D800941400209C1400209C140020A414002076
:1062E800A4140020AC140020AC140020B414002026
:1062F800B4140020BC140020BC140020C4140020D6
:10630800C4140020CC140020CC140020D414002085
:10631800D4140020DC140020DC140020E414002035
:10632800E4140020EC140020EC140020F4140020E5
:10633800F4140020FC140020FC140020FFFFFFFFD1
:04634800000002004F
:04000005080001C12D
:00000001FF
