ARM GAS  /tmp/cc1HOfrl.s 			page 1


   1              		.cpu cortex-m4
   2              		.eabi_attribute 27, 1
   3              		.eabi_attribute 28, 1
   4              		.eabi_attribute 20, 1
   5              		.eabi_attribute 21, 1
   6              		.eabi_attribute 23, 3
   7              		.eabi_attribute 24, 1
   8              		.eabi_attribute 25, 1
   9              		.eabi_attribute 26, 1
  10              		.eabi_attribute 30, 2
  11              		.eabi_attribute 34, 1
  12              		.eabi_attribute 18, 4
  13              		.file	"main.c"
  14              		.text
  15              	.Ltext0:
  16              		.cfi_sections	.debug_frame
  17              		.section	.text.startup.main,"ax",%progbits
  18              		.align	1
  19              		.p2align 4,,15
  20              		.global	main
  21              		.syntax unified
  22              		.thumb
  23              		.thumb_func
  24              		.fpu fpv4-sp-d16
  25              		.type	main, %function
  26              	main:
  27              	.LFB262:
  28              		.file 1 "main.c"
  29              		.loc 1 65 0
  30              		.cfi_startproc
  31              		@ args = 0, pretend = 0, frame = 16
  32              		@ frame_needed = 0, uses_anonymous_args = 0
  33 0000 2DE9F04F 		push	{r4, r5, r6, r7, r8, r9, r10, fp, lr}
  34              		.cfi_def_cfa_offset 36
  35              		.cfi_offset 4, -36
  36              		.cfi_offset 5, -32
  37              		.cfi_offset 6, -28
  38              		.cfi_offset 7, -24
  39              		.cfi_offset 8, -20
  40              		.cfi_offset 9, -16
  41              		.cfi_offset 10, -12
  42              		.cfi_offset 11, -8
  43              		.cfi_offset 14, -4
  44 0004 D14B     		ldr	r3, .L27
  45              	.LBB10:
  46              	.LBB11:
  47              	.LBB12:
  48              		.loc 1 52 0
  49 0006 D24D     		ldr	r5, .L27+4
  50              	.LBE12:
  51              	.LBE11:
  52              	.LBE10:
  53              		.loc 1 65 0
  54 0008 1B68     		ldr	r3, [r3]
  55 000a 85B0     		sub	sp, sp, #20
  56              		.cfi_def_cfa_offset 56
  57              		.loc 1 65 0
ARM GAS  /tmp/cc1HOfrl.s 			page 2


  58 000c 0393     		str	r3, [sp, #12]
  59              		.loc 1 66 0
  60 000e FFF7FEFF 		bl	halInit
  61              	.LVL0:
  62              		.loc 1 67 0
  63 0012 FFF7FEFF 		bl	chSysInit
  64              	.LVL1:
  65              		.loc 1 68 0
  66 0016 FFF7FEFF 		bl	mpu_init
  67              	.LVL2:
  68              		.loc 1 70 0
  69 001a CE4A     		ldr	r2, .L27+8
  70 001c CE49     		ldr	r1, .L27+12
  71 001e CF48     		ldr	r0, .L27+16
  72 0020 FFF7FEFF 		bl	messagebus_init
  73              	.LVL3:
  74              		.loc 1 73 0
  75 0024 FFF7FEFF 		bl	clear_leds
  76              	.LVL4:
  77              		.loc 1 74 0
  78 0028 FFF7FEFF 		bl	spi_comm_start
  79              	.LVL5:
  80              		.loc 1 77 0
  81 002c 0020     		movs	r0, #0
  82 002e FFF7FEFF 		bl	proximity_start
  83              	.LVL6:
  84              		.loc 1 78 0
  85 0032 FFF7FEFF 		bl	calibrate_ir
  86              	.LVL7:
  87              		.loc 1 81 0
  88 0036 FFF7FEFF 		bl	VL53L0X_start
  89              	.LVL8:
  90              		.loc 1 84 0
  91 003a FFF7FEFF 		bl	motors_init
  92              	.LVL9:
  93              		.loc 1 85 0
  94 003e 0020     		movs	r0, #0
  95 0040 FFF7FEFF 		bl	left_motor_set_speed
  96              	.LVL10:
  97              		.loc 1 86 0
  98 0044 0020     		movs	r0, #0
  99 0046 FFF7FEFF 		bl	right_motor_set_speed
 100              	.LVL11:
 101              		.loc 1 89 0
 102 004a FFF7FEFF 		bl	battery_level_start
 103              	.LVL12:
 104              		.loc 1 90 0
 105 004e FFF7FEFF 		bl	get_battery_percentage
 106              	.LVL13:
 107              		.loc 1 93 0
 108 0052 FFF7FEFF 		bl	dac_start
 109              	.LVL14:
 110              		.loc 1 94 0
 111 0056 FFF7FEFF 		bl	playMelodyStart
 112              	.LVL15:
 113              		.loc 1 98 0
 114 005a 0023     		movs	r3, #0
ARM GAS  /tmp/cc1HOfrl.s 			page 3


 115 005c 0193     		str	r3, [sp, #4]
 116              		.loc 1 97 0
 117 005e 1E46     		mov	r6, r3
 118 0060 76E0     		b	.L15
 119              	.LVL16:
 120              	.L25:
 121              	.LBB166:
 122              	.LBB36:
 123              	.LBB37:
 124              		.loc 1 56 0
 125 0062 C4EB0414 		rsb	r4, r4, r4, lsl #4
 126              	.LVL17:
 127              	.LBE37:
 128              	.LBE36:
 129              	.LBB62:
 130              	.LBB63:
 131              		.loc 1 60 0
 132 0066 CAEB0A1A 		rsb	r10, r10, r10, lsl #4
 133              	.LVL18:
 134              	.LBE63:
 135              	.LBE62:
 136              	.LBB90:
 137              	.LBB38:
 138              		.loc 1 56 0
 139 006a 6400     		lsls	r4, r4, #1
 140              	.LBE38:
 141              	.LBE90:
 142              	.LBB91:
 143              	.LBB64:
 144              		.loc 1 60 0
 145 006c 4FEA8A0A 		lsl	r10, r10, #2
 146              	.LBE64:
 147              	.LBE91:
 148              	.LBB92:
 149              	.LBB39:
 150              		.loc 1 56 0
 151 0070 CBEB0B1B 		rsb	fp, fp, fp, lsl #4
 152              	.LVL19:
 153              	.LBE39:
 154              	.LBE92:
 155              	.LBB93:
 156              	.LBB65:
 157              		.loc 1 60 0
 158 0074 C7EB0717 		rsb	r7, r7, r7, lsl #4
 159              	.LVL20:
 160              	.LBE65:
 161              	.LBE93:
 162              	.LBB94:
 163              	.LBB40:
 164              		.loc 1 56 0
 165 0078 04EB8B0B 		add	fp, r4, fp, lsl #2
 166              	.LBE40:
 167              	.LBE94:
 168              	.LBB95:
 169              	.LBB66:
 170              		.loc 1 60 0
 171 007c 0AEB4707 		add	r7, r10, r7, lsl #1
ARM GAS  /tmp/cc1HOfrl.s 			page 4


 172              	.LBE66:
 173              	.LBE95:
 174              	.LBB96:
 175              	.LBB41:
 176              		.loc 1 56 0
 177 0080 00EB8000 		add	r0, r0, r0, lsl #2
 178              	.LVL21:
 179              	.LBE41:
 180              	.LBE96:
 181              	.LBB97:
 182              	.LBB67:
 183              		.loc 1 60 0
 184 0084 08EB8802 		add	r2, r8, r8, lsl #2
 185              	.LBE67:
 186              	.LBE97:
 187              	.LBB98:
 188              	.LBB42:
 189              		.loc 1 56 0
 190 0088 0BEB4000 		add	r0, fp, r0, lsl #1
 191              	.LBE42:
 192              	.LBE98:
 193              	.LBB99:
 194              	.LBB68:
 195              		.loc 1 60 0
 196 008c 07EB4202 		add	r2, r7, r2, lsl #1
 197              	.LBE68:
 198              	.LBE99:
 199              	.LBB100:
 200              	.LBB43:
 201              		.loc 1 56 0
 202 0090 85FB0031 		smull	r3, r1, r5, r0
 203              	.LBE43:
 204              	.LBE100:
 205              	.LBB101:
 206              	.LBB69:
 207              		.loc 1 60 0
 208 0094 85FB0234 		smull	r3, r4, r5, r2
 209              	.LBE69:
 210              	.LBE101:
 211              	.LBB102:
 212              	.LBB44:
 213              		.loc 1 56 0
 214 0098 C017     		asrs	r0, r0, #31
 215              	.LBE44:
 216              	.LBE102:
 217              	.LBB103:
 218              	.LBB70:
 219              		.loc 1 60 0
 220 009a D217     		asrs	r2, r2, #31
 221              	.LBE70:
 222              	.LBE103:
 223              	.LBB104:
 224              	.LBB45:
 225              		.loc 1 56 0
 226 009c C0EB6111 		rsb	r1, r0, r1, asr #5
 227              	.LBE45:
 228              	.LBE104:
ARM GAS  /tmp/cc1HOfrl.s 			page 5


 229              	.LBB105:
 230              	.LBB71:
 231              		.loc 1 60 0
 232 00a0 C2EB6412 		rsb	r2, r2, r4, asr #5
 233              	.LVL22:
 234              	.L4:
 235              	.LBE71:
 236              	.LBE105:
 237              	.LBB106:
 238              		.loc 1 132 0
 239 00a4 40F22626 		movw	r6, #550
 240              	.L12:
 241              	.LBE106:
 242              		.loc 1 113 0
 243 00a8 B9F52F7F 		cmp	r9, #700
 244 00ac C0F29480 		blt	.L5
 245              		.loc 1 115 0
 246 00b0 8A42     		cmp	r2, r1
 247 00b2 40F31381 		ble	.L6
 248              	.LVL23:
 249              		.loc 1 118 0
 250 00b6 AA48     		ldr	r0, .L27+20
 251 00b8 FFF7FEFF 		bl	left_motor_set_speed
 252              	.LVL24:
 253              		.loc 1 119 0
 254 00bc 40F28A20 		movw	r0, #650
 255 00c0 FFF7FEFF 		bl	right_motor_set_speed
 256              	.LVL25:
 257              		.loc 1 165 0
 258 00c4 5020     		movs	r0, #80
 259 00c6 FFF7FEFF 		bl	chThdSleep
 260              	.LVL26:
 261              		.loc 1 103 0
 262 00ca 0020     		movs	r0, #0
 263 00cc FFF7FEFF 		bl	get_prox
 264              	.LVL27:
 265 00d0 0446     		mov	r4, r0
 266              	.LVL28:
 267 00d2 0120     		movs	r0, #1
 268              	.LVL29:
 269 00d4 FFF7FEFF 		bl	get_prox
 270              	.LVL30:
 271 00d8 0646     		mov	r6, r0
 272              	.LVL31:
 273 00da 0220     		movs	r0, #2
 274              	.LVL32:
 275 00dc FFF7FEFF 		bl	get_prox
 276              	.LVL33:
 277 00e0 0320     		movs	r0, #3
 278 00e2 FFF7FEFF 		bl	get_prox
 279              	.LVL34:
 280              		.loc 1 104 0
 281 00e6 0420     		movs	r0, #4
 282 00e8 FFF7FEFF 		bl	get_prox
 283              	.LVL35:
 284 00ec 0520     		movs	r0, #5
 285 00ee FFF7FEFF 		bl	get_prox
ARM GAS  /tmp/cc1HOfrl.s 			page 6


 286              	.LVL36:
 287 00f2 0620     		movs	r0, #6
 288 00f4 FFF7FEFF 		bl	get_prox
 289              	.LVL37:
 290 00f8 0746     		mov	r7, r0
 291              	.LVL38:
 292 00fa 0720     		movs	r0, #7
 293              	.LVL39:
 294 00fc FFF7FEFF 		bl	get_prox
 295              	.LVL40:
 296              	.LBB107:
 297              	.LBB13:
 298              		.loc 1 52 0
 299 0100 2044     		add	r0, r0, r4
 300              	.LVL41:
 301 0102 00EB4000 		add	r0, r0, r0, lsl #1
 302 0106 C0EB0010 		rsb	r0, r0, r0, lsl #4
 303 010a 07EB8703 		add	r3, r7, r7, lsl #2
 304 010e 0344     		add	r3, r3, r0
 305 0110 06EB8606 		add	r6, r6, r6, lsl #2
 306              	.LVL42:
 307 0114 3344     		add	r3, r3, r6
 308 0116 85FB0312 		smull	r1, r2, r5, r3
 309 011a DB17     		asrs	r3, r3, #31
 310 011c C3EB6219 		rsb	r9, r3, r2, asr #5
 311              	.LVL43:
 312              	.LBE13:
 313              	.LBE107:
 314              		.loc 1 116 0
 315 0120 0323     		movs	r3, #3
 316 0122 0193     		str	r3, [sp, #4]
 317              	.LVL44:
 318              	.L7:
 319              		.loc 1 150 0
 320 0124 8E48     		ldr	r0, .L27+20
 321 0126 FFF7FEFF 		bl	left_motor_set_speed
 322              	.LVL45:
 323              		.loc 1 151 0
 324 012a 40F28A20 		movw	r0, #650
 325 012e FFF7FEFF 		bl	right_motor_set_speed
 326              	.LVL46:
 327              		.loc 1 153 0
 328 0132 B9F5FA7F 		cmp	r9, #500
 329 0136 4FF00106 		mov	r6, #1
 330 013a 4ADA     		bge	.L20
 331              	.L26:
 332              		.loc 1 154 0
 333 013c 019B     		ldr	r3, [sp, #4]
 334 013e 002B     		cmp	r3, #0
 335 0140 00F01081 		beq	.L24
 336              		.loc 1 155 0
 337 0144 019B     		ldr	r3, [sp, #4]
 338 0146 013B     		subs	r3, r3, #1
 339 0148 0193     		str	r3, [sp, #4]
 340              	.LVL47:
 341              	.L13:
 342              		.loc 1 165 0
ARM GAS  /tmp/cc1HOfrl.s 			page 7


 343 014a 5020     		movs	r0, #80
 344 014c FFF7FEFF 		bl	chThdSleep
 345              	.LVL48:
 346              	.L15:
 347              		.loc 1 103 0
 348 0150 0020     		movs	r0, #0
 349 0152 FFF7FEFF 		bl	get_prox
 350              	.LVL49:
 351 0156 8046     		mov	r8, r0
 352              	.LVL50:
 353 0158 0120     		movs	r0, #1
 354              	.LVL51:
 355 015a FFF7FEFF 		bl	get_prox
 356              	.LVL52:
 357 015e 8246     		mov	r10, r0
 358              	.LVL53:
 359 0160 0220     		movs	r0, #2
 360              	.LVL54:
 361 0162 FFF7FEFF 		bl	get_prox
 362              	.LVL55:
 363 0166 0746     		mov	r7, r0
 364              	.LVL56:
 365 0168 0320     		movs	r0, #3
 366              	.LVL57:
 367 016a FFF7FEFF 		bl	get_prox
 368              	.LVL58:
 369              		.loc 1 104 0
 370 016e 0420     		movs	r0, #4
 371 0170 FFF7FEFF 		bl	get_prox
 372              	.LVL59:
 373 0174 0520     		movs	r0, #5
 374 0176 FFF7FEFF 		bl	get_prox
 375              	.LVL60:
 376 017a 0446     		mov	r4, r0
 377              	.LVL61:
 378 017c 0620     		movs	r0, #6
 379              	.LVL62:
 380 017e FFF7FEFF 		bl	get_prox
 381              	.LVL63:
 382 0182 8346     		mov	fp, r0
 383              	.LVL64:
 384 0184 0720     		movs	r0, #7
 385              	.LVL65:
 386 0186 FFF7FEFF 		bl	get_prox
 387              	.LVL66:
 388              	.LBB108:
 389              	.LBB14:
 390              		.loc 1 52 0
 391 018a 08EB0003 		add	r3, r8, r0
 392 018e 03EB4303 		add	r3, r3, r3, lsl #1
 393 0192 0BEB8B01 		add	r1, fp, fp, lsl #2
 394 0196 C3EB0313 		rsb	r3, r3, r3, lsl #4
 395 019a 0B44     		add	r3, r3, r1
 396 019c 0AEB8A01 		add	r1, r10, r10, lsl #2
 397 01a0 0B44     		add	r3, r3, r1
 398              	.LBE14:
 399              	.LBE108:
ARM GAS  /tmp/cc1HOfrl.s 			page 8


 400              		.loc 1 111 0
 401 01a2 711E     		subs	r1, r6, #1
 402              	.LBB109:
 403              	.LBB15:
 404              		.loc 1 52 0
 405 01a4 85FB032C 		smull	r2, ip, r5, r3
 406              	.LBE15:
 407              	.LBE109:
 408              		.loc 1 111 0
 409 01a8 0129     		cmp	r1, #1
 410              	.LBB110:
 411              	.LBB16:
 412              		.loc 1 52 0
 413 01aa 4FEAE373 		asr	r3, r3, #31
 414 01ae C3EB6C19 		rsb	r9, r3, ip, asr #5
 415              	.LVL67:
 416              	.LBE16:
 417              	.LBE110:
 418              		.loc 1 111 0
 419 01b2 3FF656AF 		bhi	.L25
 420              		.loc 1 150 0
 421 01b6 012E     		cmp	r6, #1
 422 01b8 B4D0     		beq	.L7
 423              	.LVL68:
 424              	.L8:
 425 01ba 40F28A20 		movw	r0, #650
 426 01be FFF7FEFF 		bl	left_motor_set_speed
 427              	.LVL69:
 428              		.loc 1 151 0
 429 01c2 6748     		ldr	r0, .L27+20
 430 01c4 FFF7FEFF 		bl	right_motor_set_speed
 431              	.LVL70:
 432              		.loc 1 153 0
 433 01c8 B9F5FA7F 		cmp	r9, #500
 434              		.loc 1 150 0
 435 01cc 4FF00206 		mov	r6, #2
 436              		.loc 1 153 0
 437 01d0 B4DB     		blt	.L26
 438              	.L20:
 439              		.loc 1 160 0
 440 01d2 0323     		movs	r3, #3
 441 01d4 0193     		str	r3, [sp, #4]
 442 01d6 B8E7     		b	.L13
 443              	.L5:
 444              	.LVL71:
 445              	.LBB111:
 446              		.loc 1 126 0
 447 01d8 B1F5167F 		cmp	r1, #600
 448 01dc 6EDD     		ble	.L9
 449              		.loc 1 126 0 is_stmt 0 discriminator 1
 450 01de 02F13203 		add	r3, r2, #50
 451 01e2 8B42     		cmp	r3, r1
 452 01e4 6ADA     		bge	.L9
 453              	.LVL72:
 454              		.loc 1 128 0 is_stmt 1
 455 01e6 A1F13200 		sub	r0, r1, #50
 456              	.LVL73:
ARM GAS  /tmp/cc1HOfrl.s 			page 9


 457 01ea A1F51674 		sub	r4, r1, #600
 458 01ee B0F57A7F 		cmp	r0, #1000
 459              		.loc 1 129 0
 460 01f2 A6EB0404 		sub	r4, r6, r4
 461              	.LVL74:
 462 01f6 A8BF     		it	ge
 463 01f8 4FF47A70 		movge	r0, #1000
 464              	.LVL75:
 465              	.L10:
 466 01fc B4F57A7F 		cmp	r4, #1000
 467 0200 A8BF     		it	ge
 468 0202 4FF47A74 		movge	r4, #1000
 469              	.LVL76:
 470 0206 24EAE474 		bic	r4, r4, r4, asr #31
 471 020a 20EAE070 		bic	r0, r0, r0, asr #31
 472              	.LVL77:
 473              	.L11:
 474              		.loc 1 142 0
 475 020e FFF7FEFF 		bl	left_motor_set_speed
 476              	.LVL78:
 477              		.loc 1 143 0
 478 0212 2046     		mov	r0, r4
 479 0214 FFF7FEFF 		bl	right_motor_set_speed
 480              	.LVL79:
 481              	.LBE111:
 482              		.loc 1 165 0
 483 0218 5020     		movs	r0, #80
 484 021a FFF7FEFF 		bl	chThdSleep
 485              	.LVL80:
 486              		.loc 1 103 0
 487 021e 0020     		movs	r0, #0
 488 0220 FFF7FEFF 		bl	get_prox
 489              	.LVL81:
 490 0224 0446     		mov	r4, r0
 491              	.LVL82:
 492 0226 0120     		movs	r0, #1
 493              	.LVL83:
 494 0228 FFF7FEFF 		bl	get_prox
 495              	.LVL84:
 496 022c 8046     		mov	r8, r0
 497              	.LVL85:
 498 022e 0220     		movs	r0, #2
 499              	.LVL86:
 500 0230 FFF7FEFF 		bl	get_prox
 501              	.LVL87:
 502 0234 8346     		mov	fp, r0
 503              	.LVL88:
 504 0236 0320     		movs	r0, #3
 505              	.LVL89:
 506 0238 FFF7FEFF 		bl	get_prox
 507              	.LVL90:
 508              		.loc 1 104 0
 509 023c 0420     		movs	r0, #4
 510 023e FFF7FEFF 		bl	get_prox
 511              	.LVL91:
 512 0242 0520     		movs	r0, #5
 513 0244 FFF7FEFF 		bl	get_prox
ARM GAS  /tmp/cc1HOfrl.s 			page 10


 514              	.LVL92:
 515 0248 8146     		mov	r9, r0
 516              	.LVL93:
 517 024a 0620     		movs	r0, #6
 518              	.LVL94:
 519 024c FFF7FEFF 		bl	get_prox
 520              	.LVL95:
 521 0250 8246     		mov	r10, r0
 522              	.LVL96:
 523 0252 0720     		movs	r0, #7
 524              	.LVL97:
 525 0254 FFF7FEFF 		bl	get_prox
 526              	.LVL98:
 527              	.LBB112:
 528              	.LBB17:
 529              		.loc 1 52 0
 530 0258 0719     		adds	r7, r0, r4
 531              	.LBE17:
 532              	.LBE112:
 533              	.LBB113:
 534              	.LBB72:
 535              		.loc 1 60 0
 536 025a CBEB0B12 		rsb	r2, fp, fp, lsl #4
 537              	.LBE72:
 538              	.LBE113:
 539              	.LBB114:
 540              	.LBB18:
 541              		.loc 1 52 0
 542 025e 07EB4707 		add	r7, r7, r7, lsl #1
 543              	.LBE18:
 544              	.LBE114:
 545              	.LBB115:
 546              	.LBB46:
 547              		.loc 1 56 0
 548 0262 CAEB0A1B 		rsb	fp, r10, r10, lsl #4
 549              	.LVL99:
 550 0266 C9EB091E 		rsb	lr, r9, r9, lsl #4
 551              	.LBE46:
 552              	.LBE115:
 553              	.LBB116:
 554              	.LBB73:
 555              		.loc 1 60 0
 556 026a C8EB081C 		rsb	ip, r8, r8, lsl #4
 557              	.LBE73:
 558              	.LBE116:
 559              	.LBB117:
 560              	.LBB19:
 561              		.loc 1 52 0
 562 026e C7EB0717 		rsb	r7, r7, r7, lsl #4
 563              	.LBE19:
 564              	.LBE117:
 565              	.LBB118:
 566              	.LBB74:
 567              		.loc 1 60 0
 568 0272 5200     		lsls	r2, r2, #1
 569              	.LBE74:
 570              	.LBE118:
ARM GAS  /tmp/cc1HOfrl.s 			page 11


 571              	.LBB119:
 572              	.LBB20:
 573              		.loc 1 52 0
 574 0274 0AEB8A03 		add	r3, r10, r10, lsl #2
 575              	.LBE20:
 576              	.LBE119:
 577              	.LBB120:
 578              	.LBB47:
 579              		.loc 1 56 0
 580 0278 4FEA8B01 		lsl	r1, fp, #2
 581              	.LBE47:
 582              	.LBE120:
 583              	.LBB121:
 584              	.LBB75:
 585              		.loc 1 60 0
 586 027c 02EB8C02 		add	r2, r2, ip, lsl #2
 587              	.LBE75:
 588              	.LBE121:
 589              	.LBB122:
 590              	.LBB21:
 591              		.loc 1 52 0
 592 0280 3B44     		add	r3, r3, r7
 593 0282 08EB880C 		add	ip, r8, r8, lsl #2
 594              	.LBE21:
 595              	.LBE122:
 596              	.LBB123:
 597              	.LBB48:
 598              		.loc 1 56 0
 599 0286 01EB4E01 		add	r1, r1, lr, lsl #1
 600              	.LBE48:
 601              	.LBE123:
 602              	.LBB124:
 603              	.LBB76:
 604              		.loc 1 60 0
 605 028a 04EB8404 		add	r4, r4, r4, lsl #2
 606              	.LVL100:
 607              	.LBE76:
 608              	.LBE124:
 609              	.LBB125:
 610              	.LBB49:
 611              		.loc 1 56 0
 612 028e 00EB8000 		add	r0, r0, r0, lsl #2
 613              	.LVL101:
 614              	.LBE49:
 615              	.LBE125:
 616              	.LBB126:
 617              	.LBB77:
 618              		.loc 1 60 0
 619 0292 02EB4404 		add	r4, r2, r4, lsl #1
 620              	.LBE77:
 621              	.LBE126:
 622              	.LBB127:
 623              	.LBB22:
 624              		.loc 1 52 0
 625 0296 6344     		add	r3, r3, ip
 626              	.LBE22:
 627              	.LBE127:
ARM GAS  /tmp/cc1HOfrl.s 			page 12


 628              	.LBB128:
 629              	.LBB50:
 630              		.loc 1 56 0
 631 0298 01EB4000 		add	r0, r1, r0, lsl #1
 632              	.LBE50:
 633              	.LBE128:
 634              	.LBB129:
 635              	.LBB23:
 636              		.loc 1 52 0
 637 029c 85FB0327 		smull	r2, r7, r5, r3
 638              	.LBE23:
 639              	.LBE129:
 640              	.LBB130:
 641              	.LBB51:
 642              		.loc 1 56 0
 643 02a0 85FB0021 		smull	r2, r1, r5, r0
 644              	.LBE51:
 645              	.LBE130:
 646              	.LBB131:
 647              	.LBB24:
 648              		.loc 1 52 0
 649 02a4 DB17     		asrs	r3, r3, #31
 650              	.LBE24:
 651              	.LBE131:
 652              	.LBB132:
 653              	.LBB78:
 654              		.loc 1 60 0
 655 02a6 85FB04C2 		smull	ip, r2, r5, r4
 656              	.LBE78:
 657              	.LBE132:
 658              	.LBB133:
 659              	.LBB52:
 660              		.loc 1 56 0
 661 02aa C017     		asrs	r0, r0, #31
 662              	.LBE52:
 663              	.LBE133:
 664              	.LBB134:
 665              	.LBB79:
 666              		.loc 1 60 0
 667 02ac E417     		asrs	r4, r4, #31
 668              	.LBE79:
 669              	.LBE134:
 670              	.LBB135:
 671              	.LBB25:
 672              		.loc 1 52 0
 673 02ae C3EB6719 		rsb	r9, r3, r7, asr #5
 674              	.LVL102:
 675              	.LBE25:
 676              	.LBE135:
 677              	.LBB136:
 678              	.LBB53:
 679              		.loc 1 56 0
 680 02b2 C0EB6111 		rsb	r1, r0, r1, asr #5
 681              	.LVL103:
 682              	.LBE53:
 683              	.LBE136:
 684              	.LBB137:
ARM GAS  /tmp/cc1HOfrl.s 			page 13


 685              	.LBB80:
 686              		.loc 1 60 0
 687 02b6 C4EB6212 		rsb	r2, r4, r2, asr #5
 688              	.LVL104:
 689 02ba F5E6     		b	.L12
 690              	.LVL105:
 691              	.L9:
 692              	.LBE80:
 693              	.LBE137:
 694              	.LBB138:
 695              		.loc 1 130 0
 696 02bc B2F5167F 		cmp	r2, #600
 697 02c0 08DD     		ble	.L19
 698              		.loc 1 130 0 is_stmt 0 discriminator 1
 699 02c2 3231     		adds	r1, r1, #50
 700 02c4 9142     		cmp	r1, r2
 701 02c6 05DA     		bge	.L19
 702              		.loc 1 132 0 is_stmt 1
 703 02c8 A2F51670 		sub	r0, r2, #600
 704 02cc 301A     		subs	r0, r6, r0
 705              	.LVL106:
 706              		.loc 1 133 0
 707 02ce A2F13204 		sub	r4, r2, #50
 708              	.LVL107:
 709 02d2 93E7     		b	.L10
 710              	.LVL108:
 711              	.L19:
 712 02d4 40F22624 		movw	r4, #550
 713 02d8 2046     		mov	r0, r4
 714 02da 98E7     		b	.L11
 715              	.LVL109:
 716              	.L6:
 717              	.LBE138:
 718              		.loc 1 118 0
 719 02dc 40F28A20 		movw	r0, #650
 720 02e0 FFF7FEFF 		bl	left_motor_set_speed
 721              	.LVL110:
 722              		.loc 1 119 0
 723 02e4 1E48     		ldr	r0, .L27+20
 724 02e6 FFF7FEFF 		bl	right_motor_set_speed
 725              	.LVL111:
 726              		.loc 1 165 0
 727 02ea 5020     		movs	r0, #80
 728 02ec FFF7FEFF 		bl	chThdSleep
 729              	.LVL112:
 730              		.loc 1 103 0
 731 02f0 0020     		movs	r0, #0
 732 02f2 FFF7FEFF 		bl	get_prox
 733              	.LVL113:
 734 02f6 0446     		mov	r4, r0
 735              	.LVL114:
 736 02f8 0120     		movs	r0, #1
 737              	.LVL115:
 738 02fa FFF7FEFF 		bl	get_prox
 739              	.LVL116:
 740 02fe 0646     		mov	r6, r0
 741              	.LVL117:
ARM GAS  /tmp/cc1HOfrl.s 			page 14


 742 0300 0220     		movs	r0, #2
 743              	.LVL118:
 744 0302 FFF7FEFF 		bl	get_prox
 745              	.LVL119:
 746 0306 0320     		movs	r0, #3
 747 0308 FFF7FEFF 		bl	get_prox
 748              	.LVL120:
 749              		.loc 1 104 0
 750 030c 0420     		movs	r0, #4
 751 030e FFF7FEFF 		bl	get_prox
 752              	.LVL121:
 753 0312 0520     		movs	r0, #5
 754 0314 FFF7FEFF 		bl	get_prox
 755              	.LVL122:
 756 0318 0620     		movs	r0, #6
 757 031a FFF7FEFF 		bl	get_prox
 758              	.LVL123:
 759 031e 0746     		mov	r7, r0
 760              	.LVL124:
 761 0320 0720     		movs	r0, #7
 762              	.LVL125:
 763 0322 FFF7FEFF 		bl	get_prox
 764              	.LVL126:
 765              	.LBB139:
 766              	.LBB26:
 767              		.loc 1 52 0
 768 0326 2044     		add	r0, r0, r4
 769              	.LVL127:
 770 0328 00EB4000 		add	r0, r0, r0, lsl #1
 771 032c C0EB0010 		rsb	r0, r0, r0, lsl #4
 772 0330 07EB8703 		add	r3, r7, r7, lsl #2
 773 0334 0344     		add	r3, r3, r0
 774 0336 06EB8606 		add	r6, r6, r6, lsl #2
 775              	.LVL128:
 776 033a 3344     		add	r3, r3, r6
 777 033c 85FB0312 		smull	r1, r2, r5, r3
 778 0340 DB17     		asrs	r3, r3, #31
 779 0342 C3EB6219 		rsb	r9, r3, r2, asr #5
 780              	.LVL129:
 781              	.LBE26:
 782              	.LBE139:
 783              		.loc 1 116 0
 784 0346 0323     		movs	r3, #3
 785 0348 0193     		str	r3, [sp, #4]
 786 034a 36E7     		b	.L8
 787              	.L28:
 788              		.align	2
 789              	.L27:
 790 034c 00000000 		.word	__stack_chk_guard
 791 0350 1F85EB51 		.word	1374389535
 792 0354 00000000 		.word	.LANCHOR0
 793 0358 00000000 		.word	.LANCHOR1
 794 035c 00000000 		.word	.LANCHOR2
 795 0360 76FDFFFF 		.word	-650
 796              	.LVL130:
 797              	.L24:
 798              		.loc 1 165 0
ARM GAS  /tmp/cc1HOfrl.s 			page 15


 799 0364 5020     		movs	r0, #80
 800 0366 FFF7FEFF 		bl	chThdSleep
 801              	.LVL131:
 802              		.loc 1 103 0
 803 036a 0198     		ldr	r0, [sp, #4]
 804 036c FFF7FEFF 		bl	get_prox
 805              	.LVL132:
 806 0370 8246     		mov	r10, r0
 807              	.LVL133:
 808 0372 0120     		movs	r0, #1
 809              	.LVL134:
 810 0374 FFF7FEFF 		bl	get_prox
 811              	.LVL135:
 812 0378 8046     		mov	r8, r0
 813              	.LVL136:
 814 037a 0220     		movs	r0, #2
 815              	.LVL137:
 816 037c FFF7FEFF 		bl	get_prox
 817              	.LVL138:
 818 0380 8346     		mov	fp, r0
 819              	.LVL139:
 820 0382 0320     		movs	r0, #3
 821              	.LVL140:
 822 0384 FFF7FEFF 		bl	get_prox
 823              	.LVL141:
 824              		.loc 1 104 0
 825 0388 0420     		movs	r0, #4
 826 038a FFF7FEFF 		bl	get_prox
 827              	.LVL142:
 828 038e 0520     		movs	r0, #5
 829 0390 FFF7FEFF 		bl	get_prox
 830              	.LVL143:
 831 0394 0746     		mov	r7, r0
 832              	.LVL144:
 833 0396 0620     		movs	r0, #6
 834              	.LVL145:
 835 0398 FFF7FEFF 		bl	get_prox
 836              	.LVL146:
 837 039c 0646     		mov	r6, r0
 838              	.LVL147:
 839 039e 0720     		movs	r0, #7
 840              	.LVL148:
 841 03a0 FFF7FEFF 		bl	get_prox
 842              	.LVL149:
 843              	.LBB140:
 844              	.LBB27:
 845              		.loc 1 52 0
 846 03a4 0AEB0004 		add	r4, r10, r0
 847              	.LBE27:
 848              	.LBE140:
 849              	.LBB141:
 850              	.LBB54:
 851              		.loc 1 56 0
 852 03a8 C7EB0711 		rsb	r1, r7, r7, lsl #4
 853              	.LBE54:
 854              	.LBE141:
 855              	.LBB142:
ARM GAS  /tmp/cc1HOfrl.s 			page 16


 856              	.LBB81:
 857              		.loc 1 60 0
 858 03ac CBEB0B12 		rsb	r2, fp, fp, lsl #4
 859              	.LBE81:
 860              	.LBE142:
 861              	.LBB143:
 862              	.LBB28:
 863              		.loc 1 52 0
 864 03b0 04EB4404 		add	r4, r4, r4, lsl #1
 865              	.LBE28:
 866              	.LBE143:
 867              	.LBB144:
 868              	.LBB55:
 869              		.loc 1 56 0
 870 03b4 C6EB0613 		rsb	r3, r6, r6, lsl #4
 871              	.LBE55:
 872              	.LBE144:
 873              	.LBB145:
 874              	.LBB29:
 875              		.loc 1 52 0
 876 03b8 C4EB0414 		rsb	r4, r4, r4, lsl #4
 877 03bc 06EB8606 		add	r6, r6, r6, lsl #2
 878              	.LVL150:
 879              	.LBE29:
 880              	.LBE145:
 881              	.LBB146:
 882              	.LBB82:
 883              		.loc 1 60 0
 884 03c0 C8EB0817 		rsb	r7, r8, r8, lsl #4
 885              	.LVL151:
 886              	.LBE82:
 887              	.LBE146:
 888              	.LBB147:
 889              	.LBB56:
 890              		.loc 1 56 0
 891 03c4 4900     		lsls	r1, r1, #1
 892              	.LBE56:
 893              	.LBE147:
 894              	.LBB148:
 895              	.LBB83:
 896              		.loc 1 60 0
 897 03c6 5200     		lsls	r2, r2, #1
 898              	.LBE83:
 899              	.LBE148:
 900              	.LBB149:
 901              	.LBB57:
 902              		.loc 1 56 0
 903 03c8 00EB8000 		add	r0, r0, r0, lsl #2
 904              	.LVL152:
 905 03cc 01EB8301 		add	r1, r1, r3, lsl #2
 906              	.LBE57:
 907              	.LBE149:
 908              	.LBB150:
 909              	.LBB84:
 910              		.loc 1 60 0
 911 03d0 02EB8702 		add	r2, r2, r7, lsl #2
 912              	.LBE84:
ARM GAS  /tmp/cc1HOfrl.s 			page 17


 913              	.LBE150:
 914              	.LBB151:
 915              	.LBB30:
 916              		.loc 1 52 0
 917 03d4 A319     		adds	r3, r4, r6
 918              	.LBE30:
 919              	.LBE151:
 920              	.LBB152:
 921              	.LBB85:
 922              		.loc 1 60 0
 923 03d6 0AEB8A0A 		add	r10, r10, r10, lsl #2
 924              	.LVL153:
 925              	.LBE85:
 926              	.LBE152:
 927              	.LBB153:
 928              	.LBB31:
 929              		.loc 1 52 0
 930 03da 08EB8804 		add	r4, r8, r8, lsl #2
 931              	.LBE31:
 932              	.LBE153:
 933              	.LBB154:
 934              	.LBB58:
 935              		.loc 1 56 0
 936 03de 01EB4001 		add	r1, r1, r0, lsl #1
 937              	.LBE58:
 938              	.LBE154:
 939              	.LBB155:
 940              	.LBB32:
 941              		.loc 1 52 0
 942 03e2 2344     		add	r3, r3, r4
 943              	.LBE32:
 944              	.LBE155:
 945              	.LBB156:
 946              	.LBB86:
 947              		.loc 1 60 0
 948 03e4 02EB4A02 		add	r2, r2, r10, lsl #1
 949              	.LBE86:
 950              	.LBE156:
 951              	.LBB157:
 952              	.LBB33:
 953              		.loc 1 52 0
 954 03e8 85FB0306 		smull	r0, r6, r5, r3
 955              	.LBE33:
 956              	.LBE157:
 957              	.LBB158:
 958              	.LBB59:
 959              		.loc 1 56 0
 960 03ec 85FB0104 		smull	r0, r4, r5, r1
 961              	.LBE59:
 962              	.LBE158:
 963              	.LBB159:
 964              	.LBB34:
 965              		.loc 1 52 0
 966 03f0 DB17     		asrs	r3, r3, #31
 967              	.LBE34:
 968              	.LBE159:
 969              	.LBB160:
ARM GAS  /tmp/cc1HOfrl.s 			page 18


 970              	.LBB87:
 971              		.loc 1 60 0
 972 03f2 85FB0270 		smull	r7, r0, r5, r2
 973              	.LBE87:
 974              	.LBE160:
 975              	.LBB161:
 976              	.LBB60:
 977              		.loc 1 56 0
 978 03f6 C917     		asrs	r1, r1, #31
 979              	.LBE60:
 980              	.LBE161:
 981              	.LBB162:
 982              	.LBB88:
 983              		.loc 1 60 0
 984 03f8 D217     		asrs	r2, r2, #31
 985              	.LBE88:
 986              	.LBE162:
 987              	.LBB163:
 988              	.LBB35:
 989              		.loc 1 52 0
 990 03fa C3EB6619 		rsb	r9, r3, r6, asr #5
 991              	.LVL154:
 992              	.LBE35:
 993              	.LBE163:
 994              	.LBB164:
 995              	.LBB61:
 996              		.loc 1 56 0
 997 03fe C1EB6411 		rsb	r1, r1, r4, asr #5
 998              	.LVL155:
 999              	.LBE61:
 1000              	.LBE164:
 1001              	.LBB165:
 1002              	.LBB89:
 1003              		.loc 1 60 0
 1004 0402 C2EB6012 		rsb	r2, r2, r0, asr #5
 1005              	.LVL156:
 1006 0406 4DE6     		b	.L4
 1007              	.LBE89:
 1008              	.LBE165:
 1009              	.LBE166:
 1010              		.cfi_endproc
 1011              	.LFE262:
 1012              		.size	main, .-main
 1013              		.section	.text.__stack_chk_fail,"ax",%progbits
 1014              		.align	1
 1015              		.p2align 4,,15
 1016              		.global	__stack_chk_fail
 1017              		.syntax unified
 1018              		.thumb
 1019              		.thumb_func
 1020              		.fpu fpv4-sp-d16
 1021              		.type	__stack_chk_fail, %function
 1022              	__stack_chk_fail:
 1023              	.LFB263:
 1024              		.loc 1 173 0
 1025              		.cfi_startproc
 1026              		@ args = 0, pretend = 0, frame = 8
ARM GAS  /tmp/cc1HOfrl.s 			page 19


 1027              		@ frame_needed = 0, uses_anonymous_args = 0
 1028 0000 00B5     		push	{lr}
 1029              		.cfi_def_cfa_offset 4
 1030              		.cfi_offset 14, -4
 1031 0002 084B     		ldr	r3, .L34
 1032 0004 83B0     		sub	sp, sp, #12
 1033              		.cfi_def_cfa_offset 16
 1034              		.loc 1 173 0
 1035 0006 1A68     		ldr	r2, [r3]
 1036 0008 0192     		str	r2, [sp, #4]
 1037              		.loc 1 174 0
 1038 000a 019A     		ldr	r2, [sp, #4]
 1039 000c 1B68     		ldr	r3, [r3]
 1040 000e 9A42     		cmp	r2, r3
 1041 0010 05D1     		bne	.L33
 1042 0012 0548     		ldr	r0, .L34+4
 1043              		.loc 1 175 0
 1044 0014 03B0     		add	sp, sp, #12
 1045              		.cfi_remember_state
 1046              		.cfi_def_cfa_offset 4
 1047              		@ sp needed
 1048 0016 5DF804EB 		ldr	lr, [sp], #4
 1049              		.cfi_restore 14
 1050              		.cfi_def_cfa_offset 0
 1051              		.loc 1 174 0
 1052 001a FFF7FEBF 		b	chSysHalt
 1053              	.LVL157:
 1054              	.L33:
 1055              		.cfi_restore_state
 1056 001e FFF7FEFF 		bl	__stack_chk_fail
 1057              	.LVL158:
 1058              	.L35:
 1059 0022 00BF     		.align	2
 1060              	.L34:
 1061 0024 00000000 		.word	__stack_chk_guard
 1062 0028 00000000 		.word	.LC0
 1063              		.cfi_endproc
 1064              	.LFE263:
 1065              		.size	__stack_chk_fail, .-__stack_chk_fail
 1066              		.global	__stack_chk_guard
 1067              		.global	LOOP_DT_MS
 1068              		.global	HOLD_CYCLES
 1069              		.global	SIDE_TURN_GAIN
 1070              		.global	PIVOT_SPEED
 1071              		.global	DRIVE_SPEED
 1072              		.global	THR_SIDE
 1073              		.global	REL_FRONT
 1074              		.global	THR_FRONT
 1075              		.global	bus_condvar
 1076              		.global	bus_lock
 1077              		.global	bus
 1078              		.section	.bss.bus,"aw",%nobits
 1079              		.align	2
 1080              		.set	.LANCHOR2,. + 0
 1081              		.type	bus, %object
 1082              		.size	bus, 12
 1083              	bus:
ARM GAS  /tmp/cc1HOfrl.s 			page 20


 1084 0000 00000000 		.space	12
 1084      00000000 
 1084      00000000 
 1085              		.section	.data.__stack_chk_guard,"aw",%progbits
 1086              		.align	2
 1087              		.type	__stack_chk_guard, %object
 1088              		.size	__stack_chk_guard, 4
 1089              	__stack_chk_guard:
 1090 0000 96E3DEE2 		.word	-488709226
 1091              		.section	.data.bus_condvar,"aw",%progbits
 1092              		.align	2
 1093              		.set	.LANCHOR0,. + 0
 1094              		.type	bus_condvar, %object
 1095              		.size	bus_condvar, 8
 1096              	bus_condvar:
 1097 0000 00000000 		.word	bus_condvar
 1098 0004 00000000 		.word	bus_condvar
 1099              		.section	.data.bus_lock,"aw",%progbits
 1100              		.align	2
 1101              		.set	.LANCHOR1,. + 0
 1102              		.type	bus_lock, %object
 1103              		.size	bus_lock, 20
 1104              	bus_lock:
 1105 0000 00000000 		.word	bus_lock
 1106 0004 00000000 		.word	bus_lock
 1107 0008 00000000 		.word	0
 1108 000c 00000000 		.word	0
 1109 0010 00000000 		.word	0
 1110              		.section	.rodata.DRIVE_SPEED,"a",%progbits
 1111              		.align	2
 1112              		.type	DRIVE_SPEED, %object
 1113              		.size	DRIVE_SPEED, 4
 1114              	DRIVE_SPEED:
 1115 0000 26020000 		.word	550
 1116              		.section	.rodata.HOLD_CYCLES,"a",%progbits
 1117              		.align	2
 1118              		.type	HOLD_CYCLES, %object
 1119              		.size	HOLD_CYCLES, 4
 1120              	HOLD_CYCLES:
 1121 0000 03000000 		.word	3
 1122              		.section	.rodata.LOOP_DT_MS,"a",%progbits
 1123              		.align	2
 1124              		.type	LOOP_DT_MS, %object
 1125              		.size	LOOP_DT_MS, 4
 1126              	LOOP_DT_MS:
 1127 0000 50000000 		.word	80
 1128              		.section	.rodata.PIVOT_SPEED,"a",%progbits
 1129              		.align	2
 1130              		.type	PIVOT_SPEED, %object
 1131              		.size	PIVOT_SPEED, 4
 1132              	PIVOT_SPEED:
 1133 0000 8A020000 		.word	650
 1134              		.section	.rodata.REL_FRONT,"a",%progbits
 1135              		.align	2
 1136              		.type	REL_FRONT, %object
 1137              		.size	REL_FRONT, 4
 1138              	REL_FRONT:
ARM GAS  /tmp/cc1HOfrl.s 			page 21


 1139 0000 F4010000 		.word	500
 1140              		.section	.rodata.SIDE_TURN_GAIN,"a",%progbits
 1141              		.align	2
 1142              		.type	SIDE_TURN_GAIN, %object
 1143              		.size	SIDE_TURN_GAIN, 4
 1144              	SIDE_TURN_GAIN:
 1145 0000 01000000 		.word	1
 1146              		.section	.rodata.THR_FRONT,"a",%progbits
 1147              		.align	2
 1148              		.type	THR_FRONT, %object
 1149              		.size	THR_FRONT, 4
 1150              	THR_FRONT:
 1151 0000 BC020000 		.word	700
 1152              		.section	.rodata.THR_SIDE,"a",%progbits
 1153              		.align	2
 1154              		.type	THR_SIDE, %object
 1155              		.size	THR_SIDE, 4
 1156              	THR_SIDE:
 1157 0000 58020000 		.word	600
 1158              		.section	.rodata.__stack_chk_fail.str1.4,"aMS",%progbits,1
 1159              		.align	2
 1160              	.LC0:
 1161 0000 53746163 		.ascii	"Stack smashing detected\000"
 1161      6B20736D 
 1161      61736869 
 1161      6E672064 
 1161      65746563 
 1162              		.text
 1163              	.Letext0:
 1164              		.file 2 "/home/acse-lab/Documents/466t2/Eclipse_e-puck2/Tools/gcc-arm-none-eabi-7-2017-q4-major/ar
 1165              		.file 3 "/home/acse-lab/Documents/466t2/Eclipse_e-puck2/Tools/gcc-arm-none-eabi-7-2017-q4-major/li
 1166              		.file 4 "/home/acse-lab/Documents/466t2/Eclipse_e-puck2/Tools/gcc-arm-none-eabi-7-2017-q4-major/ar
 1167              		.file 5 "/home/acse-lab/Documents/466t2/Eclipse_e-puck2/Tools/gcc-arm-none-eabi-7-2017-q4-major/ar
 1168              		.file 6 "/home/acse-lab/Documents/466t2/Eclipse_e-puck2/Tools/gcc-arm-none-eabi-7-2017-q4-major/ar
 1169              		.file 7 "/home/acse-lab/Documents/466t2/Eclipse_e-puck2/Tools/gcc-arm-none-eabi-7-2017-q4-major/ar
 1170              		.file 8 "/home/acse-lab/Documents/466t2/Eclipse_e-puck2/Tools/gcc-arm-none-eabi-7-2017-q4-major/ar
 1171              		.file 9 "/home/acse-lab/Documents/466t2/Eclipse_e-puck2/Tools/gcc-arm-none-eabi-7-2017-q4-major/ar
 1172              		.file 10 "../e-puck2_main-processor/ChibiOS//os/rt/ports/ARMCMx/compilers/GCC/chtypes.h"
 1173              		.file 11 "../e-puck2_main-processor/ChibiOS//os/rt/include/chsystypes.h"
 1174              		.file 12 "../e-puck2_main-processor/ChibiOS//os/rt/include/chschd.h"
 1175              		.file 13 "../e-puck2_main-processor/ChibiOS//os/ext/CMSIS/include/core_cm4.h"
 1176              		.file 14 "../e-puck2_main-processor/ChibiOS//os/ext/CMSIS/ST/system_stm32f4xx.h"
 1177              		.file 15 "../e-puck2_main-processor/ChibiOS//os/ext/CMSIS/ST/stm32f407xx.h"
 1178              		.file 16 "../e-puck2_main-processor/ChibiOS//os/rt/ports/ARMCMx/chcore.h"
 1179              		.file 17 "../e-puck2_main-processor/ChibiOS//os/rt/ports/ARMCMx/chcore_v7m.h"
 1180              		.file 18 "../e-puck2_main-processor/ChibiOS//os/rt/include/chdebug.h"
 1181              		.file 19 "../e-puck2_main-processor/ChibiOS//os/rt/include/chtm.h"
 1182              		.file 20 "../e-puck2_main-processor/ChibiOS//os/rt/include/chstats.h"
 1183              		.file 21 "../e-puck2_main-processor/ChibiOS//os/rt/include/chsem.h"
 1184              		.file 22 "../e-puck2_main-processor/ChibiOS//os/rt/include/chmtx.h"
 1185              		.file 23 "../e-puck2_main-processor/ChibiOS//os/rt/include/chregistry.h"
 1186              		.file 24 "../e-puck2_main-processor/ChibiOS//os/rt/include/chcond.h"
 1187              		.file 25 "../e-puck2_main-processor/ChibiOS//os/rt/include/chevents.h"
 1188              		.file 26 "../e-puck2_main-processor/ChibiOS//os/rt/include/chqueues.h"
 1189              		.file 27 "../e-puck2_main-processor/ChibiOS//os/hal/ports/STM32/STM32F4xx/stm32_dma.h"
 1190              		.file 28 "../e-puck2_main-processor/ChibiOS//os/hal/include/hal_ioblock.h"
 1191              		.file 29 "../e-puck2_main-processor/ChibiOS//os/hal/ports/STM32/LLD/GPIOv2/pal_lld.h"
ARM GAS  /tmp/cc1HOfrl.s 			page 22


 1192              		.file 30 "../e-puck2_main-processor/ChibiOS//os/hal/include/adc.h"
 1193              		.file 31 "../e-puck2_main-processor/ChibiOS//os/hal/ports/STM32/STM32F4xx/adc_lld.h"
 1194              		.file 32 "../e-puck2_main-processor/ChibiOS//os/hal/include/can.h"
 1195              		.file 33 "../e-puck2_main-processor/ChibiOS//os/hal/ports/STM32/LLD/can_lld.h"
 1196              		.file 34 "../e-puck2_main-processor/ChibiOS//os/hal/include/dac.h"
 1197              		.file 35 "../e-puck2_main-processor/ChibiOS//os/hal/ports/STM32/LLD/DACv1/dac_lld.h"
 1198              		.file 36 "../e-puck2_main-processor/ChibiOS//os/hal/include/ext.h"
 1199              		.file 37 "../e-puck2_main-processor/ChibiOS//os/hal/ports/STM32/LLD/ext_lld.h"
 1200              		.file 38 "../e-puck2_main-processor/ChibiOS//os/hal/include/gpt.h"
 1201              		.file 39 "../e-puck2_main-processor/ChibiOS//os/hal/ports/STM32/LLD/TIMv1/gpt_lld.h"
 1202              		.file 40 "../e-puck2_main-processor/ChibiOS//os/hal/ports/STM32/LLD/TIMv1/stm32_tim.h"
 1203              		.file 41 "../e-puck2_main-processor/ChibiOS//os/hal/include/i2c.h"
 1204              		.file 42 "../e-puck2_main-processor/ChibiOS//os/hal/ports/STM32/LLD/I2Cv1/i2c_lld.h"
 1205              		.file 43 "../e-puck2_main-processor/ChibiOS//os/hal/include/i2s.h"
 1206              		.file 44 "../e-puck2_main-processor/ChibiOS//os/hal/ports/STM32/LLD/SPIv1/i2s_lld.h"
 1207              		.file 45 "../e-puck2_main-processor/ChibiOS//os/hal/include/pwm.h"
 1208              		.file 46 "../e-puck2_main-processor/ChibiOS//os/hal/ports/STM32/LLD/TIMv1/pwm_lld.h"
 1209              		.file 47 "../e-puck2_main-processor/ChibiOS//os/hal/include/serial.h"
 1210              		.file 48 "../e-puck2_main-processor/ChibiOS//os/hal/ports/STM32/LLD/USARTv1/serial_lld.h"
 1211              		.file 49 "../e-puck2_main-processor/ChibiOS//os/hal/include/sdc.h"
 1212              		.file 50 "../e-puck2_main-processor/ChibiOS//os/hal/ports/STM32/LLD/sdc_lld.h"
 1213              		.file 51 "../e-puck2_main-processor/ChibiOS//os/hal/include/spi.h"
 1214              		.file 52 "../e-puck2_main-processor/ChibiOS//os/hal/ports/STM32/LLD/SPIv1/spi_lld.h"
 1215              		.file 53 "../e-puck2_main-processor/ChibiOS//os/hal/include/usb.h"
 1216              		.file 54 "../e-puck2_main-processor/ChibiOS//os/hal/ports/STM32/LLD/OTGv1/usb_lld.h"
 1217              		.file 55 "../e-puck2_main-processor/ChibiOS//os/hal/ports/STM32/LLD/OTGv1/stm32_otg.h"
 1218              		.file 56 "/home/acse-lab/Documents/466t2/Eclipse_e-puck2/Tools/gcc-arm-none-eabi-7-2017-q4-major/a
 1219              		.file 57 "../e-puck2_main-processor/src/msgbus/messagebus.h"
 1220              		.file 58 "../e-puck2_main-processor/src/parameter/parameter.h"
 1221              		.file 59 "./main.h"
 1222              		.file 60 "../e-puck2_main-processor/src/motors.h"
 1223              		.file 61 "../e-puck2_main-processor/ChibiOS//os/rt/include/chsys.h"
 1224              		.file 62 "../e-puck2_main-processor/ChibiOS//os/rt/include/chthreads.h"
 1225              		.file 63 "../e-puck2_main-processor/src/sensors/proximity.h"
 1226              		.file 64 "../e-puck2_main-processor/ChibiOS//os/hal/include/hal.h"
 1227              		.file 65 "../e-puck2_main-processor/src/memory_protection.h"
 1228              		.file 66 "../e-puck2_main-processor/src/leds.h"
 1229              		.file 67 "../e-puck2_main-processor/src/spi_comm.h"
 1230              		.file 68 "../e-puck2_main-processor/src/sensors/VL53L0X/VL53L0X.h"
 1231              		.file 69 "../e-puck2_main-processor/src/sensors/battery_level.h"
 1232              		.file 70 "../e-puck2_main-processor/src/audio/audio_thread.h"
 1233              		.file 71 "../e-puck2_main-processor/src/audio/play_melody.h"
 1234              		.section	.debug_info,"",%progbits
 1235              	.Ldebug_info0:
 1236 0000 F5490000 		.4byte	0x49f5
 1237 0004 0400     		.2byte	0x4
 1238 0006 00000000 		.4byte	.Ldebug_abbrev0
 1239 000a 04       		.byte	0x4
 1240 000b 01       		.uleb128 0x1
 1241 000c AF0E0000 		.4byte	.LASF918
 1242 0010 0C       		.byte	0xc
 1243 0011 BE220000 		.4byte	.LASF919
 1244 0015 51220000 		.4byte	.LASF920
 1245 0019 B0020000 		.4byte	.Ldebug_ranges0+0x2b0
 1246 001d 00000000 		.4byte	0
 1247 0021 00000000 		.4byte	.Ldebug_line0
 1248 0025 02       		.uleb128 0x2
ARM GAS  /tmp/cc1HOfrl.s 			page 23


 1249 0026 01       		.byte	0x1
 1250 0027 06       		.byte	0x6
 1251 0028 B1140000 		.4byte	.LASF0
 1252 002c 03       		.uleb128 0x3
 1253 002d E9000000 		.4byte	.LASF2
 1254 0031 02       		.byte	0x2
 1255 0032 2B       		.byte	0x2b
 1256 0033 37000000 		.4byte	0x37
 1257 0037 02       		.uleb128 0x2
 1258 0038 01       		.byte	0x1
 1259 0039 08       		.byte	0x8
 1260 003a 01090000 		.4byte	.LASF1
 1261 003e 03       		.uleb128 0x3
 1262 003f 3B070000 		.4byte	.LASF3
 1263 0043 02       		.byte	0x2
 1264 0044 37       		.byte	0x37
 1265 0045 49000000 		.4byte	0x49
 1266 0049 02       		.uleb128 0x2
 1267 004a 02       		.byte	0x2
 1268 004b 05       		.byte	0x5
 1269 004c 78240000 		.4byte	.LASF4
 1270 0050 03       		.uleb128 0x3
 1271 0051 45070000 		.4byte	.LASF5
 1272 0055 02       		.byte	0x2
 1273 0056 39       		.byte	0x39
 1274 0057 5B000000 		.4byte	0x5b
 1275 005b 02       		.uleb128 0x2
 1276 005c 02       		.byte	0x2
 1277 005d 07       		.byte	0x7
 1278 005e 96140000 		.4byte	.LASF6
 1279 0062 03       		.uleb128 0x3
 1280 0063 891D0000 		.4byte	.LASF7
 1281 0067 02       		.byte	0x2
 1282 0068 4D       		.byte	0x4d
 1283 0069 6D000000 		.4byte	0x6d
 1284 006d 02       		.uleb128 0x2
 1285 006e 04       		.byte	0x4
 1286 006f 05       		.byte	0x5
 1287 0070 63170000 		.4byte	.LASF8
 1288 0074 03       		.uleb128 0x3
 1289 0075 931D0000 		.4byte	.LASF9
 1290 0079 02       		.byte	0x2
 1291 007a 4F       		.byte	0x4f
 1292 007b 7F000000 		.4byte	0x7f
 1293 007f 02       		.uleb128 0x2
 1294 0080 04       		.byte	0x4
 1295 0081 07       		.byte	0x7
 1296 0082 43190000 		.4byte	.LASF10
 1297 0086 02       		.uleb128 0x2
 1298 0087 08       		.byte	0x8
 1299 0088 05       		.byte	0x5
 1300 0089 E2210000 		.4byte	.LASF11
 1301 008d 03       		.uleb128 0x3
 1302 008e 08110000 		.4byte	.LASF12
 1303 0092 02       		.byte	0x2
 1304 0093 69       		.byte	0x69
 1305 0094 98000000 		.4byte	0x98
ARM GAS  /tmp/cc1HOfrl.s 			page 24


 1306 0098 02       		.uleb128 0x2
 1307 0099 08       		.byte	0x8
 1308 009a 07       		.byte	0x7
 1309 009b 691F0000 		.4byte	.LASF13
 1310 009f 04       		.uleb128 0x4
 1311 00a0 04       		.byte	0x4
 1312 00a1 05       		.byte	0x5
 1313 00a2 696E7400 		.ascii	"int\000"
 1314 00a6 05       		.uleb128 0x5
 1315 00a7 9F000000 		.4byte	0x9f
 1316 00ab 03       		.uleb128 0x3
 1317 00ac B61A0000 		.4byte	.LASF14
 1318 00b0 02       		.byte	0x2
 1319 00b1 E8       		.byte	0xe8
 1320 00b2 B6000000 		.4byte	0xb6
 1321 00b6 02       		.uleb128 0x2
 1322 00b7 04       		.byte	0x4
 1323 00b8 07       		.byte	0x7
 1324 00b9 24240000 		.4byte	.LASF15
 1325 00bd 03       		.uleb128 0x3
 1326 00be 5B0C0000 		.4byte	.LASF16
 1327 00c2 03       		.byte	0x3
 1328 00c3 D8       		.byte	0xd8
 1329 00c4 B6000000 		.4byte	0xb6
 1330 00c8 02       		.uleb128 0x2
 1331 00c9 08       		.byte	0x8
 1332 00ca 04       		.byte	0x4
 1333 00cb F6180000 		.4byte	.LASF17
 1334 00cf 06       		.uleb128 0x6
 1335 00d0 04       		.byte	0x4
 1336 00d1 03       		.uleb128 0x3
 1337 00d2 1A070000 		.4byte	.LASF18
 1338 00d6 04       		.byte	0x4
 1339 00d7 22       		.byte	0x22
 1340 00d8 DC000000 		.4byte	0xdc
 1341 00dc 07       		.uleb128 0x7
 1342 00dd 04       		.byte	0x4
 1343 00de E2000000 		.4byte	0xe2
 1344 00e2 08       		.uleb128 0x8
 1345 00e3 41050000 		.4byte	.LASF125
 1346 00e7 03       		.uleb128 0x3
 1347 00e8 2B0C0000 		.4byte	.LASF19
 1348 00ec 05       		.byte	0x5
 1349 00ed 2C       		.byte	0x2c
 1350 00ee 6D000000 		.4byte	0x6d
 1351 00f2 03       		.uleb128 0x3
 1352 00f3 AE1C0000 		.4byte	.LASF20
 1353 00f7 05       		.byte	0x5
 1354 00f8 72       		.byte	0x72
 1355 00f9 6D000000 		.4byte	0x6d
 1356 00fd 09       		.uleb128 0x9
 1357 00fe 1B0E0000 		.4byte	.LASF21
 1358 0102 03       		.byte	0x3
 1359 0103 6501     		.2byte	0x165
 1360 0105 B6000000 		.4byte	0xb6
 1361 0109 0A       		.uleb128 0xa
 1362 010a 04       		.byte	0x4
ARM GAS  /tmp/cc1HOfrl.s 			page 25


 1363 010b 05       		.byte	0x5
 1364 010c A6       		.byte	0xa6
 1365 010d 28010000 		.4byte	0x128
 1366 0111 0B       		.uleb128 0xb
 1367 0112 B0160000 		.4byte	.LASF22
 1368 0116 05       		.byte	0x5
 1369 0117 A8       		.byte	0xa8
 1370 0118 FD000000 		.4byte	0xfd
 1371 011c 0B       		.uleb128 0xb
 1372 011d C90D0000 		.4byte	.LASF23
 1373 0121 05       		.byte	0x5
 1374 0122 A9       		.byte	0xa9
 1375 0123 28010000 		.4byte	0x128
 1376 0127 00       		.byte	0
 1377 0128 0C       		.uleb128 0xc
 1378 0129 37000000 		.4byte	0x37
 1379 012d 38010000 		.4byte	0x138
 1380 0131 0D       		.uleb128 0xd
 1381 0132 B6000000 		.4byte	0xb6
 1382 0136 03       		.byte	0x3
 1383 0137 00       		.byte	0
 1384 0138 0E       		.uleb128 0xe
 1385 0139 08       		.byte	0x8
 1386 013a 05       		.byte	0x5
 1387 013b A3       		.byte	0xa3
 1388 013c 59010000 		.4byte	0x159
 1389 0140 0F       		.uleb128 0xf
 1390 0141 890C0000 		.4byte	.LASF24
 1391 0145 05       		.byte	0x5
 1392 0146 A5       		.byte	0xa5
 1393 0147 9F000000 		.4byte	0x9f
 1394 014b 00       		.byte	0
 1395 014c 0F       		.uleb128 0xf
 1396 014d D71D0000 		.4byte	.LASF25
 1397 0151 05       		.byte	0x5
 1398 0152 AA       		.byte	0xaa
 1399 0153 09010000 		.4byte	0x109
 1400 0157 04       		.byte	0x4
 1401 0158 00       		.byte	0
 1402 0159 03       		.uleb128 0x3
 1403 015a 2E1D0000 		.4byte	.LASF26
 1404 015e 05       		.byte	0x5
 1405 015f AB       		.byte	0xab
 1406 0160 38010000 		.4byte	0x138
 1407 0164 03       		.uleb128 0x3
 1408 0165 43210000 		.4byte	.LASF27
 1409 0169 05       		.byte	0x5
 1410 016a AF       		.byte	0xaf
 1411 016b D1000000 		.4byte	0xd1
 1412 016f 03       		.uleb128 0x3
 1413 0170 6C130000 		.4byte	.LASF28
 1414 0174 06       		.byte	0x6
 1415 0175 16       		.byte	0x16
 1416 0176 7F000000 		.4byte	0x7f
 1417 017a 10       		.uleb128 0x10
 1418 017b 861A0000 		.4byte	.LASF33
 1419 017f 18       		.byte	0x18
ARM GAS  /tmp/cc1HOfrl.s 			page 26


 1420 0180 06       		.byte	0x6
 1421 0181 2F       		.byte	0x2f
 1422 0182 CD010000 		.4byte	0x1cd
 1423 0186 0F       		.uleb128 0xf
 1424 0187 13110000 		.4byte	.LASF29
 1425 018b 06       		.byte	0x6
 1426 018c 31       		.byte	0x31
 1427 018d CD010000 		.4byte	0x1cd
 1428 0191 00       		.byte	0
 1429 0192 11       		.uleb128 0x11
 1430 0193 5F6B00   		.ascii	"_k\000"
 1431 0196 06       		.byte	0x6
 1432 0197 32       		.byte	0x32
 1433 0198 9F000000 		.4byte	0x9f
 1434 019c 04       		.byte	0x4
 1435 019d 0F       		.uleb128 0xf
 1436 019e C8180000 		.4byte	.LASF30
 1437 01a2 06       		.byte	0x6
 1438 01a3 32       		.byte	0x32
 1439 01a4 9F000000 		.4byte	0x9f
 1440 01a8 08       		.byte	0x8
 1441 01a9 0F       		.uleb128 0xf
 1442 01aa B7230000 		.4byte	.LASF31
 1443 01ae 06       		.byte	0x6
 1444 01af 32       		.byte	0x32
 1445 01b0 9F000000 		.4byte	0x9f
 1446 01b4 0C       		.byte	0xc
 1447 01b5 0F       		.uleb128 0xf
 1448 01b6 7F090000 		.4byte	.LASF32
 1449 01ba 06       		.byte	0x6
 1450 01bb 32       		.byte	0x32
 1451 01bc 9F000000 		.4byte	0x9f
 1452 01c0 10       		.byte	0x10
 1453 01c1 11       		.uleb128 0x11
 1454 01c2 5F7800   		.ascii	"_x\000"
 1455 01c5 06       		.byte	0x6
 1456 01c6 33       		.byte	0x33
 1457 01c7 D3010000 		.4byte	0x1d3
 1458 01cb 14       		.byte	0x14
 1459 01cc 00       		.byte	0
 1460 01cd 07       		.uleb128 0x7
 1461 01ce 04       		.byte	0x4
 1462 01cf 7A010000 		.4byte	0x17a
 1463 01d3 0C       		.uleb128 0xc
 1464 01d4 6F010000 		.4byte	0x16f
 1465 01d8 E3010000 		.4byte	0x1e3
 1466 01dc 0D       		.uleb128 0xd
 1467 01dd B6000000 		.4byte	0xb6
 1468 01e1 00       		.byte	0
 1469 01e2 00       		.byte	0
 1470 01e3 10       		.uleb128 0x10
 1471 01e4 67060000 		.4byte	.LASF34
 1472 01e8 24       		.byte	0x24
 1473 01e9 06       		.byte	0x6
 1474 01ea 37       		.byte	0x37
 1475 01eb 5C020000 		.4byte	0x25c
 1476 01ef 0F       		.uleb128 0xf
ARM GAS  /tmp/cc1HOfrl.s 			page 27


 1477 01f0 63120000 		.4byte	.LASF35
 1478 01f4 06       		.byte	0x6
 1479 01f5 39       		.byte	0x39
 1480 01f6 9F000000 		.4byte	0x9f
 1481 01fa 00       		.byte	0
 1482 01fb 0F       		.uleb128 0xf
 1483 01fc C6230000 		.4byte	.LASF36
 1484 0200 06       		.byte	0x6
 1485 0201 3A       		.byte	0x3a
 1486 0202 9F000000 		.4byte	0x9f
 1487 0206 04       		.byte	0x4
 1488 0207 0F       		.uleb128 0xf
 1489 0208 EA0D0000 		.4byte	.LASF37
 1490 020c 06       		.byte	0x6
 1491 020d 3B       		.byte	0x3b
 1492 020e 9F000000 		.4byte	0x9f
 1493 0212 08       		.byte	0x8
 1494 0213 0F       		.uleb128 0xf
 1495 0214 3B100000 		.4byte	.LASF38
 1496 0218 06       		.byte	0x6
 1497 0219 3C       		.byte	0x3c
 1498 021a 9F000000 		.4byte	0x9f
 1499 021e 0C       		.byte	0xc
 1500 021f 0F       		.uleb128 0xf
 1501 0220 90010000 		.4byte	.LASF39
 1502 0224 06       		.byte	0x6
 1503 0225 3D       		.byte	0x3d
 1504 0226 9F000000 		.4byte	0x9f
 1505 022a 10       		.byte	0x10
 1506 022b 0F       		.uleb128 0xf
 1507 022c 8D0A0000 		.4byte	.LASF40
 1508 0230 06       		.byte	0x6
 1509 0231 3E       		.byte	0x3e
 1510 0232 9F000000 		.4byte	0x9f
 1511 0236 14       		.byte	0x14
 1512 0237 0F       		.uleb128 0xf
 1513 0238 80080000 		.4byte	.LASF41
 1514 023c 06       		.byte	0x6
 1515 023d 3F       		.byte	0x3f
 1516 023e 9F000000 		.4byte	0x9f
 1517 0242 18       		.byte	0x18
 1518 0243 0F       		.uleb128 0xf
 1519 0244 D0060000 		.4byte	.LASF42
 1520 0248 06       		.byte	0x6
 1521 0249 40       		.byte	0x40
 1522 024a 9F000000 		.4byte	0x9f
 1523 024e 1C       		.byte	0x1c
 1524 024f 0F       		.uleb128 0xf
 1525 0250 8A080000 		.4byte	.LASF43
 1526 0254 06       		.byte	0x6
 1527 0255 41       		.byte	0x41
 1528 0256 9F000000 		.4byte	0x9f
 1529 025a 20       		.byte	0x20
 1530 025b 00       		.byte	0
 1531 025c 12       		.uleb128 0x12
 1532 025d 84120000 		.4byte	.LASF44
 1533 0261 0801     		.2byte	0x108
ARM GAS  /tmp/cc1HOfrl.s 			page 28


 1534 0263 06       		.byte	0x6
 1535 0264 4A       		.byte	0x4a
 1536 0265 9C020000 		.4byte	0x29c
 1537 0269 0F       		.uleb128 0xf
 1538 026a 71100000 		.4byte	.LASF45
 1539 026e 06       		.byte	0x6
 1540 026f 4B       		.byte	0x4b
 1541 0270 9C020000 		.4byte	0x29c
 1542 0274 00       		.byte	0
 1543 0275 0F       		.uleb128 0xf
 1544 0276 44080000 		.4byte	.LASF46
 1545 027a 06       		.byte	0x6
 1546 027b 4C       		.byte	0x4c
 1547 027c 9C020000 		.4byte	0x29c
 1548 0280 80       		.byte	0x80
 1549 0281 13       		.uleb128 0x13
 1550 0282 99010000 		.4byte	.LASF47
 1551 0286 06       		.byte	0x6
 1552 0287 4E       		.byte	0x4e
 1553 0288 6F010000 		.4byte	0x16f
 1554 028c 0001     		.2byte	0x100
 1555 028e 13       		.uleb128 0x13
 1556 028f F51D0000 		.4byte	.LASF48
 1557 0293 06       		.byte	0x6
 1558 0294 51       		.byte	0x51
 1559 0295 6F010000 		.4byte	0x16f
 1560 0299 0401     		.2byte	0x104
 1561 029b 00       		.byte	0
 1562 029c 0C       		.uleb128 0xc
 1563 029d CF000000 		.4byte	0xcf
 1564 02a1 AC020000 		.4byte	0x2ac
 1565 02a5 0D       		.uleb128 0xd
 1566 02a6 B6000000 		.4byte	0xb6
 1567 02aa 1F       		.byte	0x1f
 1568 02ab 00       		.byte	0
 1569 02ac 12       		.uleb128 0x12
 1570 02ad 18010000 		.4byte	.LASF49
 1571 02b1 9001     		.2byte	0x190
 1572 02b3 06       		.byte	0x6
 1573 02b4 5D       		.byte	0x5d
 1574 02b5 EA020000 		.4byte	0x2ea
 1575 02b9 0F       		.uleb128 0xf
 1576 02ba 13110000 		.4byte	.LASF29
 1577 02be 06       		.byte	0x6
 1578 02bf 5E       		.byte	0x5e
 1579 02c0 EA020000 		.4byte	0x2ea
 1580 02c4 00       		.byte	0
 1581 02c5 0F       		.uleb128 0xf
 1582 02c6 B5010000 		.4byte	.LASF50
 1583 02ca 06       		.byte	0x6
 1584 02cb 5F       		.byte	0x5f
 1585 02cc 9F000000 		.4byte	0x9f
 1586 02d0 04       		.byte	0x4
 1587 02d1 0F       		.uleb128 0xf
 1588 02d2 041D0000 		.4byte	.LASF51
 1589 02d6 06       		.byte	0x6
 1590 02d7 61       		.byte	0x61
ARM GAS  /tmp/cc1HOfrl.s 			page 29


 1591 02d8 F0020000 		.4byte	0x2f0
 1592 02dc 08       		.byte	0x8
 1593 02dd 0F       		.uleb128 0xf
 1594 02de 84120000 		.4byte	.LASF44
 1595 02e2 06       		.byte	0x6
 1596 02e3 62       		.byte	0x62
 1597 02e4 5C020000 		.4byte	0x25c
 1598 02e8 88       		.byte	0x88
 1599 02e9 00       		.byte	0
 1600 02ea 07       		.uleb128 0x7
 1601 02eb 04       		.byte	0x4
 1602 02ec AC020000 		.4byte	0x2ac
 1603 02f0 0C       		.uleb128 0xc
 1604 02f1 00030000 		.4byte	0x300
 1605 02f5 00030000 		.4byte	0x300
 1606 02f9 0D       		.uleb128 0xd
 1607 02fa B6000000 		.4byte	0xb6
 1608 02fe 1F       		.byte	0x1f
 1609 02ff 00       		.byte	0
 1610 0300 07       		.uleb128 0x7
 1611 0301 04       		.byte	0x4
 1612 0302 06030000 		.4byte	0x306
 1613 0306 14       		.uleb128 0x14
 1614 0307 10       		.uleb128 0x10
 1615 0308 15160000 		.4byte	.LASF52
 1616 030c 08       		.byte	0x8
 1617 030d 06       		.byte	0x6
 1618 030e 75       		.byte	0x75
 1619 030f 2C030000 		.4byte	0x32c
 1620 0313 0F       		.uleb128 0xf
 1621 0314 AC050000 		.4byte	.LASF53
 1622 0318 06       		.byte	0x6
 1623 0319 76       		.byte	0x76
 1624 031a 2C030000 		.4byte	0x32c
 1625 031e 00       		.byte	0
 1626 031f 0F       		.uleb128 0xf
 1627 0320 A8090000 		.4byte	.LASF54
 1628 0324 06       		.byte	0x6
 1629 0325 77       		.byte	0x77
 1630 0326 9F000000 		.4byte	0x9f
 1631 032a 04       		.byte	0x4
 1632 032b 00       		.byte	0
 1633 032c 07       		.uleb128 0x7
 1634 032d 04       		.byte	0x4
 1635 032e 37000000 		.4byte	0x37
 1636 0332 10       		.uleb128 0x10
 1637 0333 F51C0000 		.4byte	.LASF55
 1638 0337 68       		.byte	0x68
 1639 0338 06       		.byte	0x6
 1640 0339 B5       		.byte	0xb5
 1641 033a 5C040000 		.4byte	0x45c
 1642 033e 11       		.uleb128 0x11
 1643 033f 5F7000   		.ascii	"_p\000"
 1644 0342 06       		.byte	0x6
 1645 0343 B6       		.byte	0xb6
 1646 0344 2C030000 		.4byte	0x32c
 1647 0348 00       		.byte	0
ARM GAS  /tmp/cc1HOfrl.s 			page 30


 1648 0349 11       		.uleb128 0x11
 1649 034a 5F7200   		.ascii	"_r\000"
 1650 034d 06       		.byte	0x6
 1651 034e B7       		.byte	0xb7
 1652 034f 9F000000 		.4byte	0x9f
 1653 0353 04       		.byte	0x4
 1654 0354 11       		.uleb128 0x11
 1655 0355 5F7700   		.ascii	"_w\000"
 1656 0358 06       		.byte	0x6
 1657 0359 B8       		.byte	0xb8
 1658 035a 9F000000 		.4byte	0x9f
 1659 035e 08       		.byte	0x8
 1660 035f 0F       		.uleb128 0xf
 1661 0360 11020000 		.4byte	.LASF56
 1662 0364 06       		.byte	0x6
 1663 0365 B9       		.byte	0xb9
 1664 0366 49000000 		.4byte	0x49
 1665 036a 0C       		.byte	0xc
 1666 036b 0F       		.uleb128 0xf
 1667 036c CB1C0000 		.4byte	.LASF57
 1668 0370 06       		.byte	0x6
 1669 0371 BA       		.byte	0xba
 1670 0372 49000000 		.4byte	0x49
 1671 0376 0E       		.byte	0xe
 1672 0377 11       		.uleb128 0x11
 1673 0378 5F626600 		.ascii	"_bf\000"
 1674 037c 06       		.byte	0x6
 1675 037d BB       		.byte	0xbb
 1676 037e 07030000 		.4byte	0x307
 1677 0382 10       		.byte	0x10
 1678 0383 0F       		.uleb128 0xf
 1679 0384 30040000 		.4byte	.LASF58
 1680 0388 06       		.byte	0x6
 1681 0389 BC       		.byte	0xbc
 1682 038a 9F000000 		.4byte	0x9f
 1683 038e 18       		.byte	0x18
 1684 038f 0F       		.uleb128 0xf
 1685 0390 65110000 		.4byte	.LASF59
 1686 0394 06       		.byte	0x6
 1687 0395 C3       		.byte	0xc3
 1688 0396 CF000000 		.4byte	0xcf
 1689 039a 1C       		.byte	0x1c
 1690 039b 0F       		.uleb128 0xf
 1691 039c 90240000 		.4byte	.LASF60
 1692 03a0 06       		.byte	0x6
 1693 03a1 C5       		.byte	0xc5
 1694 03a2 C9050000 		.4byte	0x5c9
 1695 03a6 20       		.byte	0x20
 1696 03a7 0F       		.uleb128 0xf
 1697 03a8 FA090000 		.4byte	.LASF61
 1698 03ac 06       		.byte	0x6
 1699 03ad C7       		.byte	0xc7
 1700 03ae F8050000 		.4byte	0x5f8
 1701 03b2 24       		.byte	0x24
 1702 03b3 0F       		.uleb128 0xf
 1703 03b4 59140000 		.4byte	.LASF62
 1704 03b8 06       		.byte	0x6
ARM GAS  /tmp/cc1HOfrl.s 			page 31


 1705 03b9 CA       		.byte	0xca
 1706 03ba 1C060000 		.4byte	0x61c
 1707 03be 28       		.byte	0x28
 1708 03bf 0F       		.uleb128 0xf
 1709 03c0 D5190000 		.4byte	.LASF63
 1710 03c4 06       		.byte	0x6
 1711 03c5 CB       		.byte	0xcb
 1712 03c6 36060000 		.4byte	0x636
 1713 03ca 2C       		.byte	0x2c
 1714 03cb 11       		.uleb128 0x11
 1715 03cc 5F756200 		.ascii	"_ub\000"
 1716 03d0 06       		.byte	0x6
 1717 03d1 CE       		.byte	0xce
 1718 03d2 07030000 		.4byte	0x307
 1719 03d6 30       		.byte	0x30
 1720 03d7 11       		.uleb128 0x11
 1721 03d8 5F757000 		.ascii	"_up\000"
 1722 03dc 06       		.byte	0x6
 1723 03dd CF       		.byte	0xcf
 1724 03de 2C030000 		.4byte	0x32c
 1725 03e2 38       		.byte	0x38
 1726 03e3 11       		.uleb128 0x11
 1727 03e4 5F757200 		.ascii	"_ur\000"
 1728 03e8 06       		.byte	0x6
 1729 03e9 D0       		.byte	0xd0
 1730 03ea 9F000000 		.4byte	0x9f
 1731 03ee 3C       		.byte	0x3c
 1732 03ef 0F       		.uleb128 0xf
 1733 03f0 011C0000 		.4byte	.LASF64
 1734 03f4 06       		.byte	0x6
 1735 03f5 D3       		.byte	0xd3
 1736 03f6 3C060000 		.4byte	0x63c
 1737 03fa 40       		.byte	0x40
 1738 03fb 0F       		.uleb128 0xf
 1739 03fc C9020000 		.4byte	.LASF65
 1740 0400 06       		.byte	0x6
 1741 0401 D4       		.byte	0xd4
 1742 0402 4C060000 		.4byte	0x64c
 1743 0406 43       		.byte	0x43
 1744 0407 11       		.uleb128 0x11
 1745 0408 5F6C6200 		.ascii	"_lb\000"
 1746 040c 06       		.byte	0x6
 1747 040d D7       		.byte	0xd7
 1748 040e 07030000 		.4byte	0x307
 1749 0412 44       		.byte	0x44
 1750 0413 0F       		.uleb128 0xf
 1751 0414 EF1B0000 		.4byte	.LASF66
 1752 0418 06       		.byte	0x6
 1753 0419 DA       		.byte	0xda
 1754 041a 9F000000 		.4byte	0x9f
 1755 041e 4C       		.byte	0x4c
 1756 041f 0F       		.uleb128 0xf
 1757 0420 BA150000 		.4byte	.LASF67
 1758 0424 06       		.byte	0x6
 1759 0425 DB       		.byte	0xdb
 1760 0426 E7000000 		.4byte	0xe7
 1761 042a 50       		.byte	0x50
ARM GAS  /tmp/cc1HOfrl.s 			page 32


 1762 042b 0F       		.uleb128 0xf
 1763 042c A0040000 		.4byte	.LASF68
 1764 0430 06       		.byte	0x6
 1765 0431 DE       		.byte	0xde
 1766 0432 7A040000 		.4byte	0x47a
 1767 0436 54       		.byte	0x54
 1768 0437 0F       		.uleb128 0xf
 1769 0438 C3020000 		.4byte	.LASF69
 1770 043c 06       		.byte	0x6
 1771 043d E2       		.byte	0xe2
 1772 043e 64010000 		.4byte	0x164
 1773 0442 58       		.byte	0x58
 1774 0443 0F       		.uleb128 0xf
 1775 0444 0F010000 		.4byte	.LASF70
 1776 0448 06       		.byte	0x6
 1777 0449 E4       		.byte	0xe4
 1778 044a 59010000 		.4byte	0x159
 1779 044e 5C       		.byte	0x5c
 1780 044f 0F       		.uleb128 0xf
 1781 0450 05220000 		.4byte	.LASF71
 1782 0454 06       		.byte	0x6
 1783 0455 E5       		.byte	0xe5
 1784 0456 9F000000 		.4byte	0x9f
 1785 045a 64       		.byte	0x64
 1786 045b 00       		.byte	0
 1787 045c 15       		.uleb128 0x15
 1788 045d 9F000000 		.4byte	0x9f
 1789 0461 7A040000 		.4byte	0x47a
 1790 0465 16       		.uleb128 0x16
 1791 0466 7A040000 		.4byte	0x47a
 1792 046a 16       		.uleb128 0x16
 1793 046b CF000000 		.4byte	0xcf
 1794 046f 16       		.uleb128 0x16
 1795 0470 B7050000 		.4byte	0x5b7
 1796 0474 16       		.uleb128 0x16
 1797 0475 9F000000 		.4byte	0x9f
 1798 0479 00       		.byte	0
 1799 047a 07       		.uleb128 0x7
 1800 047b 04       		.byte	0x4
 1801 047c 85040000 		.4byte	0x485
 1802 0480 05       		.uleb128 0x5
 1803 0481 7A040000 		.4byte	0x47a
 1804 0485 17       		.uleb128 0x17
 1805 0486 57050000 		.4byte	.LASF72
 1806 048a 2804     		.2byte	0x428
 1807 048c 06       		.byte	0x6
 1808 048d 3902     		.2byte	0x239
 1809 048f B7050000 		.4byte	0x5b7
 1810 0493 18       		.uleb128 0x18
 1811 0494 07100000 		.4byte	.LASF73
 1812 0498 06       		.byte	0x6
 1813 0499 3B02     		.2byte	0x23b
 1814 049b 9F000000 		.4byte	0x9f
 1815 049f 00       		.byte	0
 1816 04a0 18       		.uleb128 0x18
 1817 04a1 710B0000 		.4byte	.LASF74
 1818 04a5 06       		.byte	0x6
ARM GAS  /tmp/cc1HOfrl.s 			page 33


 1819 04a6 4002     		.2byte	0x240
 1820 04a8 A3060000 		.4byte	0x6a3
 1821 04ac 04       		.byte	0x4
 1822 04ad 18       		.uleb128 0x18
 1823 04ae 0F090000 		.4byte	.LASF75
 1824 04b2 06       		.byte	0x6
 1825 04b3 4002     		.2byte	0x240
 1826 04b5 A3060000 		.4byte	0x6a3
 1827 04b9 08       		.byte	0x8
 1828 04ba 18       		.uleb128 0x18
 1829 04bb 24080000 		.4byte	.LASF76
 1830 04bf 06       		.byte	0x6
 1831 04c0 4002     		.2byte	0x240
 1832 04c2 A3060000 		.4byte	0x6a3
 1833 04c6 0C       		.byte	0xc
 1834 04c7 18       		.uleb128 0x18
 1835 04c8 B0010000 		.4byte	.LASF77
 1836 04cc 06       		.byte	0x6
 1837 04cd 4202     		.2byte	0x242
 1838 04cf 9F000000 		.4byte	0x9f
 1839 04d3 10       		.byte	0x10
 1840 04d4 18       		.uleb128 0x18
 1841 04d5 55180000 		.4byte	.LASF78
 1842 04d9 06       		.byte	0x6
 1843 04da 4302     		.2byte	0x243
 1844 04dc 85080000 		.4byte	0x885
 1845 04e0 14       		.byte	0x14
 1846 04e1 18       		.uleb128 0x18
 1847 04e2 81200000 		.4byte	.LASF79
 1848 04e6 06       		.byte	0x6
 1849 04e7 4602     		.2byte	0x246
 1850 04e9 9F000000 		.4byte	0x9f
 1851 04ed 30       		.byte	0x30
 1852 04ee 18       		.uleb128 0x18
 1853 04ef 25120000 		.4byte	.LASF80
 1854 04f3 06       		.byte	0x6
 1855 04f4 4702     		.2byte	0x247
 1856 04f6 9A080000 		.4byte	0x89a
 1857 04fa 34       		.byte	0x34
 1858 04fb 18       		.uleb128 0x18
 1859 04fc EA200000 		.4byte	.LASF81
 1860 0500 06       		.byte	0x6
 1861 0501 4902     		.2byte	0x249
 1862 0503 9F000000 		.4byte	0x9f
 1863 0507 38       		.byte	0x38
 1864 0508 18       		.uleb128 0x18
 1865 0509 441C0000 		.4byte	.LASF82
 1866 050d 06       		.byte	0x6
 1867 050e 4B02     		.2byte	0x24b
 1868 0510 AB080000 		.4byte	0x8ab
 1869 0514 3C       		.byte	0x3c
 1870 0515 18       		.uleb128 0x18
 1871 0516 2C080000 		.4byte	.LASF83
 1872 051a 06       		.byte	0x6
 1873 051b 4E02     		.2byte	0x24e
 1874 051d CD010000 		.4byte	0x1cd
 1875 0521 40       		.byte	0x40
ARM GAS  /tmp/cc1HOfrl.s 			page 34


 1876 0522 18       		.uleb128 0x18
 1877 0523 15080000 		.4byte	.LASF84
 1878 0527 06       		.byte	0x6
 1879 0528 4F02     		.2byte	0x24f
 1880 052a 9F000000 		.4byte	0x9f
 1881 052e 44       		.byte	0x44
 1882 052f 18       		.uleb128 0x18
 1883 0530 2F1E0000 		.4byte	.LASF85
 1884 0534 06       		.byte	0x6
 1885 0535 5002     		.2byte	0x250
 1886 0537 CD010000 		.4byte	0x1cd
 1887 053b 48       		.byte	0x48
 1888 053c 18       		.uleb128 0x18
 1889 053d 68150000 		.4byte	.LASF86
 1890 0541 06       		.byte	0x6
 1891 0542 5102     		.2byte	0x251
 1892 0544 B1080000 		.4byte	0x8b1
 1893 0548 4C       		.byte	0x4c
 1894 0549 18       		.uleb128 0x18
 1895 054a 46020000 		.4byte	.LASF87
 1896 054e 06       		.byte	0x6
 1897 054f 5402     		.2byte	0x254
 1898 0551 9F000000 		.4byte	0x9f
 1899 0555 50       		.byte	0x50
 1900 0556 18       		.uleb128 0x18
 1901 0557 350D0000 		.4byte	.LASF88
 1902 055b 06       		.byte	0x6
 1903 055c 5502     		.2byte	0x255
 1904 055e B7050000 		.4byte	0x5b7
 1905 0562 54       		.byte	0x54
 1906 0563 18       		.uleb128 0x18
 1907 0564 2A0E0000 		.4byte	.LASF89
 1908 0568 06       		.byte	0x6
 1909 0569 7802     		.2byte	0x278
 1910 056b 63080000 		.4byte	0x863
 1911 056f 58       		.byte	0x58
 1912 0570 19       		.uleb128 0x19
 1913 0571 18010000 		.4byte	.LASF49
 1914 0575 06       		.byte	0x6
 1915 0576 7C02     		.2byte	0x27c
 1916 0578 EA020000 		.4byte	0x2ea
 1917 057c 4801     		.2byte	0x148
 1918 057e 19       		.uleb128 0x19
 1919 057f C21A0000 		.4byte	.LASF90
 1920 0583 06       		.byte	0x6
 1921 0584 7D02     		.2byte	0x27d
 1922 0586 AC020000 		.4byte	0x2ac
 1923 058a 4C01     		.2byte	0x14c
 1924 058c 19       		.uleb128 0x19
 1925 058d 76020000 		.4byte	.LASF91
 1926 0591 06       		.byte	0x6
 1927 0592 8102     		.2byte	0x281
 1928 0594 C2080000 		.4byte	0x8c2
 1929 0598 DC02     		.2byte	0x2dc
 1930 059a 19       		.uleb128 0x19
 1931 059b 221C0000 		.4byte	.LASF92
 1932 059f 06       		.byte	0x6
ARM GAS  /tmp/cc1HOfrl.s 			page 35


 1933 05a0 8602     		.2byte	0x286
 1934 05a2 68060000 		.4byte	0x668
 1935 05a6 E002     		.2byte	0x2e0
 1936 05a8 19       		.uleb128 0x19
 1937 05a9 9E050000 		.4byte	.LASF93
 1938 05ad 06       		.byte	0x6
 1939 05ae 8802     		.2byte	0x288
 1940 05b0 CE080000 		.4byte	0x8ce
 1941 05b4 EC02     		.2byte	0x2ec
 1942 05b6 00       		.byte	0
 1943 05b7 07       		.uleb128 0x7
 1944 05b8 04       		.byte	0x4
 1945 05b9 BD050000 		.4byte	0x5bd
 1946 05bd 02       		.uleb128 0x2
 1947 05be 01       		.byte	0x1
 1948 05bf 08       		.byte	0x8
 1949 05c0 DC190000 		.4byte	.LASF94
 1950 05c4 05       		.uleb128 0x5
 1951 05c5 BD050000 		.4byte	0x5bd
 1952 05c9 07       		.uleb128 0x7
 1953 05ca 04       		.byte	0x4
 1954 05cb 5C040000 		.4byte	0x45c
 1955 05cf 15       		.uleb128 0x15
 1956 05d0 9F000000 		.4byte	0x9f
 1957 05d4 ED050000 		.4byte	0x5ed
 1958 05d8 16       		.uleb128 0x16
 1959 05d9 7A040000 		.4byte	0x47a
 1960 05dd 16       		.uleb128 0x16
 1961 05de CF000000 		.4byte	0xcf
 1962 05e2 16       		.uleb128 0x16
 1963 05e3 ED050000 		.4byte	0x5ed
 1964 05e7 16       		.uleb128 0x16
 1965 05e8 9F000000 		.4byte	0x9f
 1966 05ec 00       		.byte	0
 1967 05ed 07       		.uleb128 0x7
 1968 05ee 04       		.byte	0x4
 1969 05ef C4050000 		.4byte	0x5c4
 1970 05f3 1A       		.uleb128 0x1a
 1971 05f4 ED050000 		.4byte	0x5ed
 1972 05f8 07       		.uleb128 0x7
 1973 05f9 04       		.byte	0x4
 1974 05fa CF050000 		.4byte	0x5cf
 1975 05fe 15       		.uleb128 0x15
 1976 05ff F2000000 		.4byte	0xf2
 1977 0603 1C060000 		.4byte	0x61c
 1978 0607 16       		.uleb128 0x16
 1979 0608 7A040000 		.4byte	0x47a
 1980 060c 16       		.uleb128 0x16
 1981 060d CF000000 		.4byte	0xcf
 1982 0611 16       		.uleb128 0x16
 1983 0612 F2000000 		.4byte	0xf2
 1984 0616 16       		.uleb128 0x16
 1985 0617 9F000000 		.4byte	0x9f
 1986 061b 00       		.byte	0
 1987 061c 07       		.uleb128 0x7
 1988 061d 04       		.byte	0x4
 1989 061e FE050000 		.4byte	0x5fe
ARM GAS  /tmp/cc1HOfrl.s 			page 36


 1990 0622 15       		.uleb128 0x15
 1991 0623 9F000000 		.4byte	0x9f
 1992 0627 36060000 		.4byte	0x636
 1993 062b 16       		.uleb128 0x16
 1994 062c 7A040000 		.4byte	0x47a
 1995 0630 16       		.uleb128 0x16
 1996 0631 CF000000 		.4byte	0xcf
 1997 0635 00       		.byte	0
 1998 0636 07       		.uleb128 0x7
 1999 0637 04       		.byte	0x4
 2000 0638 22060000 		.4byte	0x622
 2001 063c 0C       		.uleb128 0xc
 2002 063d 37000000 		.4byte	0x37
 2003 0641 4C060000 		.4byte	0x64c
 2004 0645 0D       		.uleb128 0xd
 2005 0646 B6000000 		.4byte	0xb6
 2006 064a 02       		.byte	0x2
 2007 064b 00       		.byte	0
 2008 064c 0C       		.uleb128 0xc
 2009 064d 37000000 		.4byte	0x37
 2010 0651 5C060000 		.4byte	0x65c
 2011 0655 0D       		.uleb128 0xd
 2012 0656 B6000000 		.4byte	0xb6
 2013 065a 00       		.byte	0
 2014 065b 00       		.byte	0
 2015 065c 09       		.uleb128 0x9
 2016 065d A6230000 		.4byte	.LASF95
 2017 0661 06       		.byte	0x6
 2018 0662 1F01     		.2byte	0x11f
 2019 0664 32030000 		.4byte	0x332
 2020 0668 1B       		.uleb128 0x1b
 2021 0669 FA190000 		.4byte	.LASF96
 2022 066d 0C       		.byte	0xc
 2023 066e 06       		.byte	0x6
 2024 066f 2301     		.2byte	0x123
 2025 0671 9D060000 		.4byte	0x69d
 2026 0675 18       		.uleb128 0x18
 2027 0676 13110000 		.4byte	.LASF29
 2028 067a 06       		.byte	0x6
 2029 067b 2501     		.2byte	0x125
 2030 067d 9D060000 		.4byte	0x69d
 2031 0681 00       		.byte	0
 2032 0682 18       		.uleb128 0x18
 2033 0683 6D0E0000 		.4byte	.LASF97
 2034 0687 06       		.byte	0x6
 2035 0688 2601     		.2byte	0x126
 2036 068a 9F000000 		.4byte	0x9f
 2037 068e 04       		.byte	0x4
 2038 068f 18       		.uleb128 0x18
 2039 0690 4F180000 		.4byte	.LASF98
 2040 0694 06       		.byte	0x6
 2041 0695 2701     		.2byte	0x127
 2042 0697 A3060000 		.4byte	0x6a3
 2043 069b 08       		.byte	0x8
 2044 069c 00       		.byte	0
 2045 069d 07       		.uleb128 0x7
 2046 069e 04       		.byte	0x4
ARM GAS  /tmp/cc1HOfrl.s 			page 37


 2047 069f 68060000 		.4byte	0x668
 2048 06a3 07       		.uleb128 0x7
 2049 06a4 04       		.byte	0x4
 2050 06a5 5C060000 		.4byte	0x65c
 2051 06a9 1B       		.uleb128 0x1b
 2052 06aa BB240000 		.4byte	.LASF99
 2053 06ae 0E       		.byte	0xe
 2054 06af 06       		.byte	0x6
 2055 06b0 3F01     		.2byte	0x13f
 2056 06b2 DE060000 		.4byte	0x6de
 2057 06b6 18       		.uleb128 0x18
 2058 06b7 44140000 		.4byte	.LASF100
 2059 06bb 06       		.byte	0x6
 2060 06bc 4001     		.2byte	0x140
 2061 06be DE060000 		.4byte	0x6de
 2062 06c2 00       		.byte	0
 2063 06c3 18       		.uleb128 0x18
 2064 06c4 DE0A0000 		.4byte	.LASF101
 2065 06c8 06       		.byte	0x6
 2066 06c9 4101     		.2byte	0x141
 2067 06cb DE060000 		.4byte	0x6de
 2068 06cf 06       		.byte	0x6
 2069 06d0 18       		.uleb128 0x18
 2070 06d1 B2030000 		.4byte	.LASF102
 2071 06d5 06       		.byte	0x6
 2072 06d6 4201     		.2byte	0x142
 2073 06d8 5B000000 		.4byte	0x5b
 2074 06dc 0C       		.byte	0xc
 2075 06dd 00       		.byte	0
 2076 06de 0C       		.uleb128 0xc
 2077 06df 5B000000 		.4byte	0x5b
 2078 06e3 EE060000 		.4byte	0x6ee
 2079 06e7 0D       		.uleb128 0xd
 2080 06e8 B6000000 		.4byte	0xb6
 2081 06ec 02       		.byte	0x2
 2082 06ed 00       		.byte	0
 2083 06ee 1C       		.uleb128 0x1c
 2084 06ef D0       		.byte	0xd0
 2085 06f0 06       		.byte	0x6
 2086 06f1 5902     		.2byte	0x259
 2087 06f3 EF070000 		.4byte	0x7ef
 2088 06f7 18       		.uleb128 0x18
 2089 06f8 6E070000 		.4byte	.LASF103
 2090 06fc 06       		.byte	0x6
 2091 06fd 5B02     		.2byte	0x25b
 2092 06ff B6000000 		.4byte	0xb6
 2093 0703 00       		.byte	0
 2094 0704 18       		.uleb128 0x18
 2095 0705 FA130000 		.4byte	.LASF104
 2096 0709 06       		.byte	0x6
 2097 070a 5C02     		.2byte	0x25c
 2098 070c B7050000 		.4byte	0x5b7
 2099 0710 04       		.byte	0x4
 2100 0711 18       		.uleb128 0x18
 2101 0712 84160000 		.4byte	.LASF105
 2102 0716 06       		.byte	0x6
 2103 0717 5D02     		.2byte	0x25d
ARM GAS  /tmp/cc1HOfrl.s 			page 38


 2104 0719 EF070000 		.4byte	0x7ef
 2105 071d 08       		.byte	0x8
 2106 071e 18       		.uleb128 0x18
 2107 071f 620C0000 		.4byte	.LASF106
 2108 0723 06       		.byte	0x6
 2109 0724 5E02     		.2byte	0x25e
 2110 0726 E3010000 		.4byte	0x1e3
 2111 072a 24       		.byte	0x24
 2112 072b 18       		.uleb128 0x18
 2113 072c AE1F0000 		.4byte	.LASF107
 2114 0730 06       		.byte	0x6
 2115 0731 5F02     		.2byte	0x25f
 2116 0733 9F000000 		.4byte	0x9f
 2117 0737 48       		.byte	0x48
 2118 0738 18       		.uleb128 0x18
 2119 0739 80180000 		.4byte	.LASF108
 2120 073d 06       		.byte	0x6
 2121 073e 6002     		.2byte	0x260
 2122 0740 98000000 		.4byte	0x98
 2123 0744 50       		.byte	0x50
 2124 0745 18       		.uleb128 0x18
 2125 0746 3B240000 		.4byte	.LASF109
 2126 074a 06       		.byte	0x6
 2127 074b 6102     		.2byte	0x261
 2128 074d A9060000 		.4byte	0x6a9
 2129 0751 58       		.byte	0x58
 2130 0752 18       		.uleb128 0x18
 2131 0753 151C0000 		.4byte	.LASF110
 2132 0757 06       		.byte	0x6
 2133 0758 6202     		.2byte	0x262
 2134 075a 59010000 		.4byte	0x159
 2135 075e 68       		.byte	0x68
 2136 075f 18       		.uleb128 0x18
 2137 0760 DB050000 		.4byte	.LASF111
 2138 0764 06       		.byte	0x6
 2139 0765 6302     		.2byte	0x263
 2140 0767 59010000 		.4byte	0x159
 2141 076b 70       		.byte	0x70
 2142 076c 18       		.uleb128 0x18
 2143 076d B7170000 		.4byte	.LASF112
 2144 0771 06       		.byte	0x6
 2145 0772 6402     		.2byte	0x264
 2146 0774 59010000 		.4byte	0x159
 2147 0778 78       		.byte	0x78
 2148 0779 18       		.uleb128 0x18
 2149 077a 3D160000 		.4byte	.LASF113
 2150 077e 06       		.byte	0x6
 2151 077f 6502     		.2byte	0x265
 2152 0781 FF070000 		.4byte	0x7ff
 2153 0785 80       		.byte	0x80
 2154 0786 18       		.uleb128 0x18
 2155 0787 42110000 		.4byte	.LASF114
 2156 078b 06       		.byte	0x6
 2157 078c 6602     		.2byte	0x266
 2158 078e 0F080000 		.4byte	0x80f
 2159 0792 88       		.byte	0x88
 2160 0793 18       		.uleb128 0x18
ARM GAS  /tmp/cc1HOfrl.s 			page 39


 2161 0794 011B0000 		.4byte	.LASF115
 2162 0798 06       		.byte	0x6
 2163 0799 6702     		.2byte	0x267
 2164 079b 9F000000 		.4byte	0x9f
 2165 079f A0       		.byte	0xa0
 2166 07a0 18       		.uleb128 0x18
 2167 07a1 160B0000 		.4byte	.LASF116
 2168 07a5 06       		.byte	0x6
 2169 07a6 6802     		.2byte	0x268
 2170 07a8 59010000 		.4byte	0x159
 2171 07ac A4       		.byte	0xa4
 2172 07ad 18       		.uleb128 0x18
 2173 07ae D00D0000 		.4byte	.LASF117
 2174 07b2 06       		.byte	0x6
 2175 07b3 6902     		.2byte	0x269
 2176 07b5 59010000 		.4byte	0x159
 2177 07b9 AC       		.byte	0xac
 2178 07ba 18       		.uleb128 0x18
 2179 07bb 66090000 		.4byte	.LASF118
 2180 07bf 06       		.byte	0x6
 2181 07c0 6A02     		.2byte	0x26a
 2182 07c2 59010000 		.4byte	0x159
 2183 07c6 B4       		.byte	0xb4
 2184 07c7 18       		.uleb128 0x18
 2185 07c8 E5120000 		.4byte	.LASF119
 2186 07cc 06       		.byte	0x6
 2187 07cd 6B02     		.2byte	0x26b
 2188 07cf 59010000 		.4byte	0x159
 2189 07d3 BC       		.byte	0xbc
 2190 07d4 18       		.uleb128 0x18
 2191 07d5 C3160000 		.4byte	.LASF120
 2192 07d9 06       		.byte	0x6
 2193 07da 6C02     		.2byte	0x26c
 2194 07dc 59010000 		.4byte	0x159
 2195 07e0 C4       		.byte	0xc4
 2196 07e1 18       		.uleb128 0x18
 2197 07e2 391D0000 		.4byte	.LASF121
 2198 07e6 06       		.byte	0x6
 2199 07e7 6D02     		.2byte	0x26d
 2200 07e9 9F000000 		.4byte	0x9f
 2201 07ed CC       		.byte	0xcc
 2202 07ee 00       		.byte	0
 2203 07ef 0C       		.uleb128 0xc
 2204 07f0 BD050000 		.4byte	0x5bd
 2205 07f4 FF070000 		.4byte	0x7ff
 2206 07f8 0D       		.uleb128 0xd
 2207 07f9 B6000000 		.4byte	0xb6
 2208 07fd 19       		.byte	0x19
 2209 07fe 00       		.byte	0
 2210 07ff 0C       		.uleb128 0xc
 2211 0800 BD050000 		.4byte	0x5bd
 2212 0804 0F080000 		.4byte	0x80f
 2213 0808 0D       		.uleb128 0xd
 2214 0809 B6000000 		.4byte	0xb6
 2215 080d 07       		.byte	0x7
 2216 080e 00       		.byte	0
 2217 080f 0C       		.uleb128 0xc
ARM GAS  /tmp/cc1HOfrl.s 			page 40


 2218 0810 BD050000 		.4byte	0x5bd
 2219 0814 1F080000 		.4byte	0x81f
 2220 0818 0D       		.uleb128 0xd
 2221 0819 B6000000 		.4byte	0xb6
 2222 081d 17       		.byte	0x17
 2223 081e 00       		.byte	0
 2224 081f 1C       		.uleb128 0x1c
 2225 0820 F0       		.byte	0xf0
 2226 0821 06       		.byte	0x6
 2227 0822 7202     		.2byte	0x272
 2228 0824 43080000 		.4byte	0x843
 2229 0828 18       		.uleb128 0x18
 2230 0829 73180000 		.4byte	.LASF122
 2231 082d 06       		.byte	0x6
 2232 082e 7502     		.2byte	0x275
 2233 0830 43080000 		.4byte	0x843
 2234 0834 00       		.byte	0
 2235 0835 18       		.uleb128 0x18
 2236 0836 780B0000 		.4byte	.LASF123
 2237 083a 06       		.byte	0x6
 2238 083b 7602     		.2byte	0x276
 2239 083d 53080000 		.4byte	0x853
 2240 0841 78       		.byte	0x78
 2241 0842 00       		.byte	0
 2242 0843 0C       		.uleb128 0xc
 2243 0844 2C030000 		.4byte	0x32c
 2244 0848 53080000 		.4byte	0x853
 2245 084c 0D       		.uleb128 0xd
 2246 084d B6000000 		.4byte	0xb6
 2247 0851 1D       		.byte	0x1d
 2248 0852 00       		.byte	0
 2249 0853 0C       		.uleb128 0xc
 2250 0854 B6000000 		.4byte	0xb6
 2251 0858 63080000 		.4byte	0x863
 2252 085c 0D       		.uleb128 0xd
 2253 085d B6000000 		.4byte	0xb6
 2254 0861 1D       		.byte	0x1d
 2255 0862 00       		.byte	0
 2256 0863 1D       		.uleb128 0x1d
 2257 0864 F0       		.byte	0xf0
 2258 0865 06       		.byte	0x6
 2259 0866 5702     		.2byte	0x257
 2260 0868 85080000 		.4byte	0x885
 2261 086c 1E       		.uleb128 0x1e
 2262 086d 57050000 		.4byte	.LASF72
 2263 0871 06       		.byte	0x6
 2264 0872 6E02     		.2byte	0x26e
 2265 0874 EE060000 		.4byte	0x6ee
 2266 0878 1E       		.uleb128 0x1e
 2267 0879 D8020000 		.4byte	.LASF124
 2268 087d 06       		.byte	0x6
 2269 087e 7702     		.2byte	0x277
 2270 0880 1F080000 		.4byte	0x81f
 2271 0884 00       		.byte	0
 2272 0885 0C       		.uleb128 0xc
 2273 0886 BD050000 		.4byte	0x5bd
 2274 088a 95080000 		.4byte	0x895
ARM GAS  /tmp/cc1HOfrl.s 			page 41


 2275 088e 0D       		.uleb128 0xd
 2276 088f B6000000 		.4byte	0xb6
 2277 0893 18       		.byte	0x18
 2278 0894 00       		.byte	0
 2279 0895 08       		.uleb128 0x8
 2280 0896 2A1C0000 		.4byte	.LASF126
 2281 089a 07       		.uleb128 0x7
 2282 089b 04       		.byte	0x4
 2283 089c 95080000 		.4byte	0x895
 2284 08a0 1F       		.uleb128 0x1f
 2285 08a1 AB080000 		.4byte	0x8ab
 2286 08a5 16       		.uleb128 0x16
 2287 08a6 7A040000 		.4byte	0x47a
 2288 08aa 00       		.byte	0
 2289 08ab 07       		.uleb128 0x7
 2290 08ac 04       		.byte	0x4
 2291 08ad A0080000 		.4byte	0x8a0
 2292 08b1 07       		.uleb128 0x7
 2293 08b2 04       		.byte	0x4
 2294 08b3 CD010000 		.4byte	0x1cd
 2295 08b7 1F       		.uleb128 0x1f
 2296 08b8 C2080000 		.4byte	0x8c2
 2297 08bc 16       		.uleb128 0x16
 2298 08bd 9F000000 		.4byte	0x9f
 2299 08c1 00       		.byte	0
 2300 08c2 07       		.uleb128 0x7
 2301 08c3 04       		.byte	0x4
 2302 08c4 C8080000 		.4byte	0x8c8
 2303 08c8 07       		.uleb128 0x7
 2304 08c9 04       		.byte	0x4
 2305 08ca B7080000 		.4byte	0x8b7
 2306 08ce 0C       		.uleb128 0xc
 2307 08cf 5C060000 		.4byte	0x65c
 2308 08d3 DE080000 		.4byte	0x8de
 2309 08d7 0D       		.uleb128 0xd
 2310 08d8 B6000000 		.4byte	0xb6
 2311 08dc 02       		.byte	0x2
 2312 08dd 00       		.byte	0
 2313 08de 20       		.uleb128 0x20
 2314 08df C71B0000 		.4byte	.LASF127
 2315 08e3 06       		.byte	0x6
 2316 08e4 0703     		.2byte	0x307
 2317 08e6 7A040000 		.4byte	0x47a
 2318 08ea 20       		.uleb128 0x20
 2319 08eb 5E200000 		.4byte	.LASF128
 2320 08ef 06       		.byte	0x6
 2321 08f0 0803     		.2byte	0x308
 2322 08f2 80040000 		.4byte	0x480
 2323 08f6 03       		.uleb128 0x3
 2324 08f7 910C0000 		.4byte	.LASF129
 2325 08fb 07       		.byte	0x7
 2326 08fc 18       		.byte	0x18
 2327 08fd 2C000000 		.4byte	0x2c
 2328 0901 05       		.uleb128 0x5
 2329 0902 F6080000 		.4byte	0x8f6
 2330 0906 03       		.uleb128 0x3
 2331 0907 71140000 		.4byte	.LASF130
ARM GAS  /tmp/cc1HOfrl.s 			page 42


 2332 090b 07       		.byte	0x7
 2333 090c 20       		.byte	0x20
 2334 090d 3E000000 		.4byte	0x3e
 2335 0911 03       		.uleb128 0x3
 2336 0912 E4010000 		.4byte	.LASF131
 2337 0916 07       		.byte	0x7
 2338 0917 24       		.byte	0x24
 2339 0918 50000000 		.4byte	0x50
 2340 091c 03       		.uleb128 0x3
 2341 091d 84030000 		.4byte	.LASF132
 2342 0921 07       		.byte	0x7
 2343 0922 2C       		.byte	0x2c
 2344 0923 62000000 		.4byte	0x62
 2345 0927 1A       		.uleb128 0x1a
 2346 0928 1C090000 		.4byte	0x91c
 2347 092c 03       		.uleb128 0x3
 2348 092d B4180000 		.4byte	.LASF133
 2349 0931 07       		.byte	0x7
 2350 0932 30       		.byte	0x30
 2351 0933 74000000 		.4byte	0x74
 2352 0937 1A       		.uleb128 0x1a
 2353 0938 2C090000 		.4byte	0x92c
 2354 093c 05       		.uleb128 0x5
 2355 093d 37090000 		.4byte	0x937
 2356 0941 03       		.uleb128 0x3
 2357 0942 360A0000 		.4byte	.LASF134
 2358 0946 07       		.byte	0x7
 2359 0947 3C       		.byte	0x3c
 2360 0948 8D000000 		.4byte	0x8d
 2361 094c 03       		.uleb128 0x3
 2362 094d EC180000 		.4byte	.LASF135
 2363 0951 07       		.byte	0x7
 2364 0952 52       		.byte	0x52
 2365 0953 AB000000 		.4byte	0xab
 2366 0957 07       		.uleb128 0x7
 2367 0958 04       		.byte	0x4
 2368 0959 5D090000 		.4byte	0x95d
 2369 095d 21       		.uleb128 0x21
 2370 095e 22       		.uleb128 0x22
 2371 095f 17190000 		.4byte	.LASF136
 2372 0963 08       		.byte	0x8
 2373 0964 63       		.byte	0x63
 2374 0965 B7050000 		.4byte	0x5b7
 2375 0969 02       		.uleb128 0x2
 2376 096a 04       		.byte	0x4
 2377 096b 04       		.byte	0x4
 2378 096c 84090000 		.4byte	.LASF137
 2379 0970 02       		.uleb128 0x2
 2380 0971 08       		.byte	0x8
 2381 0972 04       		.byte	0x4
 2382 0973 FD1C0000 		.4byte	.LASF138
 2383 0977 23       		.uleb128 0x23
 2384 0978 2A170000 		.4byte	.LASF921
 2385 097c 05       		.byte	0x5
 2386 097d 01       		.byte	0x1
 2387 097e 25000000 		.4byte	0x25
 2388 0982 09       		.byte	0x9
ARM GAS  /tmp/cc1HOfrl.s 			page 43


 2389 0983 8202     		.2byte	0x282
 2390 0985 A2090000 		.4byte	0x9a2
 2391 0989 24       		.uleb128 0x24
 2392 098a 09150000 		.4byte	.LASF139
 2393 098e 7F       		.sleb128 -1
 2394 098f 25       		.uleb128 0x25
 2395 0990 68020000 		.4byte	.LASF140
 2396 0994 00       		.byte	0
 2397 0995 25       		.uleb128 0x25
 2398 0996 A4000000 		.4byte	.LASF141
 2399 099a 01       		.byte	0x1
 2400 099b 25       		.uleb128 0x25
 2401 099c 07210000 		.4byte	.LASF142
 2402 09a0 02       		.byte	0x2
 2403 09a1 00       		.byte	0
 2404 09a2 20       		.uleb128 0x20
 2405 09a3 A2080000 		.4byte	.LASF143
 2406 09a7 09       		.byte	0x9
 2407 09a8 8D02     		.2byte	0x28d
 2408 09aa 77090000 		.4byte	0x977
 2409 09ae 03       		.uleb128 0x3
 2410 09af D40B0000 		.4byte	.LASF144
 2411 09b3 0A       		.byte	0xa
 2412 09b4 45       		.byte	0x45
 2413 09b5 2C090000 		.4byte	0x92c
 2414 09b9 03       		.uleb128 0x3
 2415 09ba 6B050000 		.4byte	.LASF145
 2416 09be 0A       		.byte	0xa
 2417 09bf 46       		.byte	0x46
 2418 09c0 41090000 		.4byte	0x941
 2419 09c4 03       		.uleb128 0x3
 2420 09c5 9A120000 		.4byte	.LASF146
 2421 09c9 0A       		.byte	0xa
 2422 09ca 48       		.byte	0x48
 2423 09cb F6080000 		.4byte	0x8f6
 2424 09cf 03       		.uleb128 0x3
 2425 09d0 55200000 		.4byte	.LASF147
 2426 09d4 0A       		.byte	0xa
 2427 09d5 49       		.byte	0x49
 2428 09d6 F6080000 		.4byte	0x8f6
 2429 09da 03       		.uleb128 0x3
 2430 09db 34120000 		.4byte	.LASF148
 2431 09df 0A       		.byte	0xa
 2432 09e0 4A       		.byte	0x4a
 2433 09e1 F6080000 		.4byte	0x8f6
 2434 09e5 03       		.uleb128 0x3
 2435 09e6 F0130000 		.4byte	.LASF149
 2436 09ea 0A       		.byte	0xa
 2437 09eb 4B       		.byte	0x4b
 2438 09ec F6080000 		.4byte	0x8f6
 2439 09f0 03       		.uleb128 0x3
 2440 09f1 38060000 		.4byte	.LASF150
 2441 09f5 0A       		.byte	0xa
 2442 09f6 4C       		.byte	0x4c
 2443 09f7 2C090000 		.4byte	0x92c
 2444 09fb 03       		.uleb128 0x3
 2445 09fc 61000000 		.4byte	.LASF151
ARM GAS  /tmp/cc1HOfrl.s 			page 44


 2446 0a00 0A       		.byte	0xa
 2447 0a01 4D       		.byte	0x4d
 2448 0a02 1C090000 		.4byte	0x91c
 2449 0a06 03       		.uleb128 0x3
 2450 0a07 0B190000 		.4byte	.LASF152
 2451 0a0b 0A       		.byte	0xa
 2452 0a0c 4F       		.byte	0x4f
 2453 0a0d 2C090000 		.4byte	0x92c
 2454 0a11 03       		.uleb128 0x3
 2455 0a12 79220000 		.4byte	.LASF153
 2456 0a16 0A       		.byte	0xa
 2457 0a17 50       		.byte	0x50
 2458 0a18 2C090000 		.4byte	0x92c
 2459 0a1c 03       		.uleb128 0x3
 2460 0a1d 6A1B0000 		.4byte	.LASF154
 2461 0a21 0A       		.byte	0xa
 2462 0a22 51       		.byte	0x51
 2463 0a23 1C090000 		.4byte	0x91c
 2464 0a27 03       		.uleb128 0x3
 2465 0a28 E9140000 		.4byte	.LASF155
 2466 0a2c 0A       		.byte	0xa
 2467 0a2d 52       		.byte	0x52
 2468 0a2e 2C090000 		.4byte	0x92c
 2469 0a32 03       		.uleb128 0x3
 2470 0a33 98030000 		.4byte	.LASF156
 2471 0a37 0B       		.byte	0xb
 2472 0a38 33       		.byte	0x33
 2473 0a39 2C090000 		.4byte	0x92c
 2474 0a3d 1A       		.uleb128 0x1a
 2475 0a3e 320A0000 		.4byte	0xa32
 2476 0a42 03       		.uleb128 0x3
 2477 0a43 34030000 		.4byte	.LASF157
 2478 0a47 0B       		.byte	0xb
 2479 0a48 3F       		.byte	0x3f
 2480 0a49 4D0A0000 		.4byte	0xa4d
 2481 0a4d 10       		.uleb128 0x10
 2482 0a4e 41090000 		.4byte	.LASF158
 2483 0a52 68       		.byte	0x68
 2484 0a53 0C       		.byte	0xc
 2485 0a54 C2       		.byte	0xc2
 2486 0a55 6B0B0000 		.4byte	0xb6b
 2487 0a59 0F       		.uleb128 0xf
 2488 0a5a D5110000 		.4byte	.LASF159
 2489 0a5e 0C       		.byte	0xc
 2490 0a5f C3       		.byte	0xc3
 2491 0a60 760B0000 		.4byte	0xb76
 2492 0a64 00       		.byte	0
 2493 0a65 0F       		.uleb128 0xf
 2494 0a66 C70C0000 		.4byte	.LASF160
 2495 0a6a 0C       		.byte	0xc
 2496 0a6b C5       		.byte	0xc5
 2497 0a6c 760B0000 		.4byte	0xb76
 2498 0a70 04       		.byte	0x4
 2499 0a71 0F       		.uleb128 0xf
 2500 0a72 E9100000 		.4byte	.LASF161
 2501 0a76 0C       		.byte	0xc
 2502 0a77 C7       		.byte	0xc7
ARM GAS  /tmp/cc1HOfrl.s 			page 45


 2503 0a78 F0090000 		.4byte	0x9f0
 2504 0a7c 08       		.byte	0x8
 2505 0a7d 0F       		.uleb128 0xf
 2506 0a7e DB090000 		.4byte	.LASF162
 2507 0a82 0C       		.byte	0xc
 2508 0a83 C8       		.byte	0xc8
 2509 0a84 7E150000 		.4byte	0x157e
 2510 0a88 0C       		.byte	0xc
 2511 0a89 0F       		.uleb128 0xf
 2512 0a8a 80020000 		.4byte	.LASF163
 2513 0a8e 0C       		.byte	0xc
 2514 0a8f CA       		.byte	0xca
 2515 0a90 760B0000 		.4byte	0xb76
 2516 0a94 10       		.byte	0x10
 2517 0a95 0F       		.uleb128 0xf
 2518 0a96 09230000 		.4byte	.LASF164
 2519 0a9a 0C       		.byte	0xc
 2520 0a9b CB       		.byte	0xcb
 2521 0a9c 760B0000 		.4byte	0xb76
 2522 0aa0 14       		.byte	0x14
 2523 0aa1 0F       		.uleb128 0xf
 2524 0aa2 E3200000 		.4byte	.LASF165
 2525 0aa6 0C       		.byte	0xc
 2526 0aa7 D2       		.byte	0xd2
 2527 0aa8 ED050000 		.4byte	0x5ed
 2528 0aac 18       		.byte	0x18
 2529 0aad 0F       		.uleb128 0xf
 2530 0aae 5F1B0000 		.4byte	.LASF166
 2531 0ab2 0C       		.byte	0xc
 2532 0ab3 D8       		.byte	0xd8
 2533 0ab4 F4180000 		.4byte	0x18f4
 2534 0ab8 1C       		.byte	0x1c
 2535 0ab9 0F       		.uleb128 0xf
 2536 0aba 11250000 		.4byte	.LASF167
 2537 0abe 0C       		.byte	0xc
 2538 0abf DD       		.byte	0xdd
 2539 0ac0 CF090000 		.4byte	0x9cf
 2540 0ac4 20       		.byte	0x20
 2541 0ac5 0F       		.uleb128 0xf
 2542 0ac6 0E200000 		.4byte	.LASF168
 2543 0aca 0C       		.byte	0xc
 2544 0acb E1       		.byte	0xe1
 2545 0acc C4090000 		.4byte	0x9c4
 2546 0ad0 21       		.byte	0x21
 2547 0ad1 0F       		.uleb128 0xf
 2548 0ad2 42170000 		.4byte	.LASF169
 2549 0ad6 0C       		.byte	0xc
 2550 0ad7 E6       		.byte	0xe6
 2551 0ad8 DA090000 		.4byte	0x9da
 2552 0adc 22       		.byte	0x22
 2553 0add 0F       		.uleb128 0xf
 2554 0ade D5140000 		.4byte	.LASF170
 2555 0ae2 0C       		.byte	0xc
 2556 0ae3 EC       		.byte	0xec
 2557 0ae4 E5090000 		.4byte	0x9e5
 2558 0ae8 23       		.byte	0x23
 2559 0ae9 0F       		.uleb128 0xf
ARM GAS  /tmp/cc1HOfrl.s 			page 46


 2560 0aea 3B170000 		.4byte	.LASF171
 2561 0aee 0C       		.byte	0xc
 2562 0aef F3       		.byte	0xf3
 2563 0af0 3D0A0000 		.4byte	0xa3d
 2564 0af4 24       		.byte	0x24
 2565 0af5 26       		.uleb128 0x26
 2566 0af6 705F7500 		.ascii	"p_u\000"
 2567 0afa 0C       		.byte	0xc
 2568 0afb 3101     		.2byte	0x131
 2569 0afd 23180000 		.4byte	0x1823
 2570 0b01 28       		.byte	0x28
 2571 0b02 18       		.uleb128 0x18
 2572 0b03 BC040000 		.4byte	.LASF172
 2573 0b07 0C       		.byte	0xc
 2574 0b08 3601     		.2byte	0x136
 2575 0b0a 7C0B0000 		.4byte	0xb7c
 2576 0b0e 2C       		.byte	0x2c
 2577 0b0f 18       		.uleb128 0x18
 2578 0b10 7A150000 		.4byte	.LASF173
 2579 0b14 0C       		.byte	0xc
 2580 0b15 3C01     		.2byte	0x13c
 2581 0b17 A00B0000 		.4byte	0xba0
 2582 0b1b 30       		.byte	0x30
 2583 0b1c 18       		.uleb128 0x18
 2584 0b1d 68070000 		.4byte	.LASF174
 2585 0b21 0C       		.byte	0xc
 2586 0b22 4001     		.2byte	0x140
 2587 0b24 FB090000 		.4byte	0x9fb
 2588 0b28 38       		.byte	0x38
 2589 0b29 18       		.uleb128 0x18
 2590 0b2a 341E0000 		.4byte	.LASF175
 2591 0b2e 0C       		.byte	0xc
 2592 0b2f 4601     		.2byte	0x146
 2593 0b31 060A0000 		.4byte	0xa06
 2594 0b35 3C       		.byte	0x3c
 2595 0b36 18       		.uleb128 0x18
 2596 0b37 40200000 		.4byte	.LASF176
 2597 0b3b 0C       		.byte	0xc
 2598 0b3c 4D01     		.2byte	0x14d
 2599 0b3e EE180000 		.4byte	0x18ee
 2600 0b42 40       		.byte	0x40
 2601 0b43 18       		.uleb128 0x18
 2602 0b44 D11C0000 		.4byte	.LASF177
 2603 0b48 0C       		.byte	0xc
 2604 0b49 5101     		.2byte	0x151
 2605 0b4b F0090000 		.4byte	0x9f0
 2606 0b4f 44       		.byte	0x44
 2607 0b50 18       		.uleb128 0x18
 2608 0b51 3C120000 		.4byte	.LASF178
 2609 0b55 0C       		.byte	0xc
 2610 0b56 5801     		.2byte	0x158
 2611 0b58 CF000000 		.4byte	0xcf
 2612 0b5c 48       		.byte	0x48
 2613 0b5d 18       		.uleb128 0x18
 2614 0b5e 4C250000 		.4byte	.LASF179
 2615 0b62 0C       		.byte	0xc
 2616 0b63 5E01     		.2byte	0x15e
ARM GAS  /tmp/cc1HOfrl.s 			page 47


 2617 0b65 D4170000 		.4byte	0x17d4
 2618 0b69 50       		.byte	0x50
 2619 0b6a 00       		.byte	0
 2620 0b6b 03       		.uleb128 0x3
 2621 0b6c 6D230000 		.4byte	.LASF180
 2622 0b70 0B       		.byte	0xb
 2623 0b71 44       		.byte	0x44
 2624 0b72 760B0000 		.4byte	0xb76
 2625 0b76 07       		.uleb128 0x7
 2626 0b77 04       		.byte	0x4
 2627 0b78 420A0000 		.4byte	0xa42
 2628 0b7c 03       		.uleb128 0x3
 2629 0b7d FB040000 		.4byte	.LASF181
 2630 0b81 0B       		.byte	0xb
 2631 0b82 49       		.byte	0x49
 2632 0b83 870B0000 		.4byte	0xb87
 2633 0b87 10       		.uleb128 0x10
 2634 0b88 2B250000 		.4byte	.LASF182
 2635 0b8c 04       		.byte	0x4
 2636 0b8d 0C       		.byte	0xc
 2637 0b8e B0       		.byte	0xb0
 2638 0b8f A00B0000 		.4byte	0xba0
 2639 0b93 0F       		.uleb128 0xf
 2640 0b94 D5110000 		.4byte	.LASF159
 2641 0b98 0C       		.byte	0xc
 2642 0b99 B1       		.byte	0xb1
 2643 0b9a 760B0000 		.4byte	0xb76
 2644 0b9e 00       		.byte	0
 2645 0b9f 00       		.byte	0
 2646 0ba0 03       		.uleb128 0x3
 2647 0ba1 0F170000 		.4byte	.LASF183
 2648 0ba5 0B       		.byte	0xb
 2649 0ba6 50       		.byte	0x50
 2650 0ba7 AB0B0000 		.4byte	0xbab
 2651 0bab 10       		.uleb128 0x10
 2652 0bac 57020000 		.4byte	.LASF184
 2653 0bb0 08       		.byte	0x8
 2654 0bb1 0C       		.byte	0xc
 2655 0bb2 B7       		.byte	0xb7
 2656 0bb3 D00B0000 		.4byte	0xbd0
 2657 0bb7 0F       		.uleb128 0xf
 2658 0bb8 D5110000 		.4byte	.LASF159
 2659 0bbc 0C       		.byte	0xc
 2660 0bbd B8       		.byte	0xb8
 2661 0bbe 760B0000 		.4byte	0xb76
 2662 0bc2 00       		.byte	0
 2663 0bc3 0F       		.uleb128 0xf
 2664 0bc4 C70C0000 		.4byte	.LASF160
 2665 0bc8 0C       		.byte	0xc
 2666 0bc9 B9       		.byte	0xb9
 2667 0bca 760B0000 		.4byte	0xb76
 2668 0bce 04       		.byte	0x4
 2669 0bcf 00       		.byte	0
 2670 0bd0 03       		.uleb128 0x3
 2671 0bd1 34090000 		.4byte	.LASF185
 2672 0bd5 0B       		.byte	0xb
 2673 0bd6 57       		.byte	0x57
ARM GAS  /tmp/cc1HOfrl.s 			page 48


 2674 0bd7 DB0B0000 		.4byte	0xbdb
 2675 0bdb 1B       		.uleb128 0x1b
 2676 0bdc 6F1D0000 		.4byte	.LASF186
 2677 0be0 1C       		.byte	0x1c
 2678 0be1 0C       		.byte	0xc
 2679 0be2 9001     		.2byte	0x190
 2680 0be4 370C0000 		.4byte	0xc37
 2681 0be8 18       		.uleb128 0x18
 2682 0be9 F2190000 		.4byte	.LASF187
 2683 0bed 0C       		.byte	0xc
 2684 0bee 9101     		.2byte	0x191
 2685 0bf0 A00B0000 		.4byte	0xba0
 2686 0bf4 00       		.byte	0
 2687 0bf5 18       		.uleb128 0x18
 2688 0bf6 2A1F0000 		.4byte	.LASF188
 2689 0bfa 0C       		.byte	0xc
 2690 0bfb 9201     		.2byte	0x192
 2691 0bfd F0090000 		.4byte	0x9f0
 2692 0c01 08       		.byte	0x8
 2693 0c02 18       		.uleb128 0x18
 2694 0c03 AF0B0000 		.4byte	.LASF189
 2695 0c07 0C       		.byte	0xc
 2696 0c08 9401     		.2byte	0x194
 2697 0c0a 7E150000 		.4byte	0x157e
 2698 0c0e 0C       		.byte	0xc
 2699 0c0f 18       		.uleb128 0x18
 2700 0c10 92130000 		.4byte	.LASF190
 2701 0c14 0C       		.byte	0xc
 2702 0c15 9701     		.2byte	0x197
 2703 0c17 760B0000 		.4byte	0xb76
 2704 0c1b 10       		.byte	0x10
 2705 0c1c 18       		.uleb128 0x18
 2706 0c1d BF0C0000 		.4byte	.LASF191
 2707 0c21 0C       		.byte	0xc
 2708 0c22 9801     		.2byte	0x198
 2709 0c24 760B0000 		.4byte	0xb76
 2710 0c28 14       		.byte	0x14
 2711 0c29 18       		.uleb128 0x18
 2712 0c2a FD0F0000 		.4byte	.LASF192
 2713 0c2e 0C       		.byte	0xc
 2714 0c2f 9B01     		.2byte	0x19b
 2715 0c31 760B0000 		.4byte	0xb76
 2716 0c35 18       		.byte	0x18
 2717 0c36 00       		.byte	0
 2718 0c37 03       		.uleb128 0x3
 2719 0c38 7A1C0000 		.4byte	.LASF193
 2720 0c3c 0B       		.byte	0xb
 2721 0c3d 5C       		.byte	0x5c
 2722 0c3e 420C0000 		.4byte	0xc42
 2723 0c42 07       		.uleb128 0x7
 2724 0c43 04       		.byte	0x4
 2725 0c44 480C0000 		.4byte	0xc48
 2726 0c48 1F       		.uleb128 0x1f
 2727 0c49 530C0000 		.4byte	0xc53
 2728 0c4d 16       		.uleb128 0x16
 2729 0c4e CF000000 		.4byte	0xcf
 2730 0c52 00       		.byte	0
ARM GAS  /tmp/cc1HOfrl.s 			page 49


 2731 0c53 03       		.uleb128 0x3
 2732 0c54 930B0000 		.4byte	.LASF194
 2733 0c58 0B       		.byte	0xb
 2734 0c59 61       		.byte	0x61
 2735 0c5a 5E0C0000 		.4byte	0xc5e
 2736 0c5e 1B       		.uleb128 0x1b
 2737 0c5f FD1F0000 		.4byte	.LASF195
 2738 0c63 14       		.byte	0x14
 2739 0c64 0C       		.byte	0xc
 2740 0c65 6B01     		.2byte	0x16b
 2741 0c67 AD0C0000 		.4byte	0xcad
 2742 0c6b 18       		.uleb128 0x18
 2743 0c6c B50B0000 		.4byte	.LASF196
 2744 0c70 0C       		.byte	0xc
 2745 0c71 6C01     		.2byte	0x16c
 2746 0c73 FA180000 		.4byte	0x18fa
 2747 0c77 00       		.byte	0
 2748 0c78 18       		.uleb128 0x18
 2749 0c79 E9080000 		.4byte	.LASF197
 2750 0c7d 0C       		.byte	0xc
 2751 0c7e 6D01     		.2byte	0x16d
 2752 0c80 FA180000 		.4byte	0x18fa
 2753 0c84 04       		.byte	0x4
 2754 0c85 18       		.uleb128 0x18
 2755 0c86 3B140000 		.4byte	.LASF198
 2756 0c8a 0C       		.byte	0xc
 2757 0c8b 6E01     		.2byte	0x16e
 2758 0c8d 320A0000 		.4byte	0xa32
 2759 0c91 08       		.byte	0x8
 2760 0c92 18       		.uleb128 0x18
 2761 0c93 E81F0000 		.4byte	.LASF199
 2762 0c97 0C       		.byte	0xc
 2763 0c98 6F01     		.2byte	0x16f
 2764 0c9a 370C0000 		.4byte	0xc37
 2765 0c9e 0C       		.byte	0xc
 2766 0c9f 18       		.uleb128 0x18
 2767 0ca0 E1090000 		.4byte	.LASF200
 2768 0ca4 0C       		.byte	0xc
 2769 0ca5 7101     		.2byte	0x171
 2770 0ca7 CF000000 		.4byte	0xcf
 2771 0cab 10       		.byte	0x10
 2772 0cac 00       		.byte	0
 2773 0cad 03       		.uleb128 0x3
 2774 0cae 4C210000 		.4byte	.LASF201
 2775 0cb2 0B       		.byte	0xb
 2776 0cb3 66       		.byte	0x66
 2777 0cb4 B80C0000 		.4byte	0xcb8
 2778 0cb8 1B       		.uleb128 0x1b
 2779 0cb9 5E030000 		.4byte	.LASF202
 2780 0cbd 10       		.byte	0x10
 2781 0cbe 0C       		.byte	0xc
 2782 0cbf 7B01     		.2byte	0x17b
 2783 0cc1 FA0C0000 		.4byte	0xcfa
 2784 0cc5 18       		.uleb128 0x18
 2785 0cc6 B50B0000 		.4byte	.LASF196
 2786 0cca 0C       		.byte	0xc
 2787 0ccb 7C01     		.2byte	0x17c
ARM GAS  /tmp/cc1HOfrl.s 			page 50


 2788 0ccd FA180000 		.4byte	0x18fa
 2789 0cd1 00       		.byte	0
 2790 0cd2 18       		.uleb128 0x18
 2791 0cd3 E9080000 		.4byte	.LASF197
 2792 0cd7 0C       		.byte	0xc
 2793 0cd8 7E01     		.2byte	0x17e
 2794 0cda FA180000 		.4byte	0x18fa
 2795 0cde 04       		.byte	0x4
 2796 0cdf 18       		.uleb128 0x18
 2797 0ce0 3B140000 		.4byte	.LASF198
 2798 0ce4 0C       		.byte	0xc
 2799 0ce5 8001     		.2byte	0x180
 2800 0ce7 320A0000 		.4byte	0xa32
 2801 0ceb 08       		.byte	0x8
 2802 0cec 18       		.uleb128 0x18
 2803 0ced 5D010000 		.4byte	.LASF203
 2804 0cf1 0C       		.byte	0xc
 2805 0cf2 8201     		.2byte	0x182
 2806 0cf4 3D0A0000 		.4byte	0xa3d
 2807 0cf8 0C       		.byte	0xc
 2808 0cf9 00       		.byte	0
 2809 0cfa 03       		.uleb128 0x3
 2810 0cfb B4090000 		.4byte	.LASF204
 2811 0cff 0B       		.byte	0xb
 2812 0d00 6B       		.byte	0x6b
 2813 0d01 050D0000 		.4byte	0xd05
 2814 0d05 17       		.uleb128 0x17
 2815 0d06 9E1D0000 		.4byte	.LASF205
 2816 0d0a 1404     		.2byte	0x414
 2817 0d0c 0C       		.byte	0xc
 2818 0d0d A201     		.2byte	0x1a2
 2819 0d0f 480D0000 		.4byte	0xd48
 2820 0d13 18       		.uleb128 0x18
 2821 0d14 74130000 		.4byte	.LASF206
 2822 0d18 0C       		.byte	0xc
 2823 0d19 AA01     		.2byte	0x1aa
 2824 0d1b F3050000 		.4byte	0x5f3
 2825 0d1f 00       		.byte	0
 2826 0d20 18       		.uleb128 0x18
 2827 0d21 41130000 		.4byte	.LASF207
 2828 0d25 0C       		.byte	0xc
 2829 0d26 AF01     		.2byte	0x1af
 2830 0d28 1C0A0000 		.4byte	0xa1c
 2831 0d2c 04       		.byte	0x4
 2832 0d2d 18       		.uleb128 0x18
 2833 0d2e 4E020000 		.4byte	.LASF208
 2834 0d32 0C       		.byte	0xc
 2835 0d33 B301     		.2byte	0x1b3
 2836 0d35 1C0A0000 		.4byte	0xa1c
 2837 0d39 08       		.byte	0x8
 2838 0d3a 18       		.uleb128 0x18
 2839 0d3b 71160000 		.4byte	.LASF209
 2840 0d3f 0C       		.byte	0xc
 2841 0d40 B901     		.2byte	0x1b9
 2842 0d42 66170000 		.4byte	0x1766
 2843 0d46 0C       		.byte	0xc
 2844 0d47 00       		.byte	0
ARM GAS  /tmp/cc1HOfrl.s 			page 51


 2845 0d48 03       		.uleb128 0x3
 2846 0d49 DD000000 		.4byte	.LASF210
 2847 0d4d 0B       		.byte	0xb
 2848 0d4e 70       		.byte	0x70
 2849 0d4f 530D0000 		.4byte	0xd53
 2850 0d53 17       		.uleb128 0x17
 2851 0d54 61160000 		.4byte	.LASF211
 2852 0d58 7006     		.2byte	0x670
 2853 0d5a 0C       		.byte	0xc
 2854 0d5b C201     		.2byte	0x1c2
 2855 0d5d C00D0000 		.4byte	0xdc0
 2856 0d61 18       		.uleb128 0x18
 2857 0d62 F5040000 		.4byte	.LASF212
 2858 0d66 0C       		.byte	0xc
 2859 0d67 C601     		.2byte	0x1c6
 2860 0d69 D00B0000 		.4byte	0xbd0
 2861 0d6d 00       		.byte	0
 2862 0d6e 18       		.uleb128 0x18
 2863 0d6f A6040000 		.4byte	.LASF213
 2864 0d73 0C       		.byte	0xc
 2865 0d74 CA01     		.2byte	0x1ca
 2866 0d76 AD0C0000 		.4byte	0xcad
 2867 0d7a 1C       		.byte	0x1c
 2868 0d7b 26       		.uleb128 0x26
 2869 0d7c 64626700 		.ascii	"dbg\000"
 2870 0d80 0C       		.byte	0xc
 2871 0d81 CE01     		.2byte	0x1ce
 2872 0d83 FA0C0000 		.4byte	0xcfa
 2873 0d87 2C       		.byte	0x2c
 2874 0d88 19       		.uleb128 0x19
 2875 0d89 7E170000 		.4byte	.LASF214
 2876 0d8d 0C       		.byte	0xc
 2877 0d8e D201     		.2byte	0x1d2
 2878 0d90 420A0000 		.4byte	0xa42
 2879 0d94 4004     		.2byte	0x440
 2880 0d96 27       		.uleb128 0x27
 2881 0d97 746D00   		.ascii	"tm\000"
 2882 0d9a 0C       		.byte	0xc
 2883 0d9b D701     		.2byte	0x1d7
 2884 0d9d 86170000 		.4byte	0x1786
 2885 0da1 A804     		.2byte	0x4a8
 2886 0da3 19       		.uleb128 0x19
 2887 0da4 2C1B0000 		.4byte	.LASF215
 2888 0da8 0C       		.byte	0xc
 2889 0da9 DD01     		.2byte	0x1dd
 2890 0dab 18180000 		.4byte	0x1818
 2891 0daf B004     		.2byte	0x4b0
 2892 0db1 19       		.uleb128 0x19
 2893 0db2 C51F0000 		.4byte	.LASF216
 2894 0db6 0C       		.byte	0xc
 2895 0db7 E301     		.2byte	0x1e3
 2896 0db9 00190000 		.4byte	0x1900
 2897 0dbd E804     		.2byte	0x4e8
 2898 0dbf 00       		.byte	0
 2899 0dc0 0C       		.uleb128 0xc
 2900 0dc1 2C090000 		.4byte	0x92c
 2901 0dc5 D00D0000 		.4byte	0xdd0
ARM GAS  /tmp/cc1HOfrl.s 			page 52


 2902 0dc9 0D       		.uleb128 0xd
 2903 0dca B6000000 		.4byte	0xb6
 2904 0dce 01       		.byte	0x1
 2905 0dcf 00       		.byte	0
 2906 0dd0 0C       		.uleb128 0xc
 2907 0dd1 2C090000 		.4byte	0x92c
 2908 0dd5 E00D0000 		.4byte	0xde0
 2909 0dd9 0D       		.uleb128 0xd
 2910 0dda B6000000 		.4byte	0xb6
 2911 0dde 07       		.byte	0x7
 2912 0ddf 00       		.byte	0
 2913 0de0 20       		.uleb128 0x20
 2914 0de1 441F0000 		.4byte	.LASF217
 2915 0de5 0D       		.byte	0xd
 2916 0de6 A706     		.2byte	0x6a7
 2917 0de8 27090000 		.4byte	0x927
 2918 0dec 22       		.uleb128 0x22
 2919 0ded D6150000 		.4byte	.LASF218
 2920 0df1 0E       		.byte	0xe
 2921 0df2 4C       		.byte	0x4c
 2922 0df3 2C090000 		.4byte	0x92c
 2923 0df7 0E       		.uleb128 0xe
 2924 0df8 50       		.byte	0x50
 2925 0df9 0F       		.byte	0xf
 2926 0dfa C4       		.byte	0xc4
 2927 0dfb EE0E0000 		.4byte	0xeee
 2928 0dff 11       		.uleb128 0x11
 2929 0e00 535200   		.ascii	"SR\000"
 2930 0e03 0F       		.byte	0xf
 2931 0e04 C6       		.byte	0xc6
 2932 0e05 37090000 		.4byte	0x937
 2933 0e09 00       		.byte	0
 2934 0e0a 11       		.uleb128 0x11
 2935 0e0b 43523100 		.ascii	"CR1\000"
 2936 0e0f 0F       		.byte	0xf
 2937 0e10 C7       		.byte	0xc7
 2938 0e11 37090000 		.4byte	0x937
 2939 0e15 04       		.byte	0x4
 2940 0e16 11       		.uleb128 0x11
 2941 0e17 43523200 		.ascii	"CR2\000"
 2942 0e1b 0F       		.byte	0xf
 2943 0e1c C8       		.byte	0xc8
 2944 0e1d 37090000 		.4byte	0x937
 2945 0e21 08       		.byte	0x8
 2946 0e22 0F       		.uleb128 0xf
 2947 0e23 AA020000 		.4byte	.LASF219
 2948 0e27 0F       		.byte	0xf
 2949 0e28 C9       		.byte	0xc9
 2950 0e29 37090000 		.4byte	0x937
 2951 0e2d 0C       		.byte	0xc
 2952 0e2e 0F       		.uleb128 0xf
 2953 0e2f B0020000 		.4byte	.LASF220
 2954 0e33 0F       		.byte	0xf
 2955 0e34 CA       		.byte	0xca
 2956 0e35 37090000 		.4byte	0x937
 2957 0e39 10       		.byte	0x10
 2958 0e3a 0F       		.uleb128 0xf
ARM GAS  /tmp/cc1HOfrl.s 			page 53


 2959 0e3b E8090000 		.4byte	.LASF221
 2960 0e3f 0F       		.byte	0xf
 2961 0e40 CB       		.byte	0xcb
 2962 0e41 37090000 		.4byte	0x937
 2963 0e45 14       		.byte	0x14
 2964 0e46 0F       		.uleb128 0xf
 2965 0e47 EE090000 		.4byte	.LASF222
 2966 0e4b 0F       		.byte	0xf
 2967 0e4c CC       		.byte	0xcc
 2968 0e4d 37090000 		.4byte	0x937
 2969 0e51 18       		.byte	0x18
 2970 0e52 0F       		.uleb128 0xf
 2971 0e53 C8100000 		.4byte	.LASF223
 2972 0e57 0F       		.byte	0xf
 2973 0e58 CD       		.byte	0xcd
 2974 0e59 37090000 		.4byte	0x937
 2975 0e5d 1C       		.byte	0x1c
 2976 0e5e 0F       		.uleb128 0xf
 2977 0e5f F4090000 		.4byte	.LASF224
 2978 0e63 0F       		.byte	0xf
 2979 0e64 CE       		.byte	0xce
 2980 0e65 37090000 		.4byte	0x937
 2981 0e69 20       		.byte	0x20
 2982 0e6a 11       		.uleb128 0x11
 2983 0e6b 48545200 		.ascii	"HTR\000"
 2984 0e6f 0F       		.byte	0xf
 2985 0e70 CF       		.byte	0xcf
 2986 0e71 37090000 		.4byte	0x937
 2987 0e75 24       		.byte	0x24
 2988 0e76 11       		.uleb128 0x11
 2989 0e77 4C545200 		.ascii	"LTR\000"
 2990 0e7b 0F       		.byte	0xf
 2991 0e7c D0       		.byte	0xd0
 2992 0e7d 37090000 		.4byte	0x937
 2993 0e81 28       		.byte	0x28
 2994 0e82 0F       		.uleb128 0xf
 2995 0e83 AD120000 		.4byte	.LASF225
 2996 0e87 0F       		.byte	0xf
 2997 0e88 D1       		.byte	0xd1
 2998 0e89 37090000 		.4byte	0x937
 2999 0e8d 2C       		.byte	0x2c
 3000 0e8e 0F       		.uleb128 0xf
 3001 0e8f B2120000 		.4byte	.LASF226
 3002 0e93 0F       		.byte	0xf
 3003 0e94 D2       		.byte	0xd2
 3004 0e95 37090000 		.4byte	0x937
 3005 0e99 30       		.byte	0x30
 3006 0e9a 0F       		.uleb128 0xf
 3007 0e9b B7120000 		.4byte	.LASF227
 3008 0e9f 0F       		.byte	0xf
 3009 0ea0 D3       		.byte	0xd3
 3010 0ea1 37090000 		.4byte	0x937
 3011 0ea5 34       		.byte	0x34
 3012 0ea6 0F       		.uleb128 0xf
 3013 0ea7 6C0B0000 		.4byte	.LASF228
 3014 0eab 0F       		.byte	0xf
 3015 0eac D4       		.byte	0xd4
ARM GAS  /tmp/cc1HOfrl.s 			page 54


 3016 0ead 37090000 		.4byte	0x937
 3017 0eb1 38       		.byte	0x38
 3018 0eb2 0F       		.uleb128 0xf
 3019 0eb3 02210000 		.4byte	.LASF229
 3020 0eb7 0F       		.byte	0xf
 3021 0eb8 D5       		.byte	0xd5
 3022 0eb9 37090000 		.4byte	0x937
 3023 0ebd 3C       		.byte	0x3c
 3024 0ebe 0F       		.uleb128 0xf
 3025 0ebf C60B0000 		.4byte	.LASF230
 3026 0ec3 0F       		.byte	0xf
 3027 0ec4 D6       		.byte	0xd6
 3028 0ec5 37090000 		.4byte	0x937
 3029 0ec9 40       		.byte	0x40
 3030 0eca 0F       		.uleb128 0xf
 3031 0ecb 16210000 		.4byte	.LASF231
 3032 0ecf 0F       		.byte	0xf
 3033 0ed0 D7       		.byte	0xd7
 3034 0ed1 37090000 		.4byte	0x937
 3035 0ed5 44       		.byte	0x44
 3036 0ed6 0F       		.uleb128 0xf
 3037 0ed7 1B210000 		.4byte	.LASF232
 3038 0edb 0F       		.byte	0xf
 3039 0edc D8       		.byte	0xd8
 3040 0edd 37090000 		.4byte	0x937
 3041 0ee1 48       		.byte	0x48
 3042 0ee2 11       		.uleb128 0x11
 3043 0ee3 445200   		.ascii	"DR\000"
 3044 0ee6 0F       		.byte	0xf
 3045 0ee7 D9       		.byte	0xd9
 3046 0ee8 37090000 		.4byte	0x937
 3047 0eec 4C       		.byte	0x4c
 3048 0eed 00       		.byte	0
 3049 0eee 03       		.uleb128 0x3
 3050 0eef 82140000 		.4byte	.LASF233
 3051 0ef3 0F       		.byte	0xf
 3052 0ef4 DA       		.byte	0xda
 3053 0ef5 F70D0000 		.4byte	0xdf7
 3054 0ef9 0E       		.uleb128 0xe
 3055 0efa 10       		.byte	0x10
 3056 0efb 0F       		.byte	0xf
 3057 0efc E9       		.byte	0xe9
 3058 0efd 320F0000 		.4byte	0xf32
 3059 0f01 11       		.uleb128 0x11
 3060 0f02 54495200 		.ascii	"TIR\000"
 3061 0f06 0F       		.byte	0xf
 3062 0f07 EB       		.byte	0xeb
 3063 0f08 37090000 		.4byte	0x937
 3064 0f0c 00       		.byte	0
 3065 0f0d 0F       		.uleb128 0xf
 3066 0f0e 83100000 		.4byte	.LASF234
 3067 0f12 0F       		.byte	0xf
 3068 0f13 EC       		.byte	0xec
 3069 0f14 37090000 		.4byte	0x937
 3070 0f18 04       		.byte	0x4
 3071 0f19 0F       		.uleb128 0xf
 3072 0f1a 5E170000 		.4byte	.LASF235
ARM GAS  /tmp/cc1HOfrl.s 			page 55


 3073 0f1e 0F       		.byte	0xf
 3074 0f1f ED       		.byte	0xed
 3075 0f20 37090000 		.4byte	0x937
 3076 0f24 08       		.byte	0x8
 3077 0f25 0F       		.uleb128 0xf
 3078 0f26 F0140000 		.4byte	.LASF236
 3079 0f2a 0F       		.byte	0xf
 3080 0f2b EE       		.byte	0xee
 3081 0f2c 37090000 		.4byte	0x937
 3082 0f30 0C       		.byte	0xc
 3083 0f31 00       		.byte	0
 3084 0f32 03       		.uleb128 0x3
 3085 0f33 DF040000 		.4byte	.LASF237
 3086 0f37 0F       		.byte	0xf
 3087 0f38 EF       		.byte	0xef
 3088 0f39 F90E0000 		.4byte	0xef9
 3089 0f3d 0E       		.uleb128 0xe
 3090 0f3e 10       		.byte	0x10
 3091 0f3f 0F       		.byte	0xf
 3092 0f40 F5       		.byte	0xf5
 3093 0f41 760F0000 		.4byte	0xf76
 3094 0f45 11       		.uleb128 0x11
 3095 0f46 52495200 		.ascii	"RIR\000"
 3096 0f4a 0F       		.byte	0xf
 3097 0f4b F7       		.byte	0xf7
 3098 0f4c 37090000 		.4byte	0x937
 3099 0f50 00       		.byte	0
 3100 0f51 0F       		.uleb128 0xf
 3101 0f52 421D0000 		.4byte	.LASF238
 3102 0f56 0F       		.byte	0xf
 3103 0f57 F8       		.byte	0xf8
 3104 0f58 37090000 		.4byte	0x937
 3105 0f5c 04       		.byte	0x4
 3106 0f5d 0F       		.uleb128 0xf
 3107 0f5e DC180000 		.4byte	.LASF239
 3108 0f62 0F       		.byte	0xf
 3109 0f63 F9       		.byte	0xf9
 3110 0f64 37090000 		.4byte	0x937
 3111 0f68 08       		.byte	0x8
 3112 0f69 0F       		.uleb128 0xf
 3113 0f6a 47160000 		.4byte	.LASF240
 3114 0f6e 0F       		.byte	0xf
 3115 0f6f FA       		.byte	0xfa
 3116 0f70 37090000 		.4byte	0x937
 3117 0f74 0C       		.byte	0xc
 3118 0f75 00       		.byte	0
 3119 0f76 03       		.uleb128 0x3
 3120 0f77 831C0000 		.4byte	.LASF241
 3121 0f7b 0F       		.byte	0xf
 3122 0f7c FB       		.byte	0xfb
 3123 0f7d 3D0F0000 		.4byte	0xf3d
 3124 0f81 1C       		.uleb128 0x1c
 3125 0f82 08       		.byte	0x8
 3126 0f83 0F       		.byte	0xf
 3127 0f84 0101     		.2byte	0x101
 3128 0f86 A50F0000 		.4byte	0xfa5
 3129 0f8a 26       		.uleb128 0x26
ARM GAS  /tmp/cc1HOfrl.s 			page 56


 3130 0f8b 46523100 		.ascii	"FR1\000"
 3131 0f8f 0F       		.byte	0xf
 3132 0f90 0301     		.2byte	0x103
 3133 0f92 37090000 		.4byte	0x937
 3134 0f96 00       		.byte	0
 3135 0f97 26       		.uleb128 0x26
 3136 0f98 46523200 		.ascii	"FR2\000"
 3137 0f9c 0F       		.byte	0xf
 3138 0f9d 0401     		.2byte	0x104
 3139 0f9f 37090000 		.4byte	0x937
 3140 0fa3 04       		.byte	0x4
 3141 0fa4 00       		.byte	0
 3142 0fa5 09       		.uleb128 0x9
 3143 0fa6 94100000 		.4byte	.LASF242
 3144 0faa 0F       		.byte	0xf
 3145 0fab 0501     		.2byte	0x105
 3146 0fad 810F0000 		.4byte	0xf81
 3147 0fb1 28       		.uleb128 0x28
 3148 0fb2 2003     		.2byte	0x320
 3149 0fb4 0F       		.byte	0xf
 3150 0fb5 0B01     		.2byte	0x10b
 3151 0fb7 E7100000 		.4byte	0x10e7
 3152 0fbb 26       		.uleb128 0x26
 3153 0fbc 4D435200 		.ascii	"MCR\000"
 3154 0fc0 0F       		.byte	0xf
 3155 0fc1 0D01     		.2byte	0x10d
 3156 0fc3 37090000 		.4byte	0x937
 3157 0fc7 00       		.byte	0
 3158 0fc8 26       		.uleb128 0x26
 3159 0fc9 4D535200 		.ascii	"MSR\000"
 3160 0fcd 0F       		.byte	0xf
 3161 0fce 0E01     		.2byte	0x10e
 3162 0fd0 37090000 		.4byte	0x937
 3163 0fd4 04       		.byte	0x4
 3164 0fd5 26       		.uleb128 0x26
 3165 0fd6 54535200 		.ascii	"TSR\000"
 3166 0fda 0F       		.byte	0xf
 3167 0fdb 0F01     		.2byte	0x10f
 3168 0fdd 37090000 		.4byte	0x937
 3169 0fe1 08       		.byte	0x8
 3170 0fe2 18       		.uleb128 0x18
 3171 0fe3 760D0000 		.4byte	.LASF243
 3172 0fe7 0F       		.byte	0xf
 3173 0fe8 1001     		.2byte	0x110
 3174 0fea 37090000 		.4byte	0x937
 3175 0fee 0C       		.byte	0xc
 3176 0fef 18       		.uleb128 0x18
 3177 0ff0 27190000 		.4byte	.LASF244
 3178 0ff4 0F       		.byte	0xf
 3179 0ff5 1101     		.2byte	0x111
 3180 0ff7 37090000 		.4byte	0x937
 3181 0ffb 10       		.byte	0x10
 3182 0ffc 26       		.uleb128 0x26
 3183 0ffd 49455200 		.ascii	"IER\000"
 3184 1001 0F       		.byte	0xf
 3185 1002 1201     		.2byte	0x112
 3186 1004 37090000 		.4byte	0x937
ARM GAS  /tmp/cc1HOfrl.s 			page 57


 3187 1008 14       		.byte	0x14
 3188 1009 26       		.uleb128 0x26
 3189 100a 45535200 		.ascii	"ESR\000"
 3190 100e 0F       		.byte	0xf
 3191 100f 1301     		.2byte	0x113
 3192 1011 37090000 		.4byte	0x937
 3193 1015 18       		.byte	0x18
 3194 1016 26       		.uleb128 0x26
 3195 1017 42545200 		.ascii	"BTR\000"
 3196 101b 0F       		.byte	0xf
 3197 101c 1401     		.2byte	0x114
 3198 101e 37090000 		.4byte	0x937
 3199 1022 1C       		.byte	0x1c
 3200 1023 18       		.uleb128 0x18
 3201 1024 5B1E0000 		.4byte	.LASF245
 3202 1028 0F       		.byte	0xf
 3203 1029 1501     		.2byte	0x115
 3204 102b E7100000 		.4byte	0x10e7
 3205 102f 20       		.byte	0x20
 3206 1030 19       		.uleb128 0x19
 3207 1031 A7110000 		.4byte	.LASF246
 3208 1035 0F       		.byte	0xf
 3209 1036 1601     		.2byte	0x116
 3210 1038 F7100000 		.4byte	0x10f7
 3211 103c 8001     		.2byte	0x180
 3212 103e 19       		.uleb128 0x19
 3213 103f A7220000 		.4byte	.LASF247
 3214 1043 0F       		.byte	0xf
 3215 1044 1701     		.2byte	0x117
 3216 1046 07110000 		.4byte	0x1107
 3217 104a B001     		.2byte	0x1b0
 3218 104c 19       		.uleb128 0x19
 3219 104d 651E0000 		.4byte	.LASF248
 3220 1051 0F       		.byte	0xf
 3221 1052 1801     		.2byte	0x118
 3222 1054 17110000 		.4byte	0x1117
 3223 1058 D001     		.2byte	0x1d0
 3224 105a 27       		.uleb128 0x27
 3225 105b 464D5200 		.ascii	"FMR\000"
 3226 105f 0F       		.byte	0xf
 3227 1060 1901     		.2byte	0x119
 3228 1062 37090000 		.4byte	0x937
 3229 1066 0002     		.2byte	0x200
 3230 1068 19       		.uleb128 0x19
 3231 1069 560A0000 		.4byte	.LASF249
 3232 106d 0F       		.byte	0xf
 3233 106e 1A01     		.2byte	0x11a
 3234 1070 37090000 		.4byte	0x937
 3235 1074 0402     		.2byte	0x204
 3236 1076 19       		.uleb128 0x19
 3237 1077 6F1E0000 		.4byte	.LASF250
 3238 107b 0F       		.byte	0xf
 3239 107c 1B01     		.2byte	0x11b
 3240 107e 2C090000 		.4byte	0x92c
 3241 1082 0802     		.2byte	0x208
 3242 1084 19       		.uleb128 0x19
 3243 1085 50200000 		.4byte	.LASF251
ARM GAS  /tmp/cc1HOfrl.s 			page 58


 3244 1089 0F       		.byte	0xf
 3245 108a 1C01     		.2byte	0x11c
 3246 108c 37090000 		.4byte	0x937
 3247 1090 0C02     		.2byte	0x20c
 3248 1092 19       		.uleb128 0x19
 3249 1093 791E0000 		.4byte	.LASF252
 3250 1097 0F       		.byte	0xf
 3251 1098 1D01     		.2byte	0x11d
 3252 109a 2C090000 		.4byte	0x92c
 3253 109e 1002     		.2byte	0x210
 3254 10a0 19       		.uleb128 0x19
 3255 10a1 21190000 		.4byte	.LASF253
 3256 10a5 0F       		.byte	0xf
 3257 10a6 1E01     		.2byte	0x11e
 3258 10a8 37090000 		.4byte	0x937
 3259 10ac 1402     		.2byte	0x214
 3260 10ae 19       		.uleb128 0x19
 3261 10af 831E0000 		.4byte	.LASF254
 3262 10b3 0F       		.byte	0xf
 3263 10b4 1F01     		.2byte	0x11f
 3264 10b6 2C090000 		.4byte	0x92c
 3265 10ba 1802     		.2byte	0x218
 3266 10bc 19       		.uleb128 0x19
 3267 10bd D5030000 		.4byte	.LASF255
 3268 10c1 0F       		.byte	0xf
 3269 10c2 2001     		.2byte	0x120
 3270 10c4 37090000 		.4byte	0x937
 3271 10c8 1C02     		.2byte	0x21c
 3272 10ca 19       		.uleb128 0x19
 3273 10cb 8D1E0000 		.4byte	.LASF256
 3274 10cf 0F       		.byte	0xf
 3275 10d0 2101     		.2byte	0x121
 3276 10d2 D00D0000 		.4byte	0xdd0
 3277 10d6 2002     		.2byte	0x220
 3278 10d8 19       		.uleb128 0x19
 3279 10d9 8E050000 		.4byte	.LASF257
 3280 10dd 0F       		.byte	0xf
 3281 10de 2201     		.2byte	0x122
 3282 10e0 27110000 		.4byte	0x1127
 3283 10e4 4002     		.2byte	0x240
 3284 10e6 00       		.byte	0
 3285 10e7 0C       		.uleb128 0xc
 3286 10e8 2C090000 		.4byte	0x92c
 3287 10ec F7100000 		.4byte	0x10f7
 3288 10f0 0D       		.uleb128 0xd
 3289 10f1 B6000000 		.4byte	0xb6
 3290 10f5 57       		.byte	0x57
 3291 10f6 00       		.byte	0
 3292 10f7 0C       		.uleb128 0xc
 3293 10f8 320F0000 		.4byte	0xf32
 3294 10fc 07110000 		.4byte	0x1107
 3295 1100 0D       		.uleb128 0xd
 3296 1101 B6000000 		.4byte	0xb6
 3297 1105 02       		.byte	0x2
 3298 1106 00       		.byte	0
 3299 1107 0C       		.uleb128 0xc
 3300 1108 760F0000 		.4byte	0xf76
ARM GAS  /tmp/cc1HOfrl.s 			page 59


 3301 110c 17110000 		.4byte	0x1117
 3302 1110 0D       		.uleb128 0xd
 3303 1111 B6000000 		.4byte	0xb6
 3304 1115 01       		.byte	0x1
 3305 1116 00       		.byte	0
 3306 1117 0C       		.uleb128 0xc
 3307 1118 2C090000 		.4byte	0x92c
 3308 111c 27110000 		.4byte	0x1127
 3309 1120 0D       		.uleb128 0xd
 3310 1121 B6000000 		.4byte	0xb6
 3311 1125 0B       		.byte	0xb
 3312 1126 00       		.byte	0
 3313 1127 0C       		.uleb128 0xc
 3314 1128 A50F0000 		.4byte	0xfa5
 3315 112c 37110000 		.4byte	0x1137
 3316 1130 0D       		.uleb128 0xd
 3317 1131 B6000000 		.4byte	0xb6
 3318 1135 1B       		.byte	0x1b
 3319 1136 00       		.byte	0
 3320 1137 09       		.uleb128 0x9
 3321 1138 1F0C0000 		.4byte	.LASF258
 3322 113c 0F       		.byte	0xf
 3323 113d 2301     		.2byte	0x123
 3324 113f B10F0000 		.4byte	0xfb1
 3325 1143 1C       		.uleb128 0x1c
 3326 1144 38       		.byte	0x38
 3327 1145 0F       		.byte	0xf
 3328 1146 3601     		.2byte	0x136
 3329 1148 01120000 		.4byte	0x1201
 3330 114c 26       		.uleb128 0x26
 3331 114d 435200   		.ascii	"CR\000"
 3332 1150 0F       		.byte	0xf
 3333 1151 3801     		.2byte	0x138
 3334 1153 37090000 		.4byte	0x937
 3335 1157 00       		.byte	0
 3336 1158 18       		.uleb128 0x18
 3337 1159 21160000 		.4byte	.LASF259
 3338 115d 0F       		.byte	0xf
 3339 115e 3901     		.2byte	0x139
 3340 1160 37090000 		.4byte	0x937
 3341 1164 04       		.byte	0x4
 3342 1165 18       		.uleb128 0x18
 3343 1166 A91E0000 		.4byte	.LASF260
 3344 116a 0F       		.byte	0xf
 3345 116b 3A01     		.2byte	0x13a
 3346 116d 37090000 		.4byte	0x937
 3347 1171 08       		.byte	0x8
 3348 1172 18       		.uleb128 0x18
 3349 1173 F11A0000 		.4byte	.LASF261
 3350 1177 0F       		.byte	0xf
 3351 1178 3B01     		.2byte	0x13b
 3352 117a 37090000 		.4byte	0x937
 3353 117e 0C       		.byte	0xc
 3354 117f 18       		.uleb128 0x18
 3355 1180 C3090000 		.4byte	.LASF262
 3356 1184 0F       		.byte	0xf
 3357 1185 3C01     		.2byte	0x13c
ARM GAS  /tmp/cc1HOfrl.s 			page 60


 3358 1187 37090000 		.4byte	0x937
 3359 118b 10       		.byte	0x10
 3360 118c 18       		.uleb128 0x18
 3361 118d B11E0000 		.4byte	.LASF263
 3362 1191 0F       		.byte	0xf
 3363 1192 3D01     		.2byte	0x13d
 3364 1194 37090000 		.4byte	0x937
 3365 1198 14       		.byte	0x14
 3366 1199 18       		.uleb128 0x18
 3367 119a F91A0000 		.4byte	.LASF264
 3368 119e 0F       		.byte	0xf
 3369 119f 3E01     		.2byte	0x13e
 3370 11a1 37090000 		.4byte	0x937
 3371 11a5 18       		.byte	0x18
 3372 11a6 18       		.uleb128 0x18
 3373 11a7 CA090000 		.4byte	.LASF265
 3374 11ab 0F       		.byte	0xf
 3375 11ac 3F01     		.2byte	0x13f
 3376 11ae 37090000 		.4byte	0x937
 3377 11b2 1C       		.byte	0x1c
 3378 11b3 18       		.uleb128 0x18
 3379 11b4 F81E0000 		.4byte	.LASF266
 3380 11b8 0F       		.byte	0xf
 3381 11b9 4001     		.2byte	0x140
 3382 11bb 37090000 		.4byte	0x937
 3383 11bf 20       		.byte	0x20
 3384 11c0 18       		.uleb128 0x18
 3385 11c1 1B1B0000 		.4byte	.LASF267
 3386 11c5 0F       		.byte	0xf
 3387 11c6 4101     		.2byte	0x141
 3388 11c8 37090000 		.4byte	0x937
 3389 11cc 24       		.byte	0x24
 3390 11cd 18       		.uleb128 0x18
 3391 11ce D1220000 		.4byte	.LASF268
 3392 11d2 0F       		.byte	0xf
 3393 11d3 4201     		.2byte	0x142
 3394 11d5 37090000 		.4byte	0x937
 3395 11d9 28       		.byte	0x28
 3396 11da 18       		.uleb128 0x18
 3397 11db 68010000 		.4byte	.LASF269
 3398 11df 0F       		.byte	0xf
 3399 11e0 4301     		.2byte	0x143
 3400 11e2 37090000 		.4byte	0x937
 3401 11e6 2C       		.byte	0x2c
 3402 11e7 18       		.uleb128 0x18
 3403 11e8 6D010000 		.4byte	.LASF270
 3404 11ec 0F       		.byte	0xf
 3405 11ed 4401     		.2byte	0x144
 3406 11ef 37090000 		.4byte	0x937
 3407 11f3 30       		.byte	0x30
 3408 11f4 26       		.uleb128 0x26
 3409 11f5 535200   		.ascii	"SR\000"
 3410 11f8 0F       		.byte	0xf
 3411 11f9 4501     		.2byte	0x145
 3412 11fb 37090000 		.4byte	0x937
 3413 11ff 34       		.byte	0x34
 3414 1200 00       		.byte	0
ARM GAS  /tmp/cc1HOfrl.s 			page 61


 3415 1201 09       		.uleb128 0x9
 3416 1202 9B1C0000 		.4byte	.LASF271
 3417 1206 0F       		.byte	0xf
 3418 1207 4601     		.2byte	0x146
 3419 1209 43110000 		.4byte	0x1143
 3420 120d 1C       		.uleb128 0x1c
 3421 120e 18       		.byte	0x18
 3422 120f 0F       		.byte	0xf
 3423 1210 6B01     		.2byte	0x16b
 3424 1212 64120000 		.4byte	0x1264
 3425 1216 26       		.uleb128 0x26
 3426 1217 435200   		.ascii	"CR\000"
 3427 121a 0F       		.byte	0xf
 3428 121b 6D01     		.2byte	0x16d
 3429 121d 37090000 		.4byte	0x937
 3430 1221 00       		.byte	0
 3431 1222 18       		.uleb128 0x18
 3432 1223 A11F0000 		.4byte	.LASF272
 3433 1227 0F       		.byte	0xf
 3434 1228 6E01     		.2byte	0x16e
 3435 122a 37090000 		.4byte	0x937
 3436 122e 04       		.byte	0x4
 3437 122f 26       		.uleb128 0x26
 3438 1230 50415200 		.ascii	"PAR\000"
 3439 1234 0F       		.byte	0xf
 3440 1235 6F01     		.2byte	0x16f
 3441 1237 37090000 		.4byte	0x937
 3442 123b 08       		.byte	0x8
 3443 123c 18       		.uleb128 0x18
 3444 123d B7030000 		.4byte	.LASF273
 3445 1241 0F       		.byte	0xf
 3446 1242 7001     		.2byte	0x170
 3447 1244 37090000 		.4byte	0x937
 3448 1248 0C       		.byte	0xc
 3449 1249 18       		.uleb128 0x18
 3450 124a A7070000 		.4byte	.LASF274
 3451 124e 0F       		.byte	0xf
 3452 124f 7101     		.2byte	0x171
 3453 1251 37090000 		.4byte	0x937
 3454 1255 10       		.byte	0x10
 3455 1256 26       		.uleb128 0x26
 3456 1257 46435200 		.ascii	"FCR\000"
 3457 125b 0F       		.byte	0xf
 3458 125c 7201     		.2byte	0x172
 3459 125e 37090000 		.4byte	0x937
 3460 1262 14       		.byte	0x14
 3461 1263 00       		.byte	0
 3462 1264 09       		.uleb128 0x9
 3463 1265 B1070000 		.4byte	.LASF275
 3464 1269 0F       		.byte	0xf
 3465 126a 7301     		.2byte	0x173
 3466 126c 0D120000 		.4byte	0x120d
 3467 1270 0C       		.uleb128 0xc
 3468 1271 37090000 		.4byte	0x937
 3469 1275 80120000 		.4byte	0x1280
 3470 1279 0D       		.uleb128 0xd
 3471 127a B6000000 		.4byte	0xb6
ARM GAS  /tmp/cc1HOfrl.s 			page 62


 3472 127e 01       		.byte	0x1
 3473 127f 00       		.byte	0
 3474 1280 1A       		.uleb128 0x1a
 3475 1281 70120000 		.4byte	0x1270
 3476 1285 0C       		.uleb128 0xc
 3477 1286 37090000 		.4byte	0x937
 3478 128a 95120000 		.4byte	0x1295
 3479 128e 0D       		.uleb128 0xd
 3480 128f B6000000 		.4byte	0xb6
 3481 1293 03       		.byte	0x3
 3482 1294 00       		.byte	0
 3483 1295 1A       		.uleb128 0x1a
 3484 1296 85120000 		.4byte	0x1285
 3485 129a 1C       		.uleb128 0x1c
 3486 129b 28       		.byte	0x28
 3487 129c 0F       		.byte	0xf
 3488 129d 3F02     		.2byte	0x23f
 3489 129f 25130000 		.4byte	0x1325
 3490 12a3 26       		.uleb128 0x26
 3491 12a4 43523100 		.ascii	"CR1\000"
 3492 12a8 0F       		.byte	0xf
 3493 12a9 4102     		.2byte	0x241
 3494 12ab 37090000 		.4byte	0x937
 3495 12af 00       		.byte	0
 3496 12b0 26       		.uleb128 0x26
 3497 12b1 43523200 		.ascii	"CR2\000"
 3498 12b5 0F       		.byte	0xf
 3499 12b6 4202     		.2byte	0x242
 3500 12b8 37090000 		.4byte	0x937
 3501 12bc 04       		.byte	0x4
 3502 12bd 18       		.uleb128 0x18
 3503 12be 42250000 		.4byte	.LASF276
 3504 12c2 0F       		.byte	0xf
 3505 12c3 4302     		.2byte	0x243
 3506 12c5 37090000 		.4byte	0x937
 3507 12c9 08       		.byte	0x8
 3508 12ca 18       		.uleb128 0x18
 3509 12cb 47250000 		.4byte	.LASF277
 3510 12cf 0F       		.byte	0xf
 3511 12d0 4402     		.2byte	0x244
 3512 12d2 37090000 		.4byte	0x937
 3513 12d6 0C       		.byte	0xc
 3514 12d7 26       		.uleb128 0x26
 3515 12d8 445200   		.ascii	"DR\000"
 3516 12db 0F       		.byte	0xf
 3517 12dc 4502     		.2byte	0x245
 3518 12de 37090000 		.4byte	0x937
 3519 12e2 10       		.byte	0x10
 3520 12e3 26       		.uleb128 0x26
 3521 12e4 53523100 		.ascii	"SR1\000"
 3522 12e8 0F       		.byte	0xf
 3523 12e9 4602     		.2byte	0x246
 3524 12eb 37090000 		.4byte	0x937
 3525 12ef 14       		.byte	0x14
 3526 12f0 26       		.uleb128 0x26
 3527 12f1 53523200 		.ascii	"SR2\000"
 3528 12f5 0F       		.byte	0xf
ARM GAS  /tmp/cc1HOfrl.s 			page 63


 3529 12f6 4702     		.2byte	0x247
 3530 12f8 37090000 		.4byte	0x937
 3531 12fc 18       		.byte	0x18
 3532 12fd 26       		.uleb128 0x26
 3533 12fe 43435200 		.ascii	"CCR\000"
 3534 1302 0F       		.byte	0xf
 3535 1303 4802     		.2byte	0x248
 3536 1305 37090000 		.4byte	0x937
 3537 1309 1C       		.byte	0x1c
 3538 130a 18       		.uleb128 0x18
 3539 130b AD040000 		.4byte	.LASF278
 3540 130f 0F       		.byte	0xf
 3541 1310 4902     		.2byte	0x249
 3542 1312 37090000 		.4byte	0x937
 3543 1316 20       		.byte	0x20
 3544 1317 18       		.uleb128 0x18
 3545 1318 0D240000 		.4byte	.LASF279
 3546 131c 0F       		.byte	0xf
 3547 131d 4A02     		.2byte	0x24a
 3548 131f 37090000 		.4byte	0x937
 3549 1323 24       		.byte	0x24
 3550 1324 00       		.byte	0
 3551 1325 09       		.uleb128 0x9
 3552 1326 44120000 		.4byte	.LASF280
 3553 132a 0F       		.byte	0xf
 3554 132b 4B02     		.2byte	0x24b
 3555 132d 9A120000 		.4byte	0x129a
 3556 1331 1C       		.uleb128 0x1c
 3557 1332 84       		.byte	0x84
 3558 1333 0F       		.byte	0xf
 3559 1334 BF02     		.2byte	0x2bf
 3560 1336 3F140000 		.4byte	0x143f
 3561 133a 18       		.uleb128 0x18
 3562 133b 6B160000 		.4byte	.LASF281
 3563 133f 0F       		.byte	0xf
 3564 1340 C102     		.2byte	0x2c1
 3565 1342 37090000 		.4byte	0x937
 3566 1346 00       		.byte	0
 3567 1347 18       		.uleb128 0x18
 3568 1348 C9200000 		.4byte	.LASF282
 3569 134c 0F       		.byte	0xf
 3570 134d C202     		.2byte	0x2c2
 3571 134f 37090000 		.4byte	0x937
 3572 1353 04       		.byte	0x4
 3573 1354 26       		.uleb128 0x26
 3574 1355 41524700 		.ascii	"ARG\000"
 3575 1359 0F       		.byte	0xf
 3576 135a C302     		.2byte	0x2c3
 3577 135c 37090000 		.4byte	0x937
 3578 1360 08       		.byte	0x8
 3579 1361 26       		.uleb128 0x26
 3580 1362 434D4400 		.ascii	"CMD\000"
 3581 1366 0F       		.byte	0xf
 3582 1367 C402     		.2byte	0x2c4
 3583 1369 37090000 		.4byte	0x937
 3584 136d 0C       		.byte	0xc
 3585 136e 18       		.uleb128 0x18
ARM GAS  /tmp/cc1HOfrl.s 			page 64


 3586 136f B5190000 		.4byte	.LASF283
 3587 1373 0F       		.byte	0xf
 3588 1374 C502     		.2byte	0x2c5
 3589 1376 3C090000 		.4byte	0x93c
 3590 137a 10       		.byte	0x10
 3591 137b 18       		.uleb128 0x18
 3592 137c C3050000 		.4byte	.LASF284
 3593 1380 0F       		.byte	0xf
 3594 1381 C602     		.2byte	0x2c6
 3595 1383 3C090000 		.4byte	0x93c
 3596 1387 14       		.byte	0x14
 3597 1388 18       		.uleb128 0x18
 3598 1389 C9050000 		.4byte	.LASF285
 3599 138d 0F       		.byte	0xf
 3600 138e C702     		.2byte	0x2c7
 3601 1390 3C090000 		.4byte	0x93c
 3602 1394 18       		.byte	0x18
 3603 1395 18       		.uleb128 0x18
 3604 1396 CF050000 		.4byte	.LASF286
 3605 139a 0F       		.byte	0xf
 3606 139b C802     		.2byte	0x2c8
 3607 139d 3C090000 		.4byte	0x93c
 3608 13a1 1C       		.byte	0x1c
 3609 13a2 18       		.uleb128 0x18
 3610 13a3 D5050000 		.4byte	.LASF287
 3611 13a7 0F       		.byte	0xf
 3612 13a8 C902     		.2byte	0x2c9
 3613 13aa 3C090000 		.4byte	0x93c
 3614 13ae 20       		.byte	0x20
 3615 13af 18       		.uleb128 0x18
 3616 13b0 8B130000 		.4byte	.LASF288
 3617 13b4 0F       		.byte	0xf
 3618 13b5 CA02     		.2byte	0x2ca
 3619 13b7 37090000 		.4byte	0x937
 3620 13bb 24       		.byte	0x24
 3621 13bc 18       		.uleb128 0x18
 3622 13bd 33150000 		.4byte	.LASF289
 3623 13c1 0F       		.byte	0xf
 3624 13c2 CB02     		.2byte	0x2cb
 3625 13c4 37090000 		.4byte	0x937
 3626 13c8 28       		.byte	0x28
 3627 13c9 18       		.uleb128 0x18
 3628 13ca F9230000 		.4byte	.LASF290
 3629 13ce 0F       		.byte	0xf
 3630 13cf CC02     		.2byte	0x2cc
 3631 13d1 37090000 		.4byte	0x937
 3632 13d5 2C       		.byte	0x2c
 3633 13d6 18       		.uleb128 0x18
 3634 13d7 3B250000 		.4byte	.LASF291
 3635 13db 0F       		.byte	0xf
 3636 13dc CD02     		.2byte	0x2cd
 3637 13de 3C090000 		.4byte	0x93c
 3638 13e2 30       		.byte	0x30
 3639 13e3 26       		.uleb128 0x26
 3640 13e4 53544100 		.ascii	"STA\000"
 3641 13e8 0F       		.byte	0xf
 3642 13e9 CE02     		.2byte	0x2ce
ARM GAS  /tmp/cc1HOfrl.s 			page 65


 3643 13eb 3C090000 		.4byte	0x93c
 3644 13ef 34       		.byte	0x34
 3645 13f0 26       		.uleb128 0x26
 3646 13f1 49435200 		.ascii	"ICR\000"
 3647 13f5 0F       		.byte	0xf
 3648 13f6 CF02     		.2byte	0x2cf
 3649 13f8 37090000 		.4byte	0x937
 3650 13fc 38       		.byte	0x38
 3651 13fd 18       		.uleb128 0x18
 3652 13fe BA010000 		.4byte	.LASF292
 3653 1402 0F       		.byte	0xf
 3654 1403 D002     		.2byte	0x2d0
 3655 1405 37090000 		.4byte	0x937
 3656 1409 3C       		.byte	0x3c
 3657 140a 18       		.uleb128 0x18
 3658 140b 5B1E0000 		.4byte	.LASF245
 3659 140f 0F       		.byte	0xf
 3660 1410 D102     		.2byte	0x2d1
 3661 1412 C00D0000 		.4byte	0xdc0
 3662 1416 40       		.byte	0x40
 3663 1417 18       		.uleb128 0x18
 3664 1418 1B140000 		.4byte	.LASF293
 3665 141c 0F       		.byte	0xf
 3666 141d D202     		.2byte	0x2d2
 3667 141f 3C090000 		.4byte	0x93c
 3668 1423 48       		.byte	0x48
 3669 1424 18       		.uleb128 0x18
 3670 1425 651E0000 		.4byte	.LASF248
 3671 1429 0F       		.byte	0xf
 3672 142a D302     		.2byte	0x2d3
 3673 142c 3F140000 		.4byte	0x143f
 3674 1430 4C       		.byte	0x4c
 3675 1431 18       		.uleb128 0x18
 3676 1432 17090000 		.4byte	.LASF294
 3677 1436 0F       		.byte	0xf
 3678 1437 D402     		.2byte	0x2d4
 3679 1439 37090000 		.4byte	0x937
 3680 143d 80       		.byte	0x80
 3681 143e 00       		.byte	0
 3682 143f 0C       		.uleb128 0xc
 3683 1440 2C090000 		.4byte	0x92c
 3684 1444 4F140000 		.4byte	0x144f
 3685 1448 0D       		.uleb128 0xd
 3686 1449 B6000000 		.4byte	0xb6
 3687 144d 0C       		.byte	0xc
 3688 144e 00       		.byte	0
 3689 144f 09       		.uleb128 0x9
 3690 1450 801F0000 		.4byte	.LASF295
 3691 1454 0F       		.byte	0xf
 3692 1455 D502     		.2byte	0x2d5
 3693 1457 31130000 		.4byte	0x1331
 3694 145b 1C       		.uleb128 0x1c
 3695 145c 24       		.byte	0x24
 3696 145d 0F       		.byte	0xf
 3697 145e DB02     		.2byte	0x2db
 3698 1460 D8140000 		.4byte	0x14d8
 3699 1464 26       		.uleb128 0x26
ARM GAS  /tmp/cc1HOfrl.s 			page 66


 3700 1465 43523100 		.ascii	"CR1\000"
 3701 1469 0F       		.byte	0xf
 3702 146a DD02     		.2byte	0x2dd
 3703 146c 37090000 		.4byte	0x937
 3704 1470 00       		.byte	0
 3705 1471 26       		.uleb128 0x26
 3706 1472 43523200 		.ascii	"CR2\000"
 3707 1476 0F       		.byte	0xf
 3708 1477 DE02     		.2byte	0x2de
 3709 1479 37090000 		.4byte	0x937
 3710 147d 04       		.byte	0x4
 3711 147e 26       		.uleb128 0x26
 3712 147f 535200   		.ascii	"SR\000"
 3713 1482 0F       		.byte	0xf
 3714 1483 DF02     		.2byte	0x2df
 3715 1485 37090000 		.4byte	0x937
 3716 1489 08       		.byte	0x8
 3717 148a 26       		.uleb128 0x26
 3718 148b 445200   		.ascii	"DR\000"
 3719 148e 0F       		.byte	0xf
 3720 148f E002     		.2byte	0x2e0
 3721 1491 37090000 		.4byte	0x937
 3722 1495 0C       		.byte	0xc
 3723 1496 18       		.uleb128 0x18
 3724 1497 2B070000 		.4byte	.LASF296
 3725 149b 0F       		.byte	0xf
 3726 149c E102     		.2byte	0x2e1
 3727 149e 37090000 		.4byte	0x937
 3728 14a2 10       		.byte	0x10
 3729 14a3 18       		.uleb128 0x18
 3730 14a4 D10A0000 		.4byte	.LASF297
 3731 14a8 0F       		.byte	0xf
 3732 14a9 E202     		.2byte	0x2e2
 3733 14ab 37090000 		.4byte	0x937
 3734 14af 14       		.byte	0x14
 3735 14b0 18       		.uleb128 0x18
 3736 14b1 010A0000 		.4byte	.LASF298
 3737 14b5 0F       		.byte	0xf
 3738 14b6 E302     		.2byte	0x2e3
 3739 14b8 37090000 		.4byte	0x937
 3740 14bc 18       		.byte	0x18
 3741 14bd 18       		.uleb128 0x18
 3742 14be B4210000 		.4byte	.LASF299
 3743 14c2 0F       		.byte	0xf
 3744 14c3 E402     		.2byte	0x2e4
 3745 14c5 37090000 		.4byte	0x937
 3746 14c9 1C       		.byte	0x1c
 3747 14ca 18       		.uleb128 0x18
 3748 14cb E9060000 		.4byte	.LASF300
 3749 14cf 0F       		.byte	0xf
 3750 14d0 E502     		.2byte	0x2e5
 3751 14d2 37090000 		.4byte	0x937
 3752 14d6 20       		.byte	0x20
 3753 14d7 00       		.byte	0
 3754 14d8 09       		.uleb128 0x9
 3755 14d9 DC1F0000 		.4byte	.LASF301
 3756 14dd 0F       		.byte	0xf
ARM GAS  /tmp/cc1HOfrl.s 			page 67


 3757 14de E602     		.2byte	0x2e6
 3758 14e0 5B140000 		.4byte	0x145b
 3759 14e4 1C       		.uleb128 0x1c
 3760 14e5 1C       		.byte	0x1c
 3761 14e6 0F       		.byte	0xf
 3762 14e7 0903     		.2byte	0x309
 3763 14e9 47150000 		.4byte	0x1547
 3764 14ed 26       		.uleb128 0x26
 3765 14ee 535200   		.ascii	"SR\000"
 3766 14f1 0F       		.byte	0xf
 3767 14f2 0B03     		.2byte	0x30b
 3768 14f4 37090000 		.4byte	0x937
 3769 14f8 00       		.byte	0
 3770 14f9 26       		.uleb128 0x26
 3771 14fa 445200   		.ascii	"DR\000"
 3772 14fd 0F       		.byte	0xf
 3773 14fe 0C03     		.2byte	0x30c
 3774 1500 37090000 		.4byte	0x937
 3775 1504 04       		.byte	0x4
 3776 1505 26       		.uleb128 0x26
 3777 1506 42525200 		.ascii	"BRR\000"
 3778 150a 0F       		.byte	0xf
 3779 150b 0D03     		.2byte	0x30d
 3780 150d 37090000 		.4byte	0x937
 3781 1511 08       		.byte	0x8
 3782 1512 26       		.uleb128 0x26
 3783 1513 43523100 		.ascii	"CR1\000"
 3784 1517 0F       		.byte	0xf
 3785 1518 0E03     		.2byte	0x30e
 3786 151a 37090000 		.4byte	0x937
 3787 151e 0C       		.byte	0xc
 3788 151f 26       		.uleb128 0x26
 3789 1520 43523200 		.ascii	"CR2\000"
 3790 1524 0F       		.byte	0xf
 3791 1525 0F03     		.2byte	0x30f
 3792 1527 37090000 		.4byte	0x937
 3793 152b 10       		.byte	0x10
 3794 152c 26       		.uleb128 0x26
 3795 152d 43523300 		.ascii	"CR3\000"
 3796 1531 0F       		.byte	0xf
 3797 1532 1003     		.2byte	0x310
 3798 1534 37090000 		.4byte	0x937
 3799 1538 14       		.byte	0x14
 3800 1539 18       		.uleb128 0x18
 3801 153a 990D0000 		.4byte	.LASF302
 3802 153e 0F       		.byte	0xf
 3803 153f 1103     		.2byte	0x311
 3804 1541 37090000 		.4byte	0x937
 3805 1545 18       		.byte	0x18
 3806 1546 00       		.byte	0
 3807 1547 09       		.uleb128 0x9
 3808 1548 9E240000 		.4byte	.LASF303
 3809 154c 0F       		.byte	0xf
 3810 154d 1203     		.2byte	0x312
 3811 154f E4140000 		.4byte	0x14e4
 3812 1553 0C       		.uleb128 0xc
 3813 1554 37090000 		.4byte	0x937
ARM GAS  /tmp/cc1HOfrl.s 			page 68


 3814 1558 63150000 		.4byte	0x1563
 3815 155c 0D       		.uleb128 0xd
 3816 155d B6000000 		.4byte	0xb6
 3817 1561 0E       		.byte	0xe
 3818 1562 00       		.byte	0
 3819 1563 1A       		.uleb128 0x1a
 3820 1564 53150000 		.4byte	0x1553
 3821 1568 03       		.uleb128 0x3
 3822 1569 02190000 		.4byte	.LASF304
 3823 156d 10       		.byte	0x10
 3824 156e 65       		.byte	0x65
 3825 156f CF000000 		.4byte	0xcf
 3826 1573 03       		.uleb128 0x3
 3827 1574 320C0000 		.4byte	.LASF305
 3828 1578 10       		.byte	0x10
 3829 1579 6D       		.byte	0x6d
 3830 157a 41090000 		.4byte	0x941
 3831 157e 10       		.uleb128 0x10
 3832 157f 92120000 		.4byte	.LASF306
 3833 1583 04       		.byte	0x4
 3834 1584 10       		.byte	0x10
 3835 1585 89       		.byte	0x89
 3836 1586 97150000 		.4byte	0x1597
 3837 158a 11       		.uleb128 0x11
 3838 158b 72313300 		.ascii	"r13\000"
 3839 158f 10       		.byte	0x10
 3840 1590 8A       		.byte	0x8a
 3841 1591 D8160000 		.4byte	0x16d8
 3842 1595 00       		.byte	0
 3843 1596 00       		.byte	0
 3844 1597 10       		.uleb128 0x10
 3845 1598 09000000 		.4byte	.LASF307
 3846 159c 64       		.byte	0x64
 3847 159d 11       		.byte	0x11
 3848 159e F4       		.byte	0xf4
 3849 159f D8160000 		.4byte	0x16d8
 3850 15a3 11       		.uleb128 0x11
 3851 15a4 73313600 		.ascii	"s16\000"
 3852 15a8 11       		.byte	0x11
 3853 15a9 F6       		.byte	0xf6
 3854 15aa 68150000 		.4byte	0x1568
 3855 15ae 00       		.byte	0
 3856 15af 11       		.uleb128 0x11
 3857 15b0 73313700 		.ascii	"s17\000"
 3858 15b4 11       		.byte	0x11
 3859 15b5 F7       		.byte	0xf7
 3860 15b6 68150000 		.4byte	0x1568
 3861 15ba 04       		.byte	0x4
 3862 15bb 11       		.uleb128 0x11
 3863 15bc 73313800 		.ascii	"s18\000"
 3864 15c0 11       		.byte	0x11
 3865 15c1 F8       		.byte	0xf8
 3866 15c2 68150000 		.4byte	0x1568
 3867 15c6 08       		.byte	0x8
 3868 15c7 11       		.uleb128 0x11
 3869 15c8 73313900 		.ascii	"s19\000"
 3870 15cc 11       		.byte	0x11
ARM GAS  /tmp/cc1HOfrl.s 			page 69


 3871 15cd F9       		.byte	0xf9
 3872 15ce 68150000 		.4byte	0x1568
 3873 15d2 0C       		.byte	0xc
 3874 15d3 11       		.uleb128 0x11
 3875 15d4 73323000 		.ascii	"s20\000"
 3876 15d8 11       		.byte	0x11
 3877 15d9 FA       		.byte	0xfa
 3878 15da 68150000 		.4byte	0x1568
 3879 15de 10       		.byte	0x10
 3880 15df 11       		.uleb128 0x11
 3881 15e0 73323100 		.ascii	"s21\000"
 3882 15e4 11       		.byte	0x11
 3883 15e5 FB       		.byte	0xfb
 3884 15e6 68150000 		.4byte	0x1568
 3885 15ea 14       		.byte	0x14
 3886 15eb 11       		.uleb128 0x11
 3887 15ec 73323200 		.ascii	"s22\000"
 3888 15f0 11       		.byte	0x11
 3889 15f1 FC       		.byte	0xfc
 3890 15f2 68150000 		.4byte	0x1568
 3891 15f6 18       		.byte	0x18
 3892 15f7 11       		.uleb128 0x11
 3893 15f8 73323300 		.ascii	"s23\000"
 3894 15fc 11       		.byte	0x11
 3895 15fd FD       		.byte	0xfd
 3896 15fe 68150000 		.4byte	0x1568
 3897 1602 1C       		.byte	0x1c
 3898 1603 11       		.uleb128 0x11
 3899 1604 73323400 		.ascii	"s24\000"
 3900 1608 11       		.byte	0x11
 3901 1609 FE       		.byte	0xfe
 3902 160a 68150000 		.4byte	0x1568
 3903 160e 20       		.byte	0x20
 3904 160f 11       		.uleb128 0x11
 3905 1610 73323500 		.ascii	"s25\000"
 3906 1614 11       		.byte	0x11
 3907 1615 FF       		.byte	0xff
 3908 1616 68150000 		.4byte	0x1568
 3909 161a 24       		.byte	0x24
 3910 161b 26       		.uleb128 0x26
 3911 161c 73323600 		.ascii	"s26\000"
 3912 1620 11       		.byte	0x11
 3913 1621 0001     		.2byte	0x100
 3914 1623 68150000 		.4byte	0x1568
 3915 1627 28       		.byte	0x28
 3916 1628 26       		.uleb128 0x26
 3917 1629 73323700 		.ascii	"s27\000"
 3918 162d 11       		.byte	0x11
 3919 162e 0101     		.2byte	0x101
 3920 1630 68150000 		.4byte	0x1568
 3921 1634 2C       		.byte	0x2c
 3922 1635 26       		.uleb128 0x26
 3923 1636 73323800 		.ascii	"s28\000"
 3924 163a 11       		.byte	0x11
 3925 163b 0201     		.2byte	0x102
 3926 163d 68150000 		.4byte	0x1568
 3927 1641 30       		.byte	0x30
ARM GAS  /tmp/cc1HOfrl.s 			page 70


 3928 1642 26       		.uleb128 0x26
 3929 1643 73323900 		.ascii	"s29\000"
 3930 1647 11       		.byte	0x11
 3931 1648 0301     		.2byte	0x103
 3932 164a 68150000 		.4byte	0x1568
 3933 164e 34       		.byte	0x34
 3934 164f 26       		.uleb128 0x26
 3935 1650 73333000 		.ascii	"s30\000"
 3936 1654 11       		.byte	0x11
 3937 1655 0401     		.2byte	0x104
 3938 1657 68150000 		.4byte	0x1568
 3939 165b 38       		.byte	0x38
 3940 165c 26       		.uleb128 0x26
 3941 165d 73333100 		.ascii	"s31\000"
 3942 1661 11       		.byte	0x11
 3943 1662 0501     		.2byte	0x105
 3944 1664 68150000 		.4byte	0x1568
 3945 1668 3C       		.byte	0x3c
 3946 1669 26       		.uleb128 0x26
 3947 166a 723400   		.ascii	"r4\000"
 3948 166d 11       		.byte	0x11
 3949 166e 0701     		.2byte	0x107
 3950 1670 68150000 		.4byte	0x1568
 3951 1674 40       		.byte	0x40
 3952 1675 26       		.uleb128 0x26
 3953 1676 723500   		.ascii	"r5\000"
 3954 1679 11       		.byte	0x11
 3955 167a 0801     		.2byte	0x108
 3956 167c 68150000 		.4byte	0x1568
 3957 1680 44       		.byte	0x44
 3958 1681 26       		.uleb128 0x26
 3959 1682 723600   		.ascii	"r6\000"
 3960 1685 11       		.byte	0x11
 3961 1686 0901     		.2byte	0x109
 3962 1688 68150000 		.4byte	0x1568
 3963 168c 48       		.byte	0x48
 3964 168d 26       		.uleb128 0x26
 3965 168e 723700   		.ascii	"r7\000"
 3966 1691 11       		.byte	0x11
 3967 1692 0A01     		.2byte	0x10a
 3968 1694 68150000 		.4byte	0x1568
 3969 1698 4C       		.byte	0x4c
 3970 1699 26       		.uleb128 0x26
 3971 169a 723800   		.ascii	"r8\000"
 3972 169d 11       		.byte	0x11
 3973 169e 0B01     		.2byte	0x10b
 3974 16a0 68150000 		.4byte	0x1568
 3975 16a4 50       		.byte	0x50
 3976 16a5 26       		.uleb128 0x26
 3977 16a6 723900   		.ascii	"r9\000"
 3978 16a9 11       		.byte	0x11
 3979 16aa 0C01     		.2byte	0x10c
 3980 16ac 68150000 		.4byte	0x1568
 3981 16b0 54       		.byte	0x54
 3982 16b1 26       		.uleb128 0x26
 3983 16b2 72313000 		.ascii	"r10\000"
 3984 16b6 11       		.byte	0x11
ARM GAS  /tmp/cc1HOfrl.s 			page 71


 3985 16b7 0D01     		.2byte	0x10d
 3986 16b9 68150000 		.4byte	0x1568
 3987 16bd 58       		.byte	0x58
 3988 16be 26       		.uleb128 0x26
 3989 16bf 72313100 		.ascii	"r11\000"
 3990 16c3 11       		.byte	0x11
 3991 16c4 0E01     		.2byte	0x10e
 3992 16c6 68150000 		.4byte	0x1568
 3993 16ca 5C       		.byte	0x5c
 3994 16cb 26       		.uleb128 0x26
 3995 16cc 6C7200   		.ascii	"lr\000"
 3996 16cf 11       		.byte	0x11
 3997 16d0 0F01     		.2byte	0x10f
 3998 16d2 68150000 		.4byte	0x1568
 3999 16d6 60       		.byte	0x60
 4000 16d7 00       		.byte	0
 4001 16d8 07       		.uleb128 0x7
 4002 16d9 04       		.byte	0x4
 4003 16da 97150000 		.4byte	0x1597
 4004 16de 0E       		.uleb128 0xe
 4005 16df 10       		.byte	0x10
 4006 16e0 12       		.byte	0x12
 4007 16e1 51       		.byte	0x51
 4008 16e2 17170000 		.4byte	0x1717
 4009 16e6 0F       		.uleb128 0xf
 4010 16e7 CF1E0000 		.4byte	.LASF308
 4011 16eb 12       		.byte	0x12
 4012 16ec 55       		.byte	0x55
 4013 16ed 320A0000 		.4byte	0xa32
 4014 16f1 00       		.byte	0
 4015 16f2 0F       		.uleb128 0xf
 4016 16f3 75190000 		.4byte	.LASF309
 4017 16f7 12       		.byte	0x12
 4018 16f8 59       		.byte	0x59
 4019 16f9 760B0000 		.4byte	0xb76
 4020 16fd 04       		.byte	0x4
 4021 16fe 0F       		.uleb128 0xf
 4022 16ff 620B0000 		.4byte	.LASF310
 4023 1703 12       		.byte	0x12
 4024 1704 5D       		.byte	0x5d
 4025 1705 CF000000 		.4byte	0xcf
 4026 1709 08       		.byte	0x8
 4027 170a 0F       		.uleb128 0xf
 4028 170b 9F090000 		.4byte	.LASF311
 4029 170f 12       		.byte	0x12
 4030 1710 61       		.byte	0x61
 4031 1711 F6080000 		.4byte	0x8f6
 4032 1715 0C       		.byte	0xc
 4033 1716 00       		.byte	0
 4034 1717 03       		.uleb128 0x3
 4035 1718 3D0C0000 		.4byte	.LASF312
 4036 171c 12       		.byte	0x12
 4037 171d 62       		.byte	0x62
 4038 171e DE160000 		.4byte	0x16de
 4039 1722 29       		.uleb128 0x29
 4040 1723 0804     		.2byte	0x408
 4041 1725 12       		.byte	0x12
ARM GAS  /tmp/cc1HOfrl.s 			page 72


 4042 1726 67       		.byte	0x67
 4043 1727 50170000 		.4byte	0x1750
 4044 172b 0F       		.uleb128 0xf
 4045 172c 1B0D0000 		.4byte	.LASF313
 4046 1730 12       		.byte	0x12
 4047 1731 6B       		.byte	0x6b
 4048 1732 B6000000 		.4byte	0xb6
 4049 1736 00       		.byte	0
 4050 1737 0F       		.uleb128 0xf
 4051 1738 4A140000 		.4byte	.LASF314
 4052 173c 12       		.byte	0x12
 4053 173d 6F       		.byte	0x6f
 4054 173e 50170000 		.4byte	0x1750
 4055 1742 04       		.byte	0x4
 4056 1743 0F       		.uleb128 0xf
 4057 1744 1C090000 		.4byte	.LASF315
 4058 1748 12       		.byte	0x12
 4059 1749 73       		.byte	0x73
 4060 174a 56170000 		.4byte	0x1756
 4061 174e 08       		.byte	0x8
 4062 174f 00       		.byte	0
 4063 1750 07       		.uleb128 0x7
 4064 1751 04       		.byte	0x4
 4065 1752 17170000 		.4byte	0x1717
 4066 1756 0C       		.uleb128 0xc
 4067 1757 17170000 		.4byte	0x1717
 4068 175b 66170000 		.4byte	0x1766
 4069 175f 0D       		.uleb128 0xd
 4070 1760 B6000000 		.4byte	0xb6
 4071 1764 3F       		.byte	0x3f
 4072 1765 00       		.byte	0
 4073 1766 03       		.uleb128 0x3
 4074 1767 15000000 		.4byte	.LASF316
 4075 176b 12       		.byte	0x12
 4076 176c 74       		.byte	0x74
 4077 176d 22170000 		.4byte	0x1722
 4078 1771 0E       		.uleb128 0xe
 4079 1772 04       		.byte	0x4
 4080 1773 13       		.byte	0x13
 4081 1774 38       		.byte	0x38
 4082 1775 86170000 		.4byte	0x1786
 4083 1779 0F       		.uleb128 0xf
 4084 177a 8D1F0000 		.4byte	.LASF317
 4085 177e 13       		.byte	0x13
 4086 177f 3C       		.byte	0x3c
 4087 1780 AE090000 		.4byte	0x9ae
 4088 1784 00       		.byte	0
 4089 1785 00       		.byte	0
 4090 1786 03       		.uleb128 0x3
 4091 1787 0A050000 		.4byte	.LASF318
 4092 178b 13       		.byte	0x13
 4093 178c 3D       		.byte	0x3d
 4094 178d 71170000 		.4byte	0x1771
 4095 1791 0E       		.uleb128 0xe
 4096 1792 18       		.byte	0x18
 4097 1793 13       		.byte	0x13
 4098 1794 48       		.byte	0x48
ARM GAS  /tmp/cc1HOfrl.s 			page 73


 4099 1795 D4170000 		.4byte	0x17d4
 4100 1799 0F       		.uleb128 0xf
 4101 179a FA060000 		.4byte	.LASF319
 4102 179e 13       		.byte	0x13
 4103 179f 49       		.byte	0x49
 4104 17a0 AE090000 		.4byte	0x9ae
 4105 17a4 00       		.byte	0
 4106 17a5 0F       		.uleb128 0xf
 4107 17a6 57010000 		.4byte	.LASF320
 4108 17aa 13       		.byte	0x13
 4109 17ab 4A       		.byte	0x4a
 4110 17ac AE090000 		.4byte	0x9ae
 4111 17b0 04       		.byte	0x4
 4112 17b1 0F       		.uleb128 0xf
 4113 17b2 A0180000 		.4byte	.LASF321
 4114 17b6 13       		.byte	0x13
 4115 17b7 4B       		.byte	0x4b
 4116 17b8 AE090000 		.4byte	0x9ae
 4117 17bc 08       		.byte	0x8
 4118 17bd 11       		.uleb128 0x11
 4119 17be 6E00     		.ascii	"n\000"
 4120 17c0 13       		.byte	0x13
 4121 17c1 4C       		.byte	0x4c
 4122 17c2 270A0000 		.4byte	0xa27
 4123 17c6 0C       		.byte	0xc
 4124 17c7 0F       		.uleb128 0xf
 4125 17c8 44180000 		.4byte	.LASF322
 4126 17cc 13       		.byte	0x13
 4127 17cd 4D       		.byte	0x4d
 4128 17ce B9090000 		.4byte	0x9b9
 4129 17d2 10       		.byte	0x10
 4130 17d3 00       		.byte	0
 4131 17d4 03       		.uleb128 0x3
 4132 17d5 0D220000 		.4byte	.LASF323
 4133 17d9 13       		.byte	0x13
 4134 17da 4E       		.byte	0x4e
 4135 17db 91170000 		.4byte	0x1791
 4136 17df 0E       		.uleb128 0xe
 4137 17e0 38       		.byte	0x38
 4138 17e1 14       		.byte	0x14
 4139 17e2 38       		.byte	0x38
 4140 17e3 18180000 		.4byte	0x1818
 4141 17e7 0F       		.uleb128 0xf
 4142 17e8 40060000 		.4byte	.LASF324
 4143 17ec 14       		.byte	0x14
 4144 17ed 39       		.byte	0x39
 4145 17ee 270A0000 		.4byte	0xa27
 4146 17f2 00       		.byte	0
 4147 17f3 0F       		.uleb128 0xf
 4148 17f4 3F0A0000 		.4byte	.LASF325
 4149 17f8 14       		.byte	0x14
 4150 17f9 3A       		.byte	0x3a
 4151 17fa 270A0000 		.4byte	0xa27
 4152 17fe 04       		.byte	0x4
 4153 17ff 0F       		.uleb128 0xf
 4154 1800 97210000 		.4byte	.LASF326
 4155 1804 14       		.byte	0x14
ARM GAS  /tmp/cc1HOfrl.s 			page 74


 4156 1805 3B       		.byte	0x3b
 4157 1806 D4170000 		.4byte	0x17d4
 4158 180a 08       		.byte	0x8
 4159 180b 0F       		.uleb128 0xf
 4160 180c 80000000 		.4byte	.LASF327
 4161 1810 14       		.byte	0x14
 4162 1811 3D       		.byte	0x3d
 4163 1812 D4170000 		.4byte	0x17d4
 4164 1816 20       		.byte	0x20
 4165 1817 00       		.byte	0
 4166 1818 03       		.uleb128 0x3
 4167 1819 C6040000 		.4byte	.LASF328
 4168 181d 14       		.byte	0x14
 4169 181e 3F       		.byte	0x3f
 4170 181f DF170000 		.4byte	0x17df
 4171 1823 0A       		.uleb128 0xa
 4172 1824 04       		.byte	0x4
 4173 1825 0C       		.byte	0xc
 4174 1826 FA       		.byte	0xfa
 4175 1827 80180000 		.4byte	0x1880
 4176 182b 1E       		.uleb128 0x1e
 4177 182c 6A100000 		.4byte	.LASF329
 4178 1830 0C       		.byte	0xc
 4179 1831 0101     		.2byte	0x101
 4180 1833 FB090000 		.4byte	0x9fb
 4181 1837 1E       		.uleb128 0x1e
 4182 1838 9E070000 		.4byte	.LASF330
 4183 183c 0C       		.byte	0xc
 4184 183d 0801     		.2byte	0x108
 4185 183f FB090000 		.4byte	0x9fb
 4186 1843 1E       		.uleb128 0x1e
 4187 1844 A71C0000 		.4byte	.LASF331
 4188 1848 0C       		.byte	0xc
 4189 1849 0F01     		.2byte	0x10f
 4190 184b CF000000 		.4byte	0xcf
 4191 184f 1E       		.uleb128 0x1e
 4192 1850 65180000 		.4byte	.LASF332
 4193 1854 0C       		.byte	0xc
 4194 1855 1601     		.2byte	0x116
 4195 1857 80180000 		.4byte	0x1880
 4196 185b 1E       		.uleb128 0x1e
 4197 185c F3000000 		.4byte	.LASF333
 4198 1860 0C       		.byte	0xc
 4199 1861 1E01     		.2byte	0x11e
 4200 1863 AB180000 		.4byte	0x18ab
 4201 1867 1E       		.uleb128 0x1e
 4202 1868 EE1C0000 		.4byte	.LASF334
 4203 186c 0C       		.byte	0xc
 4204 186d 2701     		.2byte	0x127
 4205 186f EE180000 		.4byte	0x18ee
 4206 1873 1E       		.uleb128 0x1e
 4207 1874 16200000 		.4byte	.LASF335
 4208 1878 0C       		.byte	0xc
 4209 1879 2F01     		.2byte	0x12f
 4210 187b 060A0000 		.4byte	0xa06
 4211 187f 00       		.byte	0
 4212 1880 07       		.uleb128 0x7
ARM GAS  /tmp/cc1HOfrl.s 			page 75


 4213 1881 04       		.byte	0x4
 4214 1882 6B0B0000 		.4byte	0xb6b
 4215 1886 10       		.uleb128 0x10
 4216 1887 B6160000 		.4byte	.LASF336
 4217 188b 0C       		.byte	0xc
 4218 188c 15       		.byte	0x15
 4219 188d 34       		.byte	0x34
 4220 188e AB180000 		.4byte	0x18ab
 4221 1892 0F       		.uleb128 0xf
 4222 1893 8F210000 		.4byte	.LASF337
 4223 1897 15       		.byte	0x15
 4224 1898 35       		.byte	0x35
 4225 1899 A00B0000 		.4byte	0xba0
 4226 189d 00       		.byte	0
 4227 189e 0F       		.uleb128 0xf
 4228 189f 2E090000 		.4byte	.LASF338
 4229 18a3 15       		.byte	0x15
 4230 18a4 37       		.byte	0x37
 4231 18a5 1C0A0000 		.4byte	0xa1c
 4232 18a9 08       		.byte	0x8
 4233 18aa 00       		.byte	0
 4234 18ab 07       		.uleb128 0x7
 4235 18ac 04       		.byte	0x4
 4236 18ad 86180000 		.4byte	0x1886
 4237 18b1 10       		.uleb128 0x10
 4238 18b2 E40A0000 		.4byte	.LASF339
 4239 18b6 14       		.byte	0x14
 4240 18b7 16       		.byte	0x16
 4241 18b8 39       		.byte	0x39
 4242 18b9 EE180000 		.4byte	0x18ee
 4243 18bd 0F       		.uleb128 0xf
 4244 18be 2E130000 		.4byte	.LASF340
 4245 18c2 16       		.byte	0x16
 4246 18c3 3A       		.byte	0x3a
 4247 18c4 A00B0000 		.4byte	0xba0
 4248 18c8 00       		.byte	0
 4249 18c9 0F       		.uleb128 0xf
 4250 18ca B2150000 		.4byte	.LASF341
 4251 18ce 16       		.byte	0x16
 4252 18cf 3C       		.byte	0x3c
 4253 18d0 760B0000 		.4byte	0xb76
 4254 18d4 08       		.byte	0x8
 4255 18d5 0F       		.uleb128 0xf
 4256 18d6 A2010000 		.4byte	.LASF342
 4257 18da 16       		.byte	0x16
 4258 18db 3E       		.byte	0x3e
 4259 18dc 321A0000 		.4byte	0x1a32
 4260 18e0 0C       		.byte	0xc
 4261 18e1 0F       		.uleb128 0xf
 4262 18e2 34080000 		.4byte	.LASF343
 4263 18e6 16       		.byte	0x16
 4264 18e7 41       		.byte	0x41
 4265 18e8 1C0A0000 		.4byte	0xa1c
 4266 18ec 10       		.byte	0x10
 4267 18ed 00       		.byte	0
 4268 18ee 07       		.uleb128 0x7
 4269 18ef 04       		.byte	0x4
ARM GAS  /tmp/cc1HOfrl.s 			page 76


 4270 18f0 B1180000 		.4byte	0x18b1
 4271 18f4 07       		.uleb128 0x7
 4272 18f5 04       		.byte	0x4
 4273 18f6 73150000 		.4byte	0x1573
 4274 18fa 07       		.uleb128 0x7
 4275 18fb 04       		.byte	0x4
 4276 18fc 530C0000 		.4byte	0xc53
 4277 1900 0C       		.uleb128 0xc
 4278 1901 73150000 		.4byte	0x1573
 4279 1905 10190000 		.4byte	0x1910
 4280 1909 0D       		.uleb128 0xd
 4281 190a B6000000 		.4byte	0xb6
 4282 190e 30       		.byte	0x30
 4283 190f 00       		.byte	0
 4284 1910 2A       		.uleb128 0x2a
 4285 1911 636800   		.ascii	"ch\000"
 4286 1914 0C       		.byte	0xc
 4287 1915 0902     		.2byte	0x209
 4288 1917 480D0000 		.4byte	0xd48
 4289 191b 0E       		.uleb128 0xe
 4290 191c 16       		.byte	0x16
 4291 191d 17       		.byte	0x17
 4292 191e 34       		.byte	0x34
 4293 191f FC190000 		.4byte	0x19fc
 4294 1923 0F       		.uleb128 0xf
 4295 1924 CD210000 		.4byte	.LASF344
 4296 1928 17       		.byte	0x17
 4297 1929 35       		.byte	0x35
 4298 192a FC190000 		.4byte	0x19fc
 4299 192e 00       		.byte	0
 4300 192f 0F       		.uleb128 0xf
 4301 1930 DF230000 		.4byte	.LASF345
 4302 1934 17       		.byte	0x17
 4303 1935 36       		.byte	0x36
 4304 1936 F6080000 		.4byte	0x8f6
 4305 193a 04       		.byte	0x4
 4306 193b 0F       		.uleb128 0xf
 4307 193c E7020000 		.4byte	.LASF346
 4308 1940 17       		.byte	0x17
 4309 1941 37       		.byte	0x37
 4310 1942 F6080000 		.4byte	0x8f6
 4311 1946 05       		.byte	0x5
 4312 1947 0F       		.uleb128 0xf
 4313 1948 0A160000 		.4byte	.LASF347
 4314 194c 17       		.byte	0x17
 4315 194d 38       		.byte	0x38
 4316 194e 11090000 		.4byte	0x911
 4317 1952 06       		.byte	0x6
 4318 1953 0F       		.uleb128 0xf
 4319 1954 27000000 		.4byte	.LASF348
 4320 1958 17       		.byte	0x17
 4321 1959 39       		.byte	0x39
 4322 195a F6080000 		.4byte	0x8f6
 4323 195e 08       		.byte	0x8
 4324 195f 0F       		.uleb128 0xf
 4325 1960 07140000 		.4byte	.LASF349
 4326 1964 17       		.byte	0x17
ARM GAS  /tmp/cc1HOfrl.s 			page 77


 4327 1965 3A       		.byte	0x3a
 4328 1966 F6080000 		.4byte	0x8f6
 4329 196a 09       		.byte	0x9
 4330 196b 0F       		.uleb128 0xf
 4331 196c FF230000 		.4byte	.LASF350
 4332 1970 17       		.byte	0x17
 4333 1971 3B       		.byte	0x3b
 4334 1972 F6080000 		.4byte	0x8f6
 4335 1976 0A       		.byte	0xa
 4336 1977 0F       		.uleb128 0xf
 4337 1978 F9210000 		.4byte	.LASF351
 4338 197c 17       		.byte	0x17
 4339 197d 3C       		.byte	0x3c
 4340 197e F6080000 		.4byte	0x8f6
 4341 1982 0B       		.byte	0xb
 4342 1983 0F       		.uleb128 0xf
 4343 1984 33210000 		.4byte	.LASF352
 4344 1988 17       		.byte	0x17
 4345 1989 3D       		.byte	0x3d
 4346 198a F6080000 		.4byte	0x8f6
 4347 198e 0C       		.byte	0xc
 4348 198f 0F       		.uleb128 0xf
 4349 1990 2A0B0000 		.4byte	.LASF353
 4350 1994 17       		.byte	0x17
 4351 1995 3E       		.byte	0x3e
 4352 1996 F6080000 		.4byte	0x8f6
 4353 199a 0D       		.byte	0xd
 4354 199b 0F       		.uleb128 0xf
 4355 199c 5E050000 		.4byte	.LASF354
 4356 19a0 17       		.byte	0x17
 4357 19a1 3F       		.byte	0x3f
 4358 19a2 F6080000 		.4byte	0x8f6
 4359 19a6 0E       		.byte	0xe
 4360 19a7 0F       		.uleb128 0xf
 4361 19a8 CE0C0000 		.4byte	.LASF355
 4362 19ac 17       		.byte	0x17
 4363 19ad 40       		.byte	0x40
 4364 19ae F6080000 		.4byte	0x8f6
 4365 19b2 0F       		.byte	0xf
 4366 19b3 0F       		.uleb128 0xf
 4367 19b4 830E0000 		.4byte	.LASF356
 4368 19b8 17       		.byte	0x17
 4369 19b9 41       		.byte	0x41
 4370 19ba F6080000 		.4byte	0x8f6
 4371 19be 10       		.byte	0x10
 4372 19bf 0F       		.uleb128 0xf
 4373 19c0 A5150000 		.4byte	.LASF357
 4374 19c4 17       		.byte	0x17
 4375 19c5 43       		.byte	0x43
 4376 19c6 F6080000 		.4byte	0x8f6
 4377 19ca 11       		.byte	0x11
 4378 19cb 0F       		.uleb128 0xf
 4379 19cc B6020000 		.4byte	.LASF358
 4380 19d0 17       		.byte	0x17
 4381 19d1 44       		.byte	0x44
 4382 19d2 F6080000 		.4byte	0x8f6
 4383 19d6 12       		.byte	0x12
ARM GAS  /tmp/cc1HOfrl.s 			page 78


 4384 19d7 0F       		.uleb128 0xf
 4385 19d8 85150000 		.4byte	.LASF359
 4386 19dc 17       		.byte	0x17
 4387 19dd 45       		.byte	0x45
 4388 19de F6080000 		.4byte	0x8f6
 4389 19e2 13       		.byte	0x13
 4390 19e3 0F       		.uleb128 0xf
 4391 19e4 D31B0000 		.4byte	.LASF360
 4392 19e8 17       		.byte	0x17
 4393 19e9 46       		.byte	0x46
 4394 19ea F6080000 		.4byte	0x8f6
 4395 19ee 14       		.byte	0x14
 4396 19ef 0F       		.uleb128 0xf
 4397 19f0 D1000000 		.4byte	.LASF361
 4398 19f4 17       		.byte	0x17
 4399 19f5 48       		.byte	0x48
 4400 19f6 F6080000 		.4byte	0x8f6
 4401 19fa 15       		.byte	0x15
 4402 19fb 00       		.byte	0
 4403 19fc 0C       		.uleb128 0xc
 4404 19fd BD050000 		.4byte	0x5bd
 4405 1a01 0C1A0000 		.4byte	0x1a0c
 4406 1a05 0D       		.uleb128 0xd
 4407 1a06 B6000000 		.4byte	0xb6
 4408 1a0a 03       		.byte	0x3
 4409 1a0b 00       		.byte	0
 4410 1a0c 03       		.uleb128 0x3
 4411 1a0d AC130000 		.4byte	.LASF362
 4412 1a11 17       		.byte	0x17
 4413 1a12 49       		.byte	0x49
 4414 1a13 1B190000 		.4byte	0x191b
 4415 1a17 05       		.uleb128 0x5
 4416 1a18 0C1A0000 		.4byte	0x1a0c
 4417 1a1c 22       		.uleb128 0x22
 4418 1a1d 480A0000 		.4byte	.LASF363
 4419 1a21 17       		.byte	0x17
 4420 1a22 6E       		.byte	0x6e
 4421 1a23 171A0000 		.4byte	0x1a17
 4422 1a27 03       		.uleb128 0x3
 4423 1a28 271E0000 		.4byte	.LASF364
 4424 1a2c 16       		.byte	0x16
 4425 1a2d 34       		.byte	0x34
 4426 1a2e B1180000 		.4byte	0x18b1
 4427 1a32 07       		.uleb128 0x7
 4428 1a33 04       		.byte	0x4
 4429 1a34 271A0000 		.4byte	0x1a27
 4430 1a38 10       		.uleb128 0x10
 4431 1a39 F4050000 		.4byte	.LASF365
 4432 1a3d 08       		.byte	0x8
 4433 1a3e 18       		.byte	0x18
 4434 1a3f 3B       		.byte	0x3b
 4435 1a40 511A0000 		.4byte	0x1a51
 4436 1a44 0F       		.uleb128 0xf
 4437 1a45 72010000 		.4byte	.LASF366
 4438 1a49 18       		.byte	0x18
 4439 1a4a 3C       		.byte	0x3c
 4440 1a4b A00B0000 		.4byte	0xba0
ARM GAS  /tmp/cc1HOfrl.s 			page 79


 4441 1a4f 00       		.byte	0
 4442 1a50 00       		.byte	0
 4443 1a51 03       		.uleb128 0x3
 4444 1a52 BC000000 		.4byte	.LASF367
 4445 1a56 18       		.byte	0x18
 4446 1a57 3E       		.byte	0x3e
 4447 1a58 381A0000 		.4byte	0x1a38
 4448 1a5c 03       		.uleb128 0x3
 4449 1a5d 970A0000 		.4byte	.LASF368
 4450 1a61 19       		.byte	0x19
 4451 1a62 34       		.byte	0x34
 4452 1a63 671A0000 		.4byte	0x1a67
 4453 1a67 10       		.uleb128 0x10
 4454 1a68 69240000 		.4byte	.LASF369
 4455 1a6c 14       		.byte	0x14
 4456 1a6d 19       		.byte	0x19
 4457 1a6e 39       		.byte	0x39
 4458 1a6f B01A0000 		.4byte	0x1ab0
 4459 1a73 0F       		.uleb128 0xf
 4460 1a74 2D020000 		.4byte	.LASF370
 4461 1a78 19       		.byte	0x19
 4462 1a79 3A       		.byte	0x3a
 4463 1a7a B01A0000 		.4byte	0x1ab0
 4464 1a7e 00       		.byte	0
 4465 1a7f 0F       		.uleb128 0xf
 4466 1a80 001F0000 		.4byte	.LASF371
 4467 1a84 19       		.byte	0x19
 4468 1a85 3D       		.byte	0x3d
 4469 1a86 760B0000 		.4byte	0xb76
 4470 1a8a 04       		.byte	0x4
 4471 1a8b 0F       		.uleb128 0xf
 4472 1a8c 3D030000 		.4byte	.LASF372
 4473 1a90 19       		.byte	0x19
 4474 1a91 3F       		.byte	0x3f
 4475 1a92 060A0000 		.4byte	0xa06
 4476 1a96 08       		.byte	0x8
 4477 1a97 0F       		.uleb128 0xf
 4478 1a98 1D200000 		.4byte	.LASF373
 4479 1a9c 19       		.byte	0x19
 4480 1a9d 41       		.byte	0x41
 4481 1a9e 110A0000 		.4byte	0xa11
 4482 1aa2 0C       		.byte	0xc
 4483 1aa3 0F       		.uleb128 0xf
 4484 1aa4 070D0000 		.4byte	.LASF374
 4485 1aa8 19       		.byte	0x19
 4486 1aa9 43       		.byte	0x43
 4487 1aaa 110A0000 		.4byte	0xa11
 4488 1aae 10       		.byte	0x10
 4489 1aaf 00       		.byte	0
 4490 1ab0 07       		.uleb128 0x7
 4491 1ab1 04       		.byte	0x4
 4492 1ab2 5C1A0000 		.4byte	0x1a5c
 4493 1ab6 10       		.uleb128 0x10
 4494 1ab7 33200000 		.4byte	.LASF375
 4495 1abb 04       		.byte	0x4
 4496 1abc 19       		.byte	0x19
 4497 1abd 4A       		.byte	0x4a
ARM GAS  /tmp/cc1HOfrl.s 			page 80


 4498 1abe CF1A0000 		.4byte	0x1acf
 4499 1ac2 0F       		.uleb128 0xf
 4500 1ac3 A61F0000 		.4byte	.LASF376
 4501 1ac7 19       		.byte	0x19
 4502 1ac8 4B       		.byte	0x4b
 4503 1ac9 B01A0000 		.4byte	0x1ab0
 4504 1acd 00       		.byte	0
 4505 1ace 00       		.byte	0
 4506 1acf 03       		.uleb128 0x3
 4507 1ad0 23140000 		.4byte	.LASF377
 4508 1ad4 19       		.byte	0x19
 4509 1ad5 4E       		.byte	0x4e
 4510 1ad6 B61A0000 		.4byte	0x1ab6
 4511 1ada 03       		.uleb128 0x3
 4512 1adb 470D0000 		.4byte	.LASF378
 4513 1adf 1A       		.byte	0x1a
 4514 1ae0 3F       		.byte	0x3f
 4515 1ae1 E51A0000 		.4byte	0x1ae5
 4516 1ae5 10       		.uleb128 0x10
 4517 1ae6 F8100000 		.4byte	.LASF379
 4518 1aea 24       		.byte	0x24
 4519 1aeb 1A       		.byte	0x1a
 4520 1aec 4D       		.byte	0x4d
 4521 1aed 521B0000 		.4byte	0x1b52
 4522 1af1 0F       		.uleb128 0xf
 4523 1af2 D5040000 		.4byte	.LASF380
 4524 1af6 1A       		.byte	0x1a
 4525 1af7 4E       		.byte	0x4e
 4526 1af8 A00B0000 		.4byte	0xba0
 4527 1afc 00       		.byte	0
 4528 1afd 0F       		.uleb128 0xf
 4529 1afe E7170000 		.4byte	.LASF381
 4530 1b02 1A       		.byte	0x1a
 4531 1b03 4F       		.byte	0x4f
 4532 1b04 BD000000 		.4byte	0xbd
 4533 1b08 08       		.byte	0x8
 4534 1b09 0F       		.uleb128 0xf
 4535 1b0a CC110000 		.4byte	.LASF382
 4536 1b0e 1A       		.byte	0x1a
 4537 1b0f 50       		.byte	0x50
 4538 1b10 741B0000 		.4byte	0x1b74
 4539 1b14 0C       		.byte	0xc
 4540 1b15 0F       		.uleb128 0xf
 4541 1b16 2A040000 		.4byte	.LASF383
 4542 1b1a 1A       		.byte	0x1a
 4543 1b1b 51       		.byte	0x51
 4544 1b1c 741B0000 		.4byte	0x1b74
 4545 1b20 10       		.byte	0x10
 4546 1b21 0F       		.uleb128 0xf
 4547 1b22 87190000 		.4byte	.LASF384
 4548 1b26 1A       		.byte	0x1a
 4549 1b27 53       		.byte	0x53
 4550 1b28 741B0000 		.4byte	0x1b74
 4551 1b2c 14       		.byte	0x14
 4552 1b2d 0F       		.uleb128 0xf
 4553 1b2e 6B180000 		.4byte	.LASF385
 4554 1b32 1A       		.byte	0x1a
ARM GAS  /tmp/cc1HOfrl.s 			page 81


 4555 1b33 54       		.byte	0x54
 4556 1b34 741B0000 		.4byte	0x1b74
 4557 1b38 18       		.byte	0x18
 4558 1b39 0F       		.uleb128 0xf
 4559 1b3a E51C0000 		.4byte	.LASF386
 4560 1b3e 1A       		.byte	0x1a
 4561 1b3f 55       		.byte	0x55
 4562 1b40 521B0000 		.4byte	0x1b52
 4563 1b44 1C       		.byte	0x1c
 4564 1b45 0F       		.uleb128 0xf
 4565 1b46 641A0000 		.4byte	.LASF387
 4566 1b4a 1A       		.byte	0x1a
 4567 1b4b 56       		.byte	0x56
 4568 1b4c CF000000 		.4byte	0xcf
 4569 1b50 20       		.byte	0x20
 4570 1b51 00       		.byte	0
 4571 1b52 03       		.uleb128 0x3
 4572 1b53 E0030000 		.4byte	.LASF388
 4573 1b57 1A       		.byte	0x1a
 4574 1b58 42       		.byte	0x42
 4575 1b59 5D1B0000 		.4byte	0x1b5d
 4576 1b5d 07       		.uleb128 0x7
 4577 1b5e 04       		.byte	0x4
 4578 1b5f 631B0000 		.4byte	0x1b63
 4579 1b63 1F       		.uleb128 0x1f
 4580 1b64 6E1B0000 		.4byte	0x1b6e
 4581 1b68 16       		.uleb128 0x16
 4582 1b69 6E1B0000 		.4byte	0x1b6e
 4583 1b6d 00       		.byte	0
 4584 1b6e 07       		.uleb128 0x7
 4585 1b6f 04       		.byte	0x4
 4586 1b70 DA1A0000 		.4byte	0x1ada
 4587 1b74 07       		.uleb128 0x7
 4588 1b75 04       		.byte	0x4
 4589 1b76 F6080000 		.4byte	0x8f6
 4590 1b7a 03       		.uleb128 0x3
 4591 1b7b 1B050000 		.4byte	.LASF389
 4592 1b7f 1A       		.byte	0x1a
 4593 1b80 64       		.byte	0x64
 4594 1b81 DA1A0000 		.4byte	0x1ada
 4595 1b85 03       		.uleb128 0x3
 4596 1b86 AC240000 		.4byte	.LASF390
 4597 1b8a 1A       		.byte	0x1a
 4598 1b8b 71       		.byte	0x71
 4599 1b8c DA1A0000 		.4byte	0x1ada
 4600 1b90 15       		.uleb128 0x15
 4601 1b91 BD000000 		.4byte	0xbd
 4602 1b95 A91B0000 		.4byte	0x1ba9
 4603 1b99 16       		.uleb128 0x16
 4604 1b9a CF000000 		.4byte	0xcf
 4605 1b9e 16       		.uleb128 0x16
 4606 1b9f A91B0000 		.4byte	0x1ba9
 4607 1ba3 16       		.uleb128 0x16
 4608 1ba4 BD000000 		.4byte	0xbd
 4609 1ba8 00       		.byte	0
 4610 1ba9 07       		.uleb128 0x7
 4611 1baa 04       		.byte	0x4
ARM GAS  /tmp/cc1HOfrl.s 			page 82


 4612 1bab 01090000 		.4byte	0x901
 4613 1baf 07       		.uleb128 0x7
 4614 1bb0 04       		.byte	0x4
 4615 1bb1 901B0000 		.4byte	0x1b90
 4616 1bb5 15       		.uleb128 0x15
 4617 1bb6 BD000000 		.4byte	0xbd
 4618 1bba CE1B0000 		.4byte	0x1bce
 4619 1bbe 16       		.uleb128 0x16
 4620 1bbf CF000000 		.4byte	0xcf
 4621 1bc3 16       		.uleb128 0x16
 4622 1bc4 741B0000 		.4byte	0x1b74
 4623 1bc8 16       		.uleb128 0x16
 4624 1bc9 BD000000 		.4byte	0xbd
 4625 1bcd 00       		.byte	0
 4626 1bce 07       		.uleb128 0x7
 4627 1bcf 04       		.byte	0x4
 4628 1bd0 B51B0000 		.4byte	0x1bb5
 4629 1bd4 15       		.uleb128 0x15
 4630 1bd5 FB090000 		.4byte	0x9fb
 4631 1bd9 E81B0000 		.4byte	0x1be8
 4632 1bdd 16       		.uleb128 0x16
 4633 1bde CF000000 		.4byte	0xcf
 4634 1be2 16       		.uleb128 0x16
 4635 1be3 F6080000 		.4byte	0x8f6
 4636 1be7 00       		.byte	0
 4637 1be8 07       		.uleb128 0x7
 4638 1be9 04       		.byte	0x4
 4639 1bea D41B0000 		.4byte	0x1bd4
 4640 1bee 15       		.uleb128 0x15
 4641 1bef FB090000 		.4byte	0x9fb
 4642 1bf3 FD1B0000 		.4byte	0x1bfd
 4643 1bf7 16       		.uleb128 0x16
 4644 1bf8 CF000000 		.4byte	0xcf
 4645 1bfc 00       		.byte	0
 4646 1bfd 07       		.uleb128 0x7
 4647 1bfe 04       		.byte	0x4
 4648 1bff EE1B0000 		.4byte	0x1bee
 4649 1c03 0E       		.uleb128 0xe
 4650 1c04 0C       		.byte	0xc
 4651 1c05 1B       		.byte	0x1b
 4652 1c06 DA       		.byte	0xda
 4653 1c07 481C0000 		.4byte	0x1c48
 4654 1c0b 0F       		.uleb128 0xf
 4655 1c0c 50240000 		.4byte	.LASF391
 4656 1c10 1B       		.byte	0x1b
 4657 1c11 DB       		.byte	0xdb
 4658 1c12 481C0000 		.4byte	0x1c48
 4659 1c16 00       		.byte	0
 4660 1c17 0F       		.uleb128 0xf
 4661 1c18 45100000 		.4byte	.LASF392
 4662 1c1c 1B       		.byte	0x1b
 4663 1c1d DC       		.byte	0xdc
 4664 1c1e 4E1C0000 		.4byte	0x1c4e
 4665 1c22 04       		.byte	0x4
 4666 1c23 0F       		.uleb128 0xf
 4667 1c24 0E040000 		.4byte	.LASF393
 4668 1c28 1B       		.byte	0x1b
ARM GAS  /tmp/cc1HOfrl.s 			page 83


 4669 1c29 DD       		.byte	0xdd
 4670 1c2a F6080000 		.4byte	0x8f6
 4671 1c2e 08       		.byte	0x8
 4672 1c2f 0F       		.uleb128 0xf
 4673 1c30 1D1E0000 		.4byte	.LASF394
 4674 1c34 1B       		.byte	0x1b
 4675 1c35 DF       		.byte	0xdf
 4676 1c36 F6080000 		.4byte	0x8f6
 4677 1c3a 09       		.byte	0x9
 4678 1c3b 0F       		.uleb128 0xf
 4679 1c3c 75030000 		.4byte	.LASF395
 4680 1c40 1B       		.byte	0x1b
 4681 1c41 E0       		.byte	0xe0
 4682 1c42 F6080000 		.4byte	0x8f6
 4683 1c46 0A       		.byte	0xa
 4684 1c47 00       		.byte	0
 4685 1c48 07       		.uleb128 0x7
 4686 1c49 04       		.byte	0x4
 4687 1c4a 64120000 		.4byte	0x1264
 4688 1c4e 07       		.uleb128 0x7
 4689 1c4f 04       		.byte	0x4
 4690 1c50 37090000 		.4byte	0x937
 4691 1c54 03       		.uleb128 0x3
 4692 1c55 C1120000 		.4byte	.LASF396
 4693 1c59 1B       		.byte	0x1b
 4694 1c5a E1       		.byte	0xe1
 4695 1c5b 031C0000 		.4byte	0x1c03
 4696 1c5f 05       		.uleb128 0x5
 4697 1c60 541C0000 		.4byte	0x1c54
 4698 1c64 0C       		.uleb128 0xc
 4699 1c65 5F1C0000 		.4byte	0x1c5f
 4700 1c69 741C0000 		.4byte	0x1c74
 4701 1c6d 0D       		.uleb128 0xd
 4702 1c6e B6000000 		.4byte	0xb6
 4703 1c72 0F       		.byte	0xf
 4704 1c73 00       		.byte	0
 4705 1c74 05       		.uleb128 0x5
 4706 1c75 641C0000 		.4byte	0x1c64
 4707 1c79 20       		.uleb128 0x20
 4708 1c7a DE1A0000 		.4byte	.LASF397
 4709 1c7e 1B       		.byte	0x1b
 4710 1c7f BB01     		.2byte	0x1bb
 4711 1c81 741C0000 		.4byte	0x1c74
 4712 1c85 15       		.uleb128 0x15
 4713 1c86 FB090000 		.4byte	0x9fb
 4714 1c8a 9E1C0000 		.4byte	0x1c9e
 4715 1c8e 16       		.uleb128 0x16
 4716 1c8f CF000000 		.4byte	0xcf
 4717 1c93 16       		.uleb128 0x16
 4718 1c94 F6080000 		.4byte	0x8f6
 4719 1c98 16       		.uleb128 0x16
 4720 1c99 320A0000 		.4byte	0xa32
 4721 1c9d 00       		.byte	0
 4722 1c9e 07       		.uleb128 0x7
 4723 1c9f 04       		.byte	0x4
 4724 1ca0 851C0000 		.4byte	0x1c85
 4725 1ca4 15       		.uleb128 0x15
ARM GAS  /tmp/cc1HOfrl.s 			page 84


 4726 1ca5 FB090000 		.4byte	0x9fb
 4727 1ca9 B81C0000 		.4byte	0x1cb8
 4728 1cad 16       		.uleb128 0x16
 4729 1cae CF000000 		.4byte	0xcf
 4730 1cb2 16       		.uleb128 0x16
 4731 1cb3 320A0000 		.4byte	0xa32
 4732 1cb7 00       		.byte	0
 4733 1cb8 07       		.uleb128 0x7
 4734 1cb9 04       		.byte	0x4
 4735 1cba A41C0000 		.4byte	0x1ca4
 4736 1cbe 15       		.uleb128 0x15
 4737 1cbf BD000000 		.4byte	0xbd
 4738 1cc3 DC1C0000 		.4byte	0x1cdc
 4739 1cc7 16       		.uleb128 0x16
 4740 1cc8 CF000000 		.4byte	0xcf
 4741 1ccc 16       		.uleb128 0x16
 4742 1ccd A91B0000 		.4byte	0x1ba9
 4743 1cd1 16       		.uleb128 0x16
 4744 1cd2 BD000000 		.4byte	0xbd
 4745 1cd6 16       		.uleb128 0x16
 4746 1cd7 320A0000 		.4byte	0xa32
 4747 1cdb 00       		.byte	0
 4748 1cdc 07       		.uleb128 0x7
 4749 1cdd 04       		.byte	0x4
 4750 1cde BE1C0000 		.4byte	0x1cbe
 4751 1ce2 15       		.uleb128 0x15
 4752 1ce3 BD000000 		.4byte	0xbd
 4753 1ce7 001D0000 		.4byte	0x1d00
 4754 1ceb 16       		.uleb128 0x16
 4755 1cec CF000000 		.4byte	0xcf
 4756 1cf0 16       		.uleb128 0x16
 4757 1cf1 741B0000 		.4byte	0x1b74
 4758 1cf5 16       		.uleb128 0x16
 4759 1cf6 BD000000 		.4byte	0xbd
 4760 1cfa 16       		.uleb128 0x16
 4761 1cfb 320A0000 		.4byte	0xa32
 4762 1cff 00       		.byte	0
 4763 1d00 07       		.uleb128 0x7
 4764 1d01 04       		.byte	0x4
 4765 1d02 E21C0000 		.4byte	0x1ce2
 4766 1d06 2B       		.uleb128 0x2b
 4767 1d07 07       		.byte	0x7
 4768 1d08 01       		.byte	0x1
 4769 1d09 37000000 		.4byte	0x37
 4770 1d0d 1C       		.byte	0x1c
 4771 1d0e 28       		.byte	0x28
 4772 1d0f 4A1D0000 		.4byte	0x1d4a
 4773 1d13 25       		.uleb128 0x25
 4774 1d14 3B010000 		.4byte	.LASF398
 4775 1d18 00       		.byte	0
 4776 1d19 25       		.uleb128 0x25
 4777 1d1a F40D0000 		.4byte	.LASF399
 4778 1d1e 01       		.byte	0x1
 4779 1d1f 25       		.uleb128 0x25
 4780 1d20 820A0000 		.4byte	.LASF400
 4781 1d24 02       		.byte	0x2
 4782 1d25 25       		.uleb128 0x25
ARM GAS  /tmp/cc1HOfrl.s 			page 85


 4783 1d26 351C0000 		.4byte	.LASF401
 4784 1d2a 03       		.byte	0x3
 4785 1d2b 25       		.uleb128 0x25
 4786 1d2c 4C230000 		.4byte	.LASF402
 4787 1d30 04       		.byte	0x4
 4788 1d31 25       		.uleb128 0x25
 4789 1d32 31070000 		.4byte	.LASF403
 4790 1d36 05       		.byte	0x5
 4791 1d37 25       		.uleb128 0x25
 4792 1d38 FD1D0000 		.4byte	.LASF404
 4793 1d3c 06       		.byte	0x6
 4794 1d3d 25       		.uleb128 0x25
 4795 1d3e D0180000 		.4byte	.LASF405
 4796 1d42 07       		.byte	0x7
 4797 1d43 25       		.uleb128 0x25
 4798 1d44 11230000 		.4byte	.LASF406
 4799 1d48 08       		.byte	0x8
 4800 1d49 00       		.byte	0
 4801 1d4a 03       		.uleb128 0x3
 4802 1d4b 1F170000 		.4byte	.LASF407
 4803 1d4f 1C       		.byte	0x1c
 4804 1d50 32       		.byte	0x32
 4805 1d51 061D0000 		.4byte	0x1d06
 4806 1d55 0E       		.uleb128 0xe
 4807 1d56 08       		.byte	0x8
 4808 1d57 1C       		.byte	0x1c
 4809 1d58 37       		.byte	0x37
 4810 1d59 761D0000 		.4byte	0x1d76
 4811 1d5d 0F       		.uleb128 0xf
 4812 1d5e BD060000 		.4byte	.LASF408
 4813 1d62 1C       		.byte	0x1c
 4814 1d63 38       		.byte	0x38
 4815 1d64 2C090000 		.4byte	0x92c
 4816 1d68 00       		.byte	0
 4817 1d69 0F       		.uleb128 0xf
 4818 1d6a 471D0000 		.4byte	.LASF409
 4819 1d6e 1C       		.byte	0x1c
 4820 1d6f 39       		.byte	0x39
 4821 1d70 2C090000 		.4byte	0x92c
 4822 1d74 04       		.byte	0x4
 4823 1d75 00       		.byte	0
 4824 1d76 03       		.uleb128 0x3
 4825 1d77 591F0000 		.4byte	.LASF410
 4826 1d7b 1C       		.byte	0x1c
 4827 1d7c 3A       		.byte	0x3a
 4828 1d7d 551D0000 		.4byte	0x1d55
 4829 1d81 15       		.uleb128 0x15
 4830 1d82 901D0000 		.4byte	0x1d90
 4831 1d86 901D0000 		.4byte	0x1d90
 4832 1d8a 16       		.uleb128 0x16
 4833 1d8b CF000000 		.4byte	0xcf
 4834 1d8f 00       		.byte	0
 4835 1d90 02       		.uleb128 0x2
 4836 1d91 01       		.byte	0x1
 4837 1d92 02       		.byte	0x2
 4838 1d93 FA000000 		.4byte	.LASF411
 4839 1d97 07       		.uleb128 0x7
ARM GAS  /tmp/cc1HOfrl.s 			page 86


 4840 1d98 04       		.byte	0x4
 4841 1d99 811D0000 		.4byte	0x1d81
 4842 1d9d 15       		.uleb128 0x15
 4843 1d9e 901D0000 		.4byte	0x1d90
 4844 1da2 BB1D0000 		.4byte	0x1dbb
 4845 1da6 16       		.uleb128 0x16
 4846 1da7 CF000000 		.4byte	0xcf
 4847 1dab 16       		.uleb128 0x16
 4848 1dac 2C090000 		.4byte	0x92c
 4849 1db0 16       		.uleb128 0x16
 4850 1db1 741B0000 		.4byte	0x1b74
 4851 1db5 16       		.uleb128 0x16
 4852 1db6 2C090000 		.4byte	0x92c
 4853 1dba 00       		.byte	0
 4854 1dbb 07       		.uleb128 0x7
 4855 1dbc 04       		.byte	0x4
 4856 1dbd 9D1D0000 		.4byte	0x1d9d
 4857 1dc1 15       		.uleb128 0x15
 4858 1dc2 901D0000 		.4byte	0x1d90
 4859 1dc6 DF1D0000 		.4byte	0x1ddf
 4860 1dca 16       		.uleb128 0x16
 4861 1dcb CF000000 		.4byte	0xcf
 4862 1dcf 16       		.uleb128 0x16
 4863 1dd0 2C090000 		.4byte	0x92c
 4864 1dd4 16       		.uleb128 0x16
 4865 1dd5 A91B0000 		.4byte	0x1ba9
 4866 1dd9 16       		.uleb128 0x16
 4867 1dda 2C090000 		.4byte	0x92c
 4868 1dde 00       		.byte	0
 4869 1ddf 07       		.uleb128 0x7
 4870 1de0 04       		.byte	0x4
 4871 1de1 C11D0000 		.4byte	0x1dc1
 4872 1de5 15       		.uleb128 0x15
 4873 1de6 901D0000 		.4byte	0x1d90
 4874 1dea F91D0000 		.4byte	0x1df9
 4875 1dee 16       		.uleb128 0x16
 4876 1def CF000000 		.4byte	0xcf
 4877 1df3 16       		.uleb128 0x16
 4878 1df4 F91D0000 		.4byte	0x1df9
 4879 1df8 00       		.byte	0
 4880 1df9 07       		.uleb128 0x7
 4881 1dfa 04       		.byte	0x4
 4882 1dfb 761D0000 		.4byte	0x1d76
 4883 1dff 07       		.uleb128 0x7
 4884 1e00 04       		.byte	0x4
 4885 1e01 E51D0000 		.4byte	0x1de5
 4886 1e05 0C       		.uleb128 0xc
 4887 1e06 2C090000 		.4byte	0x92c
 4888 1e0a 151E0000 		.4byte	0x1e15
 4889 1e0e 0D       		.uleb128 0xd
 4890 1e0f B6000000 		.4byte	0xb6
 4891 1e13 03       		.byte	0x3
 4892 1e14 00       		.byte	0
 4893 1e15 0E       		.uleb128 0xe
 4894 1e16 04       		.byte	0x4
 4895 1e17 1D       		.byte	0x1d
 4896 1e18 B3       		.byte	0xb3
ARM GAS  /tmp/cc1HOfrl.s 			page 87


 4897 1e19 361E0000 		.4byte	0x1e36
 4898 1e1d 11       		.uleb128 0x11
 4899 1e1e 73657400 		.ascii	"set\000"
 4900 1e22 1D       		.byte	0x1d
 4901 1e23 B4       		.byte	0xb4
 4902 1e24 11090000 		.4byte	0x911
 4903 1e28 00       		.byte	0
 4904 1e29 0F       		.uleb128 0xf
 4905 1e2a 140C0000 		.4byte	.LASF412
 4906 1e2e 1D       		.byte	0x1d
 4907 1e2f B5       		.byte	0xb5
 4908 1e30 11090000 		.4byte	0x911
 4909 1e34 02       		.byte	0x2
 4910 1e35 00       		.byte	0
 4911 1e36 0A       		.uleb128 0xa
 4912 1e37 04       		.byte	0x4
 4913 1e38 1D       		.byte	0x1d
 4914 1e39 B1       		.byte	0xb1
 4915 1e3a 511E0000 		.4byte	0x1e51
 4916 1e3e 2C       		.uleb128 0x2c
 4917 1e3f 5700     		.ascii	"W\000"
 4918 1e41 1D       		.byte	0x1d
 4919 1e42 B2       		.byte	0xb2
 4920 1e43 2C090000 		.4byte	0x92c
 4921 1e47 2C       		.uleb128 0x2c
 4922 1e48 4800     		.ascii	"H\000"
 4923 1e4a 1D       		.byte	0x1d
 4924 1e4b B6       		.byte	0xb6
 4925 1e4c 151E0000 		.4byte	0x1e15
 4926 1e50 00       		.byte	0
 4927 1e51 1A       		.uleb128 0x1a
 4928 1e52 361E0000 		.4byte	0x1e36
 4929 1e56 0E       		.uleb128 0xe
 4930 1e57 2C       		.byte	0x2c
 4931 1e58 1D       		.byte	0x1d
 4932 1e59 A9       		.byte	0xa9
 4933 1e5a E31E0000 		.4byte	0x1ee3
 4934 1e5e 0F       		.uleb128 0xf
 4935 1e5f 3F1E0000 		.4byte	.LASF413
 4936 1e63 1D       		.byte	0x1d
 4937 1e64 AB       		.byte	0xab
 4938 1e65 37090000 		.4byte	0x937
 4939 1e69 00       		.byte	0
 4940 1e6a 0F       		.uleb128 0xf
 4941 1e6b FE020000 		.4byte	.LASF414
 4942 1e6f 1D       		.byte	0x1d
 4943 1e70 AC       		.byte	0xac
 4944 1e71 37090000 		.4byte	0x937
 4945 1e75 04       		.byte	0x4
 4946 1e76 0F       		.uleb128 0xf
 4947 1e77 AF0D0000 		.4byte	.LASF415
 4948 1e7b 1D       		.byte	0x1d
 4949 1e7c AD       		.byte	0xad
 4950 1e7d 37090000 		.4byte	0x937
 4951 1e81 08       		.byte	0x8
 4952 1e82 0F       		.uleb128 0xf
 4953 1e83 831D0000 		.4byte	.LASF416
ARM GAS  /tmp/cc1HOfrl.s 			page 88


 4954 1e87 1D       		.byte	0x1d
 4955 1e88 AE       		.byte	0xae
 4956 1e89 37090000 		.4byte	0x937
 4957 1e8d 0C       		.byte	0xc
 4958 1e8e 11       		.uleb128 0x11
 4959 1e8f 49445200 		.ascii	"IDR\000"
 4960 1e93 1D       		.byte	0x1d
 4961 1e94 AF       		.byte	0xaf
 4962 1e95 37090000 		.4byte	0x937
 4963 1e99 10       		.byte	0x10
 4964 1e9a 11       		.uleb128 0x11
 4965 1e9b 4F445200 		.ascii	"ODR\000"
 4966 1e9f 1D       		.byte	0x1d
 4967 1ea0 B0       		.byte	0xb0
 4968 1ea1 37090000 		.4byte	0x937
 4969 1ea5 14       		.byte	0x14
 4970 1ea6 0F       		.uleb128 0xf
 4971 1ea7 BC120000 		.4byte	.LASF417
 4972 1eab 1D       		.byte	0x1d
 4973 1eac B7       		.byte	0xb7
 4974 1ead 511E0000 		.4byte	0x1e51
 4975 1eb1 18       		.byte	0x18
 4976 1eb2 0F       		.uleb128 0xf
 4977 1eb3 A5180000 		.4byte	.LASF418
 4978 1eb7 1D       		.byte	0x1d
 4979 1eb8 B8       		.byte	0xb8
 4980 1eb9 37090000 		.4byte	0x937
 4981 1ebd 1C       		.byte	0x1c
 4982 1ebe 0F       		.uleb128 0xf
 4983 1ebf C21B0000 		.4byte	.LASF419
 4984 1ec3 1D       		.byte	0x1d
 4985 1ec4 B9       		.byte	0xb9
 4986 1ec5 37090000 		.4byte	0x937
 4987 1ec9 20       		.byte	0x20
 4988 1eca 0F       		.uleb128 0xf
 4989 1ecb B61B0000 		.4byte	.LASF420
 4990 1ecf 1D       		.byte	0x1d
 4991 1ed0 BA       		.byte	0xba
 4992 1ed1 37090000 		.4byte	0x937
 4993 1ed5 24       		.byte	0x24
 4994 1ed6 11       		.uleb128 0x11
 4995 1ed7 42525200 		.ascii	"BRR\000"
 4996 1edb 1D       		.byte	0x1d
 4997 1edc BB       		.byte	0xbb
 4998 1edd 37090000 		.4byte	0x937
 4999 1ee1 28       		.byte	0x28
 5000 1ee2 00       		.byte	0
 5001 1ee3 03       		.uleb128 0x3
 5002 1ee4 5D100000 		.4byte	.LASF421
 5003 1ee8 1D       		.byte	0x1d
 5004 1ee9 BC       		.byte	0xbc
 5005 1eea 561E0000 		.4byte	0x1e56
 5006 1eee 0E       		.uleb128 0xe
 5007 1eef 1C       		.byte	0x1c
 5008 1ef0 1D       		.byte	0x1d
 5009 1ef1 C1       		.byte	0xc1
 5010 1ef2 4B1F0000 		.4byte	0x1f4b
ARM GAS  /tmp/cc1HOfrl.s 			page 89


 5011 1ef6 0F       		.uleb128 0xf
 5012 1ef7 7F210000 		.4byte	.LASF422
 5013 1efb 1D       		.byte	0x1d
 5014 1efc C3       		.byte	0xc3
 5015 1efd 2C090000 		.4byte	0x92c
 5016 1f01 00       		.byte	0
 5017 1f02 0F       		.uleb128 0xf
 5018 1f03 F7020000 		.4byte	.LASF423
 5019 1f07 1D       		.byte	0x1d
 5020 1f08 C5       		.byte	0xc5
 5021 1f09 2C090000 		.4byte	0x92c
 5022 1f0d 04       		.byte	0x4
 5023 1f0e 0F       		.uleb128 0xf
 5024 1f0f 1D020000 		.4byte	.LASF424
 5025 1f13 1D       		.byte	0x1d
 5026 1f14 C7       		.byte	0xc7
 5027 1f15 2C090000 		.4byte	0x92c
 5028 1f19 08       		.byte	0x8
 5029 1f1a 0F       		.uleb128 0xf
 5030 1f1b 9A200000 		.4byte	.LASF425
 5031 1f1f 1D       		.byte	0x1d
 5032 1f20 C9       		.byte	0xc9
 5033 1f21 2C090000 		.4byte	0x92c
 5034 1f25 0C       		.byte	0xc
 5035 1f26 11       		.uleb128 0x11
 5036 1f27 6F647200 		.ascii	"odr\000"
 5037 1f2b 1D       		.byte	0x1d
 5038 1f2c CB       		.byte	0xcb
 5039 1f2d 2C090000 		.4byte	0x92c
 5040 1f31 10       		.byte	0x10
 5041 1f32 0F       		.uleb128 0xf
 5042 1f33 091E0000 		.4byte	.LASF426
 5043 1f37 1D       		.byte	0x1d
 5044 1f38 CD       		.byte	0xcd
 5045 1f39 2C090000 		.4byte	0x92c
 5046 1f3d 14       		.byte	0x14
 5047 1f3e 0F       		.uleb128 0xf
 5048 1f3f 67000000 		.4byte	.LASF427
 5049 1f43 1D       		.byte	0x1d
 5050 1f44 CF       		.byte	0xcf
 5051 1f45 2C090000 		.4byte	0x92c
 5052 1f49 18       		.byte	0x18
 5053 1f4a 00       		.byte	0
 5054 1f4b 03       		.uleb128 0x3
 5055 1f4c CB1A0000 		.4byte	.LASF428
 5056 1f50 1D       		.byte	0x1d
 5057 1f51 D0       		.byte	0xd0
 5058 1f52 EE1E0000 		.4byte	0x1eee
 5059 1f56 0E       		.uleb128 0xe
 5060 1f57 FC       		.byte	0xfc
 5061 1f58 1D       		.byte	0x1d
 5062 1f59 D9       		.byte	0xd9
 5063 1f5a CB1F0000 		.4byte	0x1fcb
 5064 1f5e 0F       		.uleb128 0xf
 5065 1f5f 01110000 		.4byte	.LASF429
 5066 1f63 1D       		.byte	0x1d
 5067 1f64 DC       		.byte	0xdc
ARM GAS  /tmp/cc1HOfrl.s 			page 90


 5068 1f65 4B1F0000 		.4byte	0x1f4b
 5069 1f69 00       		.byte	0
 5070 1f6a 0F       		.uleb128 0xf
 5071 1f6b E0020000 		.4byte	.LASF430
 5072 1f6f 1D       		.byte	0x1d
 5073 1f70 E0       		.byte	0xe0
 5074 1f71 4B1F0000 		.4byte	0x1f4b
 5075 1f75 1C       		.byte	0x1c
 5076 1f76 0F       		.uleb128 0xf
 5077 1f77 A9010000 		.4byte	.LASF431
 5078 1f7b 1D       		.byte	0x1d
 5079 1f7c E4       		.byte	0xe4
 5080 1f7d 4B1F0000 		.4byte	0x1f4b
 5081 1f81 38       		.byte	0x38
 5082 1f82 0F       		.uleb128 0xf
 5083 1f83 230D0000 		.4byte	.LASF432
 5084 1f87 1D       		.byte	0x1d
 5085 1f88 E8       		.byte	0xe8
 5086 1f89 4B1F0000 		.4byte	0x1f4b
 5087 1f8d 54       		.byte	0x54
 5088 1f8e 0F       		.uleb128 0xf
 5089 1f8f EB190000 		.4byte	.LASF433
 5090 1f93 1D       		.byte	0x1d
 5091 1f94 EC       		.byte	0xec
 5092 1f95 4B1F0000 		.4byte	0x1f4b
 5093 1f99 70       		.byte	0x70
 5094 1f9a 0F       		.uleb128 0xf
 5095 1f9b 01250000 		.4byte	.LASF434
 5096 1f9f 1D       		.byte	0x1d
 5097 1fa0 F0       		.byte	0xf0
 5098 1fa1 4B1F0000 		.4byte	0x1f4b
 5099 1fa5 8C       		.byte	0x8c
 5100 1fa6 0F       		.uleb128 0xf
 5101 1fa7 050B0000 		.4byte	.LASF435
 5102 1fab 1D       		.byte	0x1d
 5103 1fac F4       		.byte	0xf4
 5104 1fad 4B1F0000 		.4byte	0x1f4b
 5105 1fb1 A8       		.byte	0xa8
 5106 1fb2 0F       		.uleb128 0xf
 5107 1fb3 F1170000 		.4byte	.LASF436
 5108 1fb7 1D       		.byte	0x1d
 5109 1fb8 F8       		.byte	0xf8
 5110 1fb9 4B1F0000 		.4byte	0x1f4b
 5111 1fbd C4       		.byte	0xc4
 5112 1fbe 0F       		.uleb128 0xf
 5113 1fbf 1D230000 		.4byte	.LASF437
 5114 1fc3 1D       		.byte	0x1d
 5115 1fc4 FC       		.byte	0xfc
 5116 1fc5 4B1F0000 		.4byte	0x1f4b
 5117 1fc9 E0       		.byte	0xe0
 5118 1fca 00       		.byte	0
 5119 1fcb 03       		.uleb128 0x3
 5120 1fcc 5B0A0000 		.4byte	.LASF438
 5121 1fd0 1D       		.byte	0x1d
 5122 1fd1 FE       		.byte	0xfe
 5123 1fd2 561F0000 		.4byte	0x1f56
 5124 1fd6 05       		.uleb128 0x5
ARM GAS  /tmp/cc1HOfrl.s 			page 91


 5125 1fd7 CB1F0000 		.4byte	0x1fcb
 5126 1fdb 09       		.uleb128 0x9
 5127 1fdc F8170000 		.4byte	.LASF439
 5128 1fe0 1D       		.byte	0x1d
 5129 1fe1 1B01     		.2byte	0x11b
 5130 1fe3 E71F0000 		.4byte	0x1fe7
 5131 1fe7 07       		.uleb128 0x7
 5132 1fe8 04       		.byte	0x4
 5133 1fe9 E31E0000 		.4byte	0x1ee3
 5134 1fed 20       		.uleb128 0x20
 5135 1fee E01E0000 		.4byte	.LASF440
 5136 1ff2 1D       		.byte	0x1d
 5137 1ff3 DA01     		.2byte	0x1da
 5138 1ff5 D61F0000 		.4byte	0x1fd6
 5139 1ff9 2B       		.uleb128 0x2b
 5140 1ffa 07       		.byte	0x7
 5141 1ffb 01       		.byte	0x1
 5142 1ffc 37000000 		.4byte	0x37
 5143 2000 1E       		.byte	0x1e
 5144 2001 46       		.byte	0x46
 5145 2002 2B200000 		.4byte	0x202b
 5146 2006 25       		.uleb128 0x25
 5147 2007 00080000 		.4byte	.LASF441
 5148 200b 00       		.byte	0
 5149 200c 25       		.uleb128 0x25
 5150 200d F5140000 		.4byte	.LASF442
 5151 2011 01       		.byte	0x1
 5152 2012 25       		.uleb128 0x25
 5153 2013 29210000 		.4byte	.LASF443
 5154 2017 02       		.byte	0x2
 5155 2018 25       		.uleb128 0x25
 5156 2019 A2120000 		.4byte	.LASF444
 5157 201d 03       		.byte	0x3
 5158 201e 25       		.uleb128 0x25
 5159 201f 17060000 		.4byte	.LASF445
 5160 2023 04       		.byte	0x4
 5161 2024 25       		.uleb128 0x25
 5162 2025 7A120000 		.4byte	.LASF446
 5163 2029 05       		.byte	0x5
 5164 202a 00       		.byte	0
 5165 202b 03       		.uleb128 0x3
 5166 202c EA030000 		.4byte	.LASF447
 5167 2030 1E       		.byte	0x1e
 5168 2031 4D       		.byte	0x4d
 5169 2032 F91F0000 		.4byte	0x1ff9
 5170 2036 09       		.uleb128 0x9
 5171 2037 B2110000 		.4byte	.LASF448
 5172 203b 1F       		.byte	0x1f
 5173 203c 2701     		.2byte	0x127
 5174 203e 11090000 		.4byte	0x911
 5175 2042 09       		.uleb128 0x9
 5176 2043 671C0000 		.4byte	.LASF449
 5177 2047 1F       		.byte	0x1f
 5178 2048 2C01     		.2byte	0x12c
 5179 204a 11090000 		.4byte	0x911
 5180 204e 2D       		.uleb128 0x2d
 5181 204f 07       		.byte	0x7
ARM GAS  /tmp/cc1HOfrl.s 			page 92


 5182 2050 01       		.byte	0x1
 5183 2051 37000000 		.4byte	0x37
 5184 2055 1F       		.byte	0x1f
 5185 2056 3301     		.2byte	0x133
 5186 2058 69200000 		.4byte	0x2069
 5187 205c 25       		.uleb128 0x25
 5188 205d 7B0D0000 		.4byte	.LASF450
 5189 2061 00       		.byte	0
 5190 2062 25       		.uleb128 0x25
 5191 2063 35020000 		.4byte	.LASF451
 5192 2067 01       		.byte	0x1
 5193 2068 00       		.byte	0
 5194 2069 09       		.uleb128 0x9
 5195 206a 29220000 		.4byte	.LASF452
 5196 206e 1F       		.byte	0x1f
 5197 206f 3601     		.2byte	0x136
 5198 2071 4E200000 		.4byte	0x204e
 5199 2075 09       		.uleb128 0x9
 5200 2076 2F0E0000 		.4byte	.LASF453
 5201 207a 1F       		.byte	0x1f
 5202 207b 3B01     		.2byte	0x13b
 5203 207d 81200000 		.4byte	0x2081
 5204 2081 1B       		.uleb128 0x1b
 5205 2082 2F0E0000 		.4byte	.LASF453
 5206 2086 38       		.byte	0x38
 5207 2087 1F       		.byte	0x1f
 5208 2088 9F01     		.2byte	0x19f
 5209 208a 11210000 		.4byte	0x2111
 5210 208e 18       		.uleb128 0x18
 5211 208f 04160000 		.4byte	.LASF454
 5212 2093 1F       		.byte	0x1f
 5213 2094 A301     		.2byte	0x1a3
 5214 2096 2B200000 		.4byte	0x202b
 5215 209a 00       		.byte	0
 5216 209b 18       		.uleb128 0x18
 5217 209c 071C0000 		.4byte	.LASF455
 5218 20a0 1F       		.byte	0x1f
 5219 20a1 A701     		.2byte	0x1a7
 5220 20a3 38220000 		.4byte	0x2238
 5221 20a7 04       		.byte	0x4
 5222 20a8 18       		.uleb128 0x18
 5223 20a9 BF010000 		.4byte	.LASF456
 5224 20ad 1F       		.byte	0x1f
 5225 20ae AB01     		.2byte	0x1ab
 5226 20b0 3E210000 		.4byte	0x213e
 5227 20b4 08       		.byte	0x8
 5228 20b5 18       		.uleb128 0x18
 5229 20b6 7E160000 		.4byte	.LASF457
 5230 20ba 1F       		.byte	0x1f
 5231 20bb AF01     		.2byte	0x1af
 5232 20bd BD000000 		.4byte	0xbd
 5233 20c1 0C       		.byte	0xc
 5234 20c2 18       		.uleb128 0x18
 5235 20c3 F31E0000 		.4byte	.LASF458
 5236 20c7 1F       		.byte	0x1f
 5237 20c8 B301     		.2byte	0x1b3
 5238 20ca 3E220000 		.4byte	0x223e
ARM GAS  /tmp/cc1HOfrl.s 			page 93


 5239 20ce 10       		.byte	0x10
 5240 20cf 18       		.uleb128 0x18
 5241 20d0 94060000 		.4byte	.LASF459
 5242 20d4 1F       		.byte	0x1f
 5243 20d5 B801     		.2byte	0x1b8
 5244 20d7 6B0B0000 		.4byte	0xb6b
 5245 20db 14       		.byte	0x14
 5246 20dc 18       		.uleb128 0x18
 5247 20dd DC0B0000 		.4byte	.LASF460
 5248 20e1 1F       		.byte	0x1f
 5249 20e2 BE01     		.2byte	0x1be
 5250 20e4 271A0000 		.4byte	0x1a27
 5251 20e8 18       		.byte	0x18
 5252 20e9 26       		.uleb128 0x26
 5253 20ea 61646300 		.ascii	"adc\000"
 5254 20ee 1F       		.byte	0x1f
 5255 20ef C701     		.2byte	0x1c7
 5256 20f1 44220000 		.4byte	0x2244
 5257 20f5 2C       		.byte	0x2c
 5258 20f6 18       		.uleb128 0x18
 5259 20f7 150A0000 		.4byte	.LASF461
 5260 20fb 1F       		.byte	0x1f
 5261 20fc CB01     		.2byte	0x1cb
 5262 20fe 4A220000 		.4byte	0x224a
 5263 2102 30       		.byte	0x30
 5264 2103 18       		.uleb128 0x18
 5265 2104 3C180000 		.4byte	.LASF462
 5266 2108 1F       		.byte	0x1f
 5267 2109 CF01     		.2byte	0x1cf
 5268 210b 2C090000 		.4byte	0x92c
 5269 210f 34       		.byte	0x34
 5270 2110 00       		.byte	0
 5271 2111 09       		.uleb128 0x9
 5272 2112 391B0000 		.4byte	.LASF463
 5273 2116 1F       		.byte	0x1f
 5274 2117 4501     		.2byte	0x145
 5275 2119 1D210000 		.4byte	0x211d
 5276 211d 07       		.uleb128 0x7
 5277 211e 04       		.byte	0x4
 5278 211f 23210000 		.4byte	0x2123
 5279 2123 1F       		.uleb128 0x1f
 5280 2124 38210000 		.4byte	0x2138
 5281 2128 16       		.uleb128 0x16
 5282 2129 38210000 		.4byte	0x2138
 5283 212d 16       		.uleb128 0x16
 5284 212e 3E210000 		.4byte	0x213e
 5285 2132 16       		.uleb128 0x16
 5286 2133 BD000000 		.4byte	0xbd
 5287 2137 00       		.byte	0
 5288 2138 07       		.uleb128 0x7
 5289 2139 04       		.byte	0x4
 5290 213a 75200000 		.4byte	0x2075
 5291 213e 07       		.uleb128 0x7
 5292 213f 04       		.byte	0x4
 5293 2140 36200000 		.4byte	0x2036
 5294 2144 09       		.uleb128 0x9
 5295 2145 E6150000 		.4byte	.LASF464
ARM GAS  /tmp/cc1HOfrl.s 			page 94


 5296 2149 1F       		.byte	0x1f
 5297 214a 4E01     		.2byte	0x14e
 5298 214c 50210000 		.4byte	0x2150
 5299 2150 07       		.uleb128 0x7
 5300 2151 04       		.byte	0x4
 5301 2152 56210000 		.4byte	0x2156
 5302 2156 1F       		.uleb128 0x1f
 5303 2157 66210000 		.4byte	0x2166
 5304 215b 16       		.uleb128 0x16
 5305 215c 38210000 		.4byte	0x2138
 5306 2160 16       		.uleb128 0x16
 5307 2161 69200000 		.4byte	0x2069
 5308 2165 00       		.byte	0
 5309 2166 1C       		.uleb128 0x1c
 5310 2167 28       		.byte	0x28
 5311 2168 1F       		.byte	0x1f
 5312 2169 5801     		.2byte	0x158
 5313 216b FF210000 		.4byte	0x21ff
 5314 216f 18       		.uleb128 0x18
 5315 2170 6B210000 		.4byte	.LASF465
 5316 2174 1F       		.byte	0x1f
 5317 2175 5C01     		.2byte	0x15c
 5318 2177 901D0000 		.4byte	0x1d90
 5319 217b 00       		.byte	0
 5320 217c 18       		.uleb128 0x18
 5321 217d BB100000 		.4byte	.LASF466
 5322 2181 1F       		.byte	0x1f
 5323 2182 6001     		.2byte	0x160
 5324 2184 42200000 		.4byte	0x2042
 5325 2188 02       		.byte	0x2
 5326 2189 18       		.uleb128 0x18
 5327 218a F1080000 		.4byte	.LASF467
 5328 218e 1F       		.byte	0x1f
 5329 218f 6401     		.2byte	0x164
 5330 2191 11210000 		.4byte	0x2111
 5331 2195 04       		.byte	0x4
 5332 2196 18       		.uleb128 0x18
 5333 2197 43230000 		.4byte	.LASF468
 5334 219b 1F       		.byte	0x1f
 5335 219c 6801     		.2byte	0x168
 5336 219e 44210000 		.4byte	0x2144
 5337 21a2 08       		.byte	0x8
 5338 21a3 26       		.uleb128 0x26
 5339 21a4 63723100 		.ascii	"cr1\000"
 5340 21a8 1F       		.byte	0x1f
 5341 21a9 6F01     		.2byte	0x16f
 5342 21ab 2C090000 		.4byte	0x92c
 5343 21af 0C       		.byte	0xc
 5344 21b0 26       		.uleb128 0x26
 5345 21b1 63723200 		.ascii	"cr2\000"
 5346 21b5 1F       		.byte	0x1f
 5347 21b6 7601     		.2byte	0x176
 5348 21b8 2C090000 		.4byte	0x92c
 5349 21bc 10       		.byte	0x10
 5350 21bd 18       		.uleb128 0x18
 5351 21be EE160000 		.4byte	.LASF469
 5352 21c2 1F       		.byte	0x1f
ARM GAS  /tmp/cc1HOfrl.s 			page 95


 5353 21c3 7C01     		.2byte	0x17c
 5354 21c5 2C090000 		.4byte	0x92c
 5355 21c9 14       		.byte	0x14
 5356 21ca 18       		.uleb128 0x18
 5357 21cb F4160000 		.4byte	.LASF470
 5358 21cf 1F       		.byte	0x1f
 5359 21d0 8201     		.2byte	0x182
 5360 21d2 2C090000 		.4byte	0x92c
 5361 21d6 18       		.byte	0x18
 5362 21d7 18       		.uleb128 0x18
 5363 21d8 2C010000 		.4byte	.LASF471
 5364 21dc 1F       		.byte	0x1f
 5365 21dd 8701     		.2byte	0x187
 5366 21df 2C090000 		.4byte	0x92c
 5367 21e3 1C       		.byte	0x1c
 5368 21e4 18       		.uleb128 0x18
 5369 21e5 31240000 		.4byte	.LASF472
 5370 21e9 1F       		.byte	0x1f
 5371 21ea 8C01     		.2byte	0x18c
 5372 21ec 2C090000 		.4byte	0x92c
 5373 21f0 20       		.byte	0x20
 5374 21f1 18       		.uleb128 0x18
 5375 21f2 36240000 		.4byte	.LASF473
 5376 21f6 1F       		.byte	0x1f
 5377 21f7 9101     		.2byte	0x191
 5378 21f9 2C090000 		.4byte	0x92c
 5379 21fd 24       		.byte	0x24
 5380 21fe 00       		.byte	0
 5381 21ff 09       		.uleb128 0x9
 5382 2200 29050000 		.4byte	.LASF474
 5383 2204 1F       		.byte	0x1f
 5384 2205 9201     		.2byte	0x192
 5385 2207 66210000 		.4byte	0x2166
 5386 220b 05       		.uleb128 0x5
 5387 220c FF210000 		.4byte	0x21ff
 5388 2210 1C       		.uleb128 0x1c
 5389 2211 04       		.byte	0x4
 5390 2212 1F       		.byte	0x1f
 5391 2213 9801     		.2byte	0x198
 5392 2215 27220000 		.4byte	0x2227
 5393 2219 18       		.uleb128 0x18
 5394 221a 57240000 		.4byte	.LASF475
 5395 221e 1F       		.byte	0x1f
 5396 221f 9901     		.2byte	0x199
 5397 2221 2C090000 		.4byte	0x92c
 5398 2225 00       		.byte	0
 5399 2226 00       		.byte	0
 5400 2227 09       		.uleb128 0x9
 5401 2228 470E0000 		.4byte	.LASF476
 5402 222c 1F       		.byte	0x1f
 5403 222d 9A01     		.2byte	0x19a
 5404 222f 10220000 		.4byte	0x2210
 5405 2233 05       		.uleb128 0x5
 5406 2234 27220000 		.4byte	0x2227
 5407 2238 07       		.uleb128 0x7
 5408 2239 04       		.byte	0x4
 5409 223a 33220000 		.4byte	0x2233
ARM GAS  /tmp/cc1HOfrl.s 			page 96


 5410 223e 07       		.uleb128 0x7
 5411 223f 04       		.byte	0x4
 5412 2240 0B220000 		.4byte	0x220b
 5413 2244 07       		.uleb128 0x7
 5414 2245 04       		.byte	0x4
 5415 2246 EE0E0000 		.4byte	0xeee
 5416 224a 07       		.uleb128 0x7
 5417 224b 04       		.byte	0x4
 5418 224c 5F1C0000 		.4byte	0x1c5f
 5419 2250 20       		.uleb128 0x20
 5420 2251 25180000 		.4byte	.LASF477
 5421 2255 1F       		.byte	0x1f
 5422 2256 1402     		.2byte	0x214
 5423 2258 75200000 		.4byte	0x2075
 5424 225c 20       		.uleb128 0x20
 5425 225d 2B180000 		.4byte	.LASF478
 5426 2261 1F       		.byte	0x1f
 5427 2262 1802     		.2byte	0x218
 5428 2264 75200000 		.4byte	0x2075
 5429 2268 20       		.uleb128 0x20
 5430 2269 31180000 		.4byte	.LASF479
 5431 226d 1F       		.byte	0x1f
 5432 226e 1C02     		.2byte	0x21c
 5433 2270 75200000 		.4byte	0x2075
 5434 2274 2B       		.uleb128 0x2b
 5435 2275 07       		.byte	0x7
 5436 2276 01       		.byte	0x1
 5437 2277 37000000 		.4byte	0x37
 5438 227b 20       		.byte	0x20
 5439 227c 5F       		.byte	0x5f
 5440 227d A0220000 		.4byte	0x22a0
 5441 2281 25       		.uleb128 0x25
 5442 2282 A10C0000 		.4byte	.LASF480
 5443 2286 00       		.byte	0
 5444 2287 25       		.uleb128 0x25
 5445 2288 B3000000 		.4byte	.LASF481
 5446 228c 01       		.byte	0x1
 5447 228d 25       		.uleb128 0x25
 5448 228e 54000000 		.4byte	.LASF482
 5449 2292 02       		.byte	0x2
 5450 2293 25       		.uleb128 0x25
 5451 2294 39190000 		.4byte	.LASF483
 5452 2298 03       		.byte	0x3
 5453 2299 25       		.uleb128 0x25
 5454 229a 95090000 		.4byte	.LASF484
 5455 229e 04       		.byte	0x4
 5456 229f 00       		.byte	0
 5457 22a0 03       		.uleb128 0x3
 5458 22a1 83050000 		.4byte	.LASF485
 5459 22a5 20       		.byte	0x20
 5460 22a6 65       		.byte	0x65
 5461 22a7 74220000 		.4byte	0x2274
 5462 22ab 0C       		.uleb128 0xc
 5463 22ac F6080000 		.4byte	0x8f6
 5464 22b0 BB220000 		.4byte	0x22bb
 5465 22b4 0D       		.uleb128 0xd
 5466 22b5 B6000000 		.4byte	0xb6
ARM GAS  /tmp/cc1HOfrl.s 			page 97


 5467 22b9 07       		.byte	0x7
 5468 22ba 00       		.byte	0
 5469 22bb 0E       		.uleb128 0xe
 5470 22bc 08       		.byte	0x8
 5471 22bd 21       		.byte	0x21
 5472 22be F4       		.byte	0xf4
 5473 22bf DD220000 		.4byte	0x22dd
 5474 22c3 11       		.uleb128 0x11
 5475 22c4 6D637200 		.ascii	"mcr\000"
 5476 22c8 21       		.byte	0x21
 5477 22c9 FA       		.byte	0xfa
 5478 22ca 2C090000 		.4byte	0x92c
 5479 22ce 00       		.byte	0
 5480 22cf 26       		.uleb128 0x26
 5481 22d0 62747200 		.ascii	"btr\000"
 5482 22d4 21       		.byte	0x21
 5483 22d5 0001     		.2byte	0x100
 5484 22d7 2C090000 		.4byte	0x92c
 5485 22db 04       		.byte	0x4
 5486 22dc 00       		.byte	0
 5487 22dd 09       		.uleb128 0x9
 5488 22de E1190000 		.4byte	.LASF486
 5489 22e2 21       		.byte	0x21
 5490 22e3 0101     		.2byte	0x101
 5491 22e5 BB220000 		.4byte	0x22bb
 5492 22e9 05       		.uleb128 0x5
 5493 22ea DD220000 		.4byte	0x22dd
 5494 22ee 1C       		.uleb128 0x1c
 5495 22ef 30       		.byte	0x30
 5496 22f0 21       		.byte	0x21
 5497 22f1 0601     		.2byte	0x106
 5498 22f3 7A230000 		.4byte	0x237a
 5499 22f7 18       		.uleb128 0x18
 5500 22f8 04160000 		.4byte	.LASF454
 5501 22fc 21       		.byte	0x21
 5502 22fd 0A01     		.2byte	0x10a
 5503 22ff A0220000 		.4byte	0x22a0
 5504 2303 00       		.byte	0
 5505 2304 18       		.uleb128 0x18
 5506 2305 071C0000 		.4byte	.LASF455
 5507 2309 21       		.byte	0x21
 5508 230a 0E01     		.2byte	0x10e
 5509 230c 7A230000 		.4byte	0x237a
 5510 2310 04       		.byte	0x4
 5511 2311 18       		.uleb128 0x18
 5512 2312 26090000 		.4byte	.LASF487
 5513 2316 21       		.byte	0x21
 5514 2317 1201     		.2byte	0x112
 5515 2319 A00B0000 		.4byte	0xba0
 5516 231d 08       		.byte	0x8
 5517 231e 18       		.uleb128 0x18
 5518 231f C71E0000 		.4byte	.LASF488
 5519 2323 21       		.byte	0x21
 5520 2324 1601     		.2byte	0x116
 5521 2326 A00B0000 		.4byte	0xba0
 5522 232a 10       		.byte	0x10
 5523 232b 18       		.uleb128 0x18
ARM GAS  /tmp/cc1HOfrl.s 			page 98


 5524 232c BD190000 		.4byte	.LASF489
 5525 2330 21       		.byte	0x21
 5526 2331 2301     		.2byte	0x123
 5527 2333 CF1A0000 		.4byte	0x1acf
 5528 2337 18       		.byte	0x18
 5529 2338 18       		.uleb128 0x18
 5530 2339 ED0A0000 		.4byte	.LASF490
 5531 233d 21       		.byte	0x21
 5532 233e 2A01     		.2byte	0x12a
 5533 2340 CF1A0000 		.4byte	0x1acf
 5534 2344 1C       		.byte	0x1c
 5535 2345 18       		.uleb128 0x18
 5536 2346 AF100000 		.4byte	.LASF491
 5537 234a 21       		.byte	0x21
 5538 234b 3001     		.2byte	0x130
 5539 234d CF1A0000 		.4byte	0x1acf
 5540 2351 20       		.byte	0x20
 5541 2352 18       		.uleb128 0x18
 5542 2353 52030000 		.4byte	.LASF492
 5543 2357 21       		.byte	0x21
 5544 2358 3501     		.2byte	0x135
 5545 235a CF1A0000 		.4byte	0x1acf
 5546 235e 24       		.byte	0x24
 5547 235f 18       		.uleb128 0x18
 5548 2360 DC080000 		.4byte	.LASF493
 5549 2364 21       		.byte	0x21
 5550 2365 3901     		.2byte	0x139
 5551 2367 CF1A0000 		.4byte	0x1acf
 5552 236b 28       		.byte	0x28
 5553 236c 26       		.uleb128 0x26
 5554 236d 63616E00 		.ascii	"can\000"
 5555 2371 21       		.byte	0x21
 5556 2372 3F01     		.2byte	0x13f
 5557 2374 80230000 		.4byte	0x2380
 5558 2378 2C       		.byte	0x2c
 5559 2379 00       		.byte	0
 5560 237a 07       		.uleb128 0x7
 5561 237b 04       		.byte	0x4
 5562 237c E9220000 		.4byte	0x22e9
 5563 2380 07       		.uleb128 0x7
 5564 2381 04       		.byte	0x4
 5565 2382 37110000 		.4byte	0x1137
 5566 2386 09       		.uleb128 0x9
 5567 2387 A8030000 		.4byte	.LASF494
 5568 238b 21       		.byte	0x21
 5569 238c 4001     		.2byte	0x140
 5570 238e EE220000 		.4byte	0x22ee
 5571 2392 20       		.uleb128 0x20
 5572 2393 4A200000 		.4byte	.LASF495
 5573 2397 21       		.byte	0x21
 5574 2398 4B01     		.2byte	0x14b
 5575 239a 86230000 		.4byte	0x2386
 5576 239e 2B       		.uleb128 0x2b
 5577 239f 07       		.byte	0x7
 5578 23a0 01       		.byte	0x1
 5579 23a1 37000000 		.4byte	0x37
 5580 23a5 22       		.byte	0x22
ARM GAS  /tmp/cc1HOfrl.s 			page 99


 5581 23a6 46       		.byte	0x46
 5582 23a7 D0230000 		.4byte	0x23d0
 5583 23ab 25       		.uleb128 0x25
 5584 23ac 5C1C0000 		.4byte	.LASF496
 5585 23b0 00       		.byte	0
 5586 23b1 25       		.uleb128 0x25
 5587 23b2 A2210000 		.4byte	.LASF497
 5588 23b6 01       		.byte	0x1
 5589 23b7 25       		.uleb128 0x25
 5590 23b8 B70D0000 		.4byte	.LASF498
 5591 23bc 02       		.byte	0x2
 5592 23bd 25       		.uleb128 0x25
 5593 23be F9150000 		.4byte	.LASF499
 5594 23c2 03       		.byte	0x3
 5595 23c3 25       		.uleb128 0x25
 5596 23c4 E21B0000 		.4byte	.LASF500
 5597 23c8 04       		.byte	0x4
 5598 23c9 25       		.uleb128 0x25
 5599 23ca F30F0000 		.4byte	.LASF501
 5600 23ce 05       		.byte	0x5
 5601 23cf 00       		.byte	0
 5602 23d0 03       		.uleb128 0x3
 5603 23d1 6A190000 		.4byte	.LASF502
 5604 23d5 22       		.byte	0x22
 5605 23d6 4D       		.byte	0x4d
 5606 23d7 9E230000 		.4byte	0x239e
 5607 23db 0E       		.uleb128 0xe
 5608 23dc 1C       		.byte	0x1c
 5609 23dd 23       		.byte	0x23
 5610 23de F9       		.byte	0xf9
 5611 23df 3E240000 		.4byte	0x243e
 5612 23e3 11       		.uleb128 0x11
 5613 23e4 64616300 		.ascii	"dac\000"
 5614 23e8 23       		.byte	0x23
 5615 23e9 FD       		.byte	0xfd
 5616 23ea 3E240000 		.4byte	0x243e
 5617 23ee 00       		.byte	0
 5618 23ef 18       		.uleb128 0x18
 5619 23f0 BD180000 		.4byte	.LASF503
 5620 23f4 23       		.byte	0x23
 5621 23f5 0101     		.2byte	0x101
 5622 23f7 2C090000 		.4byte	0x92c
 5623 23fb 04       		.byte	0x4
 5624 23fc 18       		.uleb128 0x18
 5625 23fd 9B060000 		.4byte	.LASF504
 5626 2401 23       		.byte	0x23
 5627 2402 0501     		.2byte	0x105
 5628 2404 2C090000 		.4byte	0x92c
 5629 2408 08       		.byte	0x8
 5630 2409 18       		.uleb128 0x18
 5631 240a D2010000 		.4byte	.LASF505
 5632 240e 23       		.byte	0x23
 5633 240f 0901     		.2byte	0x109
 5634 2411 2C090000 		.4byte	0x92c
 5635 2415 0C       		.byte	0xc
 5636 2416 26       		.uleb128 0x26
 5637 2417 646D6100 		.ascii	"dma\000"
ARM GAS  /tmp/cc1HOfrl.s 			page 100


 5638 241b 23       		.byte	0x23
 5639 241c 0D01     		.2byte	0x10d
 5640 241e 4A220000 		.4byte	0x224a
 5641 2422 10       		.byte	0x10
 5642 2423 18       		.uleb128 0x18
 5643 2424 3C180000 		.4byte	.LASF462
 5644 2428 23       		.byte	0x23
 5645 2429 1101     		.2byte	0x111
 5646 242b 2C090000 		.4byte	0x92c
 5647 242f 14       		.byte	0x14
 5648 2430 18       		.uleb128 0x18
 5649 2431 C5170000 		.4byte	.LASF506
 5650 2435 23       		.byte	0x23
 5651 2436 1501     		.2byte	0x115
 5652 2438 2C090000 		.4byte	0x92c
 5653 243c 18       		.byte	0x18
 5654 243d 00       		.byte	0
 5655 243e 07       		.uleb128 0x7
 5656 243f 04       		.byte	0x4
 5657 2440 01120000 		.4byte	0x1201
 5658 2444 09       		.uleb128 0x9
 5659 2445 05030000 		.4byte	.LASF507
 5660 2449 23       		.byte	0x23
 5661 244a 1601     		.2byte	0x116
 5662 244c DB230000 		.4byte	0x23db
 5663 2450 05       		.uleb128 0x5
 5664 2451 44240000 		.4byte	0x2444
 5665 2455 09       		.uleb128 0x9
 5666 2456 E70B0000 		.4byte	.LASF508
 5667 245a 23       		.byte	0x23
 5668 245b 1B01     		.2byte	0x11b
 5669 245d 61240000 		.4byte	0x2461
 5670 2461 1B       		.uleb128 0x1b
 5671 2462 E70B0000 		.4byte	.LASF508
 5672 2466 30       		.byte	0x30
 5673 2467 23       		.byte	0x23
 5674 2468 7B01     		.2byte	0x17b
 5675 246a D7240000 		.4byte	0x24d7
 5676 246e 18       		.uleb128 0x18
 5677 246f 04160000 		.4byte	.LASF454
 5678 2473 23       		.byte	0x23
 5679 2474 7F01     		.2byte	0x17f
 5680 2476 D0230000 		.4byte	0x23d0
 5681 247a 00       		.byte	0
 5682 247b 18       		.uleb128 0x18
 5683 247c F31E0000 		.4byte	.LASF458
 5684 2480 23       		.byte	0x23
 5685 2481 8301     		.2byte	0x183
 5686 2483 15260000 		.4byte	0x2615
 5687 2487 04       		.byte	0x4
 5688 2488 18       		.uleb128 0x18
 5689 2489 BF010000 		.4byte	.LASF456
 5690 248d 23       		.byte	0x23
 5691 248e 8701     		.2byte	0x187
 5692 2490 3C250000 		.4byte	0x253c
 5693 2494 08       		.byte	0x8
 5694 2495 18       		.uleb128 0x18
ARM GAS  /tmp/cc1HOfrl.s 			page 101


 5695 2496 7E160000 		.4byte	.LASF457
 5696 249a 23       		.byte	0x23
 5697 249b 8B01     		.2byte	0x18b
 5698 249d 11090000 		.4byte	0x911
 5699 24a1 0C       		.byte	0xc
 5700 24a2 18       		.uleb128 0x18
 5701 24a3 071C0000 		.4byte	.LASF455
 5702 24a7 23       		.byte	0x23
 5703 24a8 8F01     		.2byte	0x18f
 5704 24aa 1B260000 		.4byte	0x261b
 5705 24ae 10       		.byte	0x10
 5706 24af 18       		.uleb128 0x18
 5707 24b0 94060000 		.4byte	.LASF459
 5708 24b4 23       		.byte	0x23
 5709 24b5 9401     		.2byte	0x194
 5710 24b7 6B0B0000 		.4byte	0xb6b
 5711 24bb 14       		.byte	0x14
 5712 24bc 18       		.uleb128 0x18
 5713 24bd DC0B0000 		.4byte	.LASF460
 5714 24c1 23       		.byte	0x23
 5715 24c2 9A01     		.2byte	0x19a
 5716 24c4 271A0000 		.4byte	0x1a27
 5717 24c8 18       		.byte	0x18
 5718 24c9 18       		.uleb128 0x18
 5719 24ca 27110000 		.4byte	.LASF509
 5720 24ce 23       		.byte	0x23
 5721 24cf A301     		.2byte	0x1a3
 5722 24d1 21260000 		.4byte	0x2621
 5723 24d5 2C       		.byte	0x2c
 5724 24d6 00       		.byte	0
 5725 24d7 09       		.uleb128 0x9
 5726 24d8 8F190000 		.4byte	.LASF510
 5727 24dc 23       		.byte	0x23
 5728 24dd 2001     		.2byte	0x120
 5729 24df 11090000 		.4byte	0x911
 5730 24e3 05       		.uleb128 0x5
 5731 24e4 D7240000 		.4byte	0x24d7
 5732 24e8 2D       		.uleb128 0x2d
 5733 24e9 07       		.byte	0x7
 5734 24ea 01       		.byte	0x1
 5735 24eb 37000000 		.4byte	0x37
 5736 24ef 23       		.byte	0x23
 5737 24f0 2701     		.2byte	0x127
 5738 24f2 03250000 		.4byte	0x2503
 5739 24f6 25       		.uleb128 0x25
 5740 24f7 2A1A0000 		.4byte	.LASF511
 5741 24fb 00       		.byte	0
 5742 24fc 25       		.uleb128 0x25
 5743 24fd CA080000 		.4byte	.LASF512
 5744 2501 01       		.byte	0x1
 5745 2502 00       		.byte	0
 5746 2503 09       		.uleb128 0x9
 5747 2504 9C110000 		.4byte	.LASF513
 5748 2508 23       		.byte	0x23
 5749 2509 2A01     		.2byte	0x12a
 5750 250b E8240000 		.4byte	0x24e8
 5751 250f 09       		.uleb128 0x9
ARM GAS  /tmp/cc1HOfrl.s 			page 102


 5752 2510 0C070000 		.4byte	.LASF514
 5753 2514 23       		.byte	0x23
 5754 2515 3401     		.2byte	0x134
 5755 2517 1B250000 		.4byte	0x251b
 5756 251b 07       		.uleb128 0x7
 5757 251c 04       		.byte	0x4
 5758 251d 21250000 		.4byte	0x2521
 5759 2521 1F       		.uleb128 0x1f
 5760 2522 36250000 		.4byte	0x2536
 5761 2526 16       		.uleb128 0x16
 5762 2527 36250000 		.4byte	0x2536
 5763 252b 16       		.uleb128 0x16
 5764 252c 3C250000 		.4byte	0x253c
 5765 2530 16       		.uleb128 0x16
 5766 2531 BD000000 		.4byte	0xbd
 5767 2535 00       		.byte	0
 5768 2536 07       		.uleb128 0x7
 5769 2537 04       		.byte	0x4
 5770 2538 55240000 		.4byte	0x2455
 5771 253c 07       		.uleb128 0x7
 5772 253d 04       		.byte	0x4
 5773 253e E3240000 		.4byte	0x24e3
 5774 2542 09       		.uleb128 0x9
 5775 2543 A0200000 		.4byte	.LASF515
 5776 2547 23       		.byte	0x23
 5777 2548 3F01     		.2byte	0x13f
 5778 254a 4E250000 		.4byte	0x254e
 5779 254e 07       		.uleb128 0x7
 5780 254f 04       		.byte	0x4
 5781 2550 54250000 		.4byte	0x2554
 5782 2554 1F       		.uleb128 0x1f
 5783 2555 64250000 		.4byte	0x2564
 5784 2559 16       		.uleb128 0x16
 5785 255a 36250000 		.4byte	0x2536
 5786 255e 16       		.uleb128 0x16
 5787 255f 03250000 		.4byte	0x2503
 5788 2563 00       		.byte	0
 5789 2564 2D       		.uleb128 0x2d
 5790 2565 07       		.byte	0x7
 5791 2566 01       		.byte	0x1
 5792 2567 37000000 		.4byte	0x37
 5793 256b 23       		.byte	0x23
 5794 256c 4401     		.2byte	0x144
 5795 256e 85250000 		.4byte	0x2585
 5796 2572 25       		.uleb128 0x25
 5797 2573 B61C0000 		.4byte	.LASF516
 5798 2577 00       		.byte	0
 5799 2578 25       		.uleb128 0x25
 5800 2579 09130000 		.4byte	.LASF517
 5801 257d 01       		.byte	0x1
 5802 257e 25       		.uleb128 0x25
 5803 257f 91160000 		.4byte	.LASF518
 5804 2583 02       		.byte	0x2
 5805 2584 00       		.byte	0
 5806 2585 09       		.uleb128 0x9
 5807 2586 080A0000 		.4byte	.LASF519
 5808 258a 23       		.byte	0x23
ARM GAS  /tmp/cc1HOfrl.s 			page 103


 5809 258b 4D01     		.2byte	0x14d
 5810 258d 64250000 		.4byte	0x2564
 5811 2591 1C       		.uleb128 0x1c
 5812 2592 10       		.byte	0x10
 5813 2593 23       		.byte	0x23
 5814 2594 5201     		.2byte	0x152
 5815 2596 CF250000 		.4byte	0x25cf
 5816 259a 18       		.uleb128 0x18
 5817 259b BB100000 		.4byte	.LASF466
 5818 259f 23       		.byte	0x23
 5819 25a0 5601     		.2byte	0x156
 5820 25a2 2C090000 		.4byte	0x92c
 5821 25a6 00       		.byte	0
 5822 25a7 18       		.uleb128 0x18
 5823 25a8 F1080000 		.4byte	.LASF467
 5824 25ac 23       		.byte	0x23
 5825 25ad 5A01     		.2byte	0x15a
 5826 25af 0F250000 		.4byte	0x250f
 5827 25b3 04       		.byte	0x4
 5828 25b4 18       		.uleb128 0x18
 5829 25b5 43230000 		.4byte	.LASF468
 5830 25b9 23       		.byte	0x23
 5831 25ba 5E01     		.2byte	0x15e
 5832 25bc 42250000 		.4byte	0x2542
 5833 25c0 08       		.byte	0x8
 5834 25c1 18       		.uleb128 0x18
 5835 25c2 51140000 		.4byte	.LASF520
 5836 25c6 23       		.byte	0x23
 5837 25c7 6601     		.2byte	0x166
 5838 25c9 2C090000 		.4byte	0x92c
 5839 25cd 0C       		.byte	0xc
 5840 25ce 00       		.byte	0
 5841 25cf 09       		.uleb128 0x9
 5842 25d0 50120000 		.4byte	.LASF521
 5843 25d4 23       		.byte	0x23
 5844 25d5 6701     		.2byte	0x167
 5845 25d7 91250000 		.4byte	0x2591
 5846 25db 05       		.uleb128 0x5
 5847 25dc CF250000 		.4byte	0x25cf
 5848 25e0 1C       		.uleb128 0x1c
 5849 25e1 04       		.byte	0x4
 5850 25e2 23       		.byte	0x23
 5851 25e3 6C01     		.2byte	0x16c
 5852 25e5 04260000 		.4byte	0x2604
 5853 25e9 18       		.uleb128 0x18
 5854 25ea 510A0000 		.4byte	.LASF522
 5855 25ee 23       		.byte	0x23
 5856 25ef 7101     		.2byte	0x171
 5857 25f1 D7240000 		.4byte	0x24d7
 5858 25f5 00       		.byte	0
 5859 25f6 18       		.uleb128 0x18
 5860 25f7 00010000 		.4byte	.LASF523
 5861 25fb 23       		.byte	0x23
 5862 25fc 7501     		.2byte	0x175
 5863 25fe 85250000 		.4byte	0x2585
 5864 2602 02       		.byte	0x2
 5865 2603 00       		.byte	0
ARM GAS  /tmp/cc1HOfrl.s 			page 104


 5866 2604 09       		.uleb128 0x9
 5867 2605 F10B0000 		.4byte	.LASF524
 5868 2609 23       		.byte	0x23
 5869 260a 7601     		.2byte	0x176
 5870 260c E0250000 		.4byte	0x25e0
 5871 2610 05       		.uleb128 0x5
 5872 2611 04260000 		.4byte	0x2604
 5873 2615 07       		.uleb128 0x7
 5874 2616 04       		.byte	0x4
 5875 2617 DB250000 		.4byte	0x25db
 5876 261b 07       		.uleb128 0x7
 5877 261c 04       		.byte	0x4
 5878 261d 10260000 		.4byte	0x2610
 5879 2621 07       		.uleb128 0x7
 5880 2622 04       		.byte	0x4
 5881 2623 50240000 		.4byte	0x2450
 5882 2627 20       		.uleb128 0x20
 5883 2628 A2030000 		.4byte	.LASF525
 5884 262c 23       		.byte	0x23
 5885 262d B301     		.2byte	0x1b3
 5886 262f 55240000 		.4byte	0x2455
 5887 2633 2B       		.uleb128 0x2b
 5888 2634 07       		.byte	0x7
 5889 2635 01       		.byte	0x1
 5890 2636 37000000 		.4byte	0x37
 5891 263a 24       		.byte	0x24
 5892 263b 3F       		.byte	0x3f
 5893 263c 53260000 		.4byte	0x2653
 5894 2640 25       		.uleb128 0x25
 5895 2641 8A090000 		.4byte	.LASF526
 5896 2645 00       		.byte	0
 5897 2646 25       		.uleb128 0x25
 5898 2647 08250000 		.4byte	.LASF527
 5899 264b 01       		.byte	0x1
 5900 264c 25       		.uleb128 0x25
 5901 264d 06020000 		.4byte	.LASF528
 5902 2651 02       		.byte	0x2
 5903 2652 00       		.byte	0
 5904 2653 03       		.uleb128 0x3
 5905 2654 701B0000 		.4byte	.LASF529
 5906 2658 24       		.byte	0x24
 5907 2659 43       		.byte	0x43
 5908 265a 33260000 		.4byte	0x2633
 5909 265e 03       		.uleb128 0x3
 5910 265f 3A080000 		.4byte	.LASF530
 5911 2663 24       		.byte	0x24
 5912 2664 48       		.byte	0x48
 5913 2665 69260000 		.4byte	0x2669
 5914 2669 10       		.uleb128 0x10
 5915 266a 3A080000 		.4byte	.LASF530
 5916 266e 08       		.byte	0x8
 5917 266f 25       		.byte	0x25
 5918 2670 71       		.byte	0x71
 5919 2671 8E260000 		.4byte	0x268e
 5920 2675 0F       		.uleb128 0xf
 5921 2676 04160000 		.4byte	.LASF454
 5922 267a 25       		.byte	0x25
ARM GAS  /tmp/cc1HOfrl.s 			page 105


 5923 267b 75       		.byte	0x75
 5924 267c 53260000 		.4byte	0x2653
 5925 2680 00       		.byte	0
 5926 2681 0F       		.uleb128 0xf
 5927 2682 071C0000 		.4byte	.LASF455
 5928 2686 25       		.byte	0x25
 5929 2687 79       		.byte	0x79
 5930 2688 20270000 		.4byte	0x2720
 5931 268c 04       		.byte	0x4
 5932 268d 00       		.byte	0
 5933 268e 03       		.uleb128 0x3
 5934 268f 80230000 		.4byte	.LASF531
 5935 2693 25       		.byte	0x25
 5936 2694 47       		.byte	0x47
 5937 2695 2C090000 		.4byte	0x92c
 5938 2699 03       		.uleb128 0x3
 5939 269a B91E0000 		.4byte	.LASF532
 5940 269e 25       		.byte	0x25
 5941 269f 4F       		.byte	0x4f
 5942 26a0 A4260000 		.4byte	0x26a4
 5943 26a4 07       		.uleb128 0x7
 5944 26a5 04       		.byte	0x4
 5945 26a6 AA260000 		.4byte	0x26aa
 5946 26aa 1F       		.uleb128 0x1f
 5947 26ab BA260000 		.4byte	0x26ba
 5948 26af 16       		.uleb128 0x16
 5949 26b0 BA260000 		.4byte	0x26ba
 5950 26b4 16       		.uleb128 0x16
 5951 26b5 8E260000 		.4byte	0x268e
 5952 26b9 00       		.byte	0
 5953 26ba 07       		.uleb128 0x7
 5954 26bb 04       		.byte	0x4
 5955 26bc 5E260000 		.4byte	0x265e
 5956 26c0 0E       		.uleb128 0xe
 5957 26c1 08       		.byte	0x8
 5958 26c2 25       		.byte	0x25
 5959 26c3 54       		.byte	0x54
 5960 26c4 E0260000 		.4byte	0x26e0
 5961 26c8 0F       		.uleb128 0xf
 5962 26c9 1F080000 		.4byte	.LASF533
 5963 26cd 25       		.byte	0x25
 5964 26ce 58       		.byte	0x58
 5965 26cf 2C090000 		.4byte	0x92c
 5966 26d3 00       		.byte	0
 5967 26d4 11       		.uleb128 0x11
 5968 26d5 636200   		.ascii	"cb\000"
 5969 26d8 25       		.byte	0x25
 5970 26d9 5F       		.byte	0x5f
 5971 26da 99260000 		.4byte	0x2699
 5972 26de 04       		.byte	0x4
 5973 26df 00       		.byte	0
 5974 26e0 03       		.uleb128 0x3
 5975 26e1 9E0D0000 		.4byte	.LASF534
 5976 26e5 25       		.byte	0x25
 5977 26e6 60       		.byte	0x60
 5978 26e7 C0260000 		.4byte	0x26c0
 5979 26eb 0E       		.uleb128 0xe
ARM GAS  /tmp/cc1HOfrl.s 			page 106


 5980 26ec B8       		.byte	0xb8
 5981 26ed 25       		.byte	0x25
 5982 26ee 66       		.byte	0x66
 5983 26ef 00270000 		.4byte	0x2700
 5984 26f3 0F       		.uleb128 0xf
 5985 26f4 C0200000 		.4byte	.LASF535
 5986 26f8 25       		.byte	0x25
 5987 26f9 6A       		.byte	0x6a
 5988 26fa 00270000 		.4byte	0x2700
 5989 26fe 00       		.byte	0
 5990 26ff 00       		.byte	0
 5991 2700 0C       		.uleb128 0xc
 5992 2701 E0260000 		.4byte	0x26e0
 5993 2705 10270000 		.4byte	0x2710
 5994 2709 0D       		.uleb128 0xd
 5995 270a B6000000 		.4byte	0xb6
 5996 270e 16       		.byte	0x16
 5997 270f 00       		.byte	0
 5998 2710 03       		.uleb128 0x3
 5999 2711 B71D0000 		.4byte	.LASF536
 6000 2715 25       		.byte	0x25
 6001 2716 6C       		.byte	0x6c
 6002 2717 EB260000 		.4byte	0x26eb
 6003 271b 05       		.uleb128 0x5
 6004 271c 10270000 		.4byte	0x2710
 6005 2720 07       		.uleb128 0x7
 6006 2721 04       		.byte	0x4
 6007 2722 1B270000 		.4byte	0x271b
 6008 2726 22       		.uleb128 0x22
 6009 2727 74050000 		.4byte	.LASF537
 6010 272b 25       		.byte	0x25
 6011 272c 86       		.byte	0x86
 6012 272d 5E260000 		.4byte	0x265e
 6013 2731 2B       		.uleb128 0x2b
 6014 2732 07       		.byte	0x7
 6015 2733 01       		.byte	0x1
 6016 2734 37000000 		.4byte	0x37
 6017 2738 26       		.byte	0x26
 6018 2739 31       		.byte	0x31
 6019 273a 5D270000 		.4byte	0x275d
 6020 273e 25       		.uleb128 0x25
 6021 273f A5160000 		.4byte	.LASF538
 6022 2743 00       		.byte	0
 6023 2744 25       		.uleb128 0x25
 6024 2745 79140000 		.4byte	.LASF539
 6025 2749 01       		.byte	0x1
 6026 274a 25       		.uleb128 0x25
 6027 274b 60190000 		.4byte	.LASF540
 6028 274f 02       		.byte	0x2
 6029 2750 25       		.uleb128 0x25
 6030 2751 50070000 		.4byte	.LASF541
 6031 2755 03       		.byte	0x3
 6032 2756 25       		.uleb128 0x25
 6033 2757 1E040000 		.4byte	.LASF542
 6034 275b 04       		.byte	0x4
 6035 275c 00       		.byte	0
 6036 275d 03       		.uleb128 0x3
ARM GAS  /tmp/cc1HOfrl.s 			page 107


 6037 275e 61130000 		.4byte	.LASF543
 6038 2762 26       		.byte	0x26
 6039 2763 37       		.byte	0x37
 6040 2764 31270000 		.4byte	0x2731
 6041 2768 03       		.uleb128 0x3
 6042 2769 D0170000 		.4byte	.LASF544
 6043 276d 26       		.byte	0x26
 6044 276e 3C       		.byte	0x3c
 6045 276f 73270000 		.4byte	0x2773
 6046 2773 1B       		.uleb128 0x1b
 6047 2774 D0170000 		.4byte	.LASF544
 6048 2778 10       		.byte	0x10
 6049 2779 27       		.byte	0x27
 6050 277a 9701     		.2byte	0x197
 6051 277c B5270000 		.4byte	0x27b5
 6052 2780 18       		.uleb128 0x18
 6053 2781 04160000 		.4byte	.LASF454
 6054 2785 27       		.byte	0x27
 6055 2786 9B01     		.2byte	0x19b
 6056 2788 5D270000 		.4byte	0x275d
 6057 278c 00       		.byte	0
 6058 278d 18       		.uleb128 0x18
 6059 278e 071C0000 		.4byte	.LASF455
 6060 2792 27       		.byte	0x27
 6061 2793 9F01     		.2byte	0x19f
 6062 2795 4A290000 		.4byte	0x294a
 6063 2799 04       		.byte	0x4
 6064 279a 18       		.uleb128 0x18
 6065 279b 050C0000 		.4byte	.LASF545
 6066 279f 27       		.byte	0x27
 6067 27a0 A701     		.2byte	0x1a7
 6068 27a2 2C090000 		.4byte	0x92c
 6069 27a6 08       		.byte	0x8
 6070 27a7 26       		.uleb128 0x26
 6071 27a8 74696D00 		.ascii	"tim\000"
 6072 27ac 27       		.byte	0x27
 6073 27ad AB01     		.2byte	0x1ab
 6074 27af 50290000 		.4byte	0x2950
 6075 27b3 0C       		.byte	0xc
 6076 27b4 00       		.byte	0
 6077 27b5 03       		.uleb128 0x3
 6078 27b6 BE110000 		.4byte	.LASF546
 6079 27ba 26       		.byte	0x26
 6080 27bb 43       		.byte	0x43
 6081 27bc C0270000 		.4byte	0x27c0
 6082 27c0 07       		.uleb128 0x7
 6083 27c1 04       		.byte	0x4
 6084 27c2 C6270000 		.4byte	0x27c6
 6085 27c6 1F       		.uleb128 0x1f
 6086 27c7 D1270000 		.4byte	0x27d1
 6087 27cb 16       		.uleb128 0x16
 6088 27cc D1270000 		.4byte	0x27d1
 6089 27d0 00       		.byte	0
 6090 27d1 07       		.uleb128 0x7
 6091 27d2 04       		.byte	0x4
 6092 27d3 68270000 		.4byte	0x2768
 6093 27d7 1C       		.uleb128 0x1c
ARM GAS  /tmp/cc1HOfrl.s 			page 108


 6094 27d8 60       		.byte	0x60
 6095 27d9 28       		.byte	0x28
 6096 27da 9E01     		.2byte	0x19e
 6097 27dc E3280000 		.4byte	0x28e3
 6098 27e0 26       		.uleb128 0x26
 6099 27e1 43523100 		.ascii	"CR1\000"
 6100 27e5 28       		.byte	0x28
 6101 27e6 9F01     		.2byte	0x19f
 6102 27e8 37090000 		.4byte	0x937
 6103 27ec 00       		.byte	0
 6104 27ed 26       		.uleb128 0x26
 6105 27ee 43523200 		.ascii	"CR2\000"
 6106 27f2 28       		.byte	0x28
 6107 27f3 A001     		.2byte	0x1a0
 6108 27f5 37090000 		.4byte	0x937
 6109 27f9 04       		.byte	0x4
 6110 27fa 18       		.uleb128 0x18
 6111 27fb F01F0000 		.4byte	.LASF547
 6112 27ff 28       		.byte	0x28
 6113 2800 A101     		.2byte	0x1a1
 6114 2802 37090000 		.4byte	0x937
 6115 2806 08       		.byte	0x8
 6116 2807 18       		.uleb128 0x18
 6117 2808 D1090000 		.4byte	.LASF548
 6118 280c 28       		.byte	0x28
 6119 280d A201     		.2byte	0x1a2
 6120 280f 37090000 		.4byte	0x937
 6121 2813 0C       		.byte	0xc
 6122 2814 26       		.uleb128 0x26
 6123 2815 535200   		.ascii	"SR\000"
 6124 2818 28       		.byte	0x28
 6125 2819 A301     		.2byte	0x1a3
 6126 281b 37090000 		.4byte	0x937
 6127 281f 10       		.byte	0x10
 6128 2820 26       		.uleb128 0x26
 6129 2821 45475200 		.ascii	"EGR\000"
 6130 2825 28       		.byte	0x28
 6131 2826 A401     		.2byte	0x1a4
 6132 2828 37090000 		.4byte	0x937
 6133 282c 14       		.byte	0x14
 6134 282d 18       		.uleb128 0x18
 6135 282e 12240000 		.4byte	.LASF549
 6136 2832 28       		.byte	0x28
 6137 2833 A501     		.2byte	0x1a5
 6138 2835 37090000 		.4byte	0x937
 6139 2839 18       		.byte	0x18
 6140 283a 18       		.uleb128 0x18
 6141 283b 18240000 		.4byte	.LASF550
 6142 283f 28       		.byte	0x28
 6143 2840 A601     		.2byte	0x1a6
 6144 2842 37090000 		.4byte	0x937
 6145 2846 1C       		.byte	0x1c
 6146 2847 18       		.uleb128 0x18
 6147 2848 E4060000 		.4byte	.LASF551
 6148 284c 28       		.byte	0x28
 6149 284d A701     		.2byte	0x1a7
 6150 284f 37090000 		.4byte	0x937
ARM GAS  /tmp/cc1HOfrl.s 			page 109


 6151 2853 20       		.byte	0x20
 6152 2854 26       		.uleb128 0x26
 6153 2855 434E5400 		.ascii	"CNT\000"
 6154 2859 28       		.byte	0x28
 6155 285a A801     		.2byte	0x1a8
 6156 285c 37090000 		.4byte	0x937
 6157 2860 24       		.byte	0x24
 6158 2861 26       		.uleb128 0x26
 6159 2862 50534300 		.ascii	"PSC\000"
 6160 2866 28       		.byte	0x28
 6161 2867 A901     		.2byte	0x1a9
 6162 2869 37090000 		.4byte	0x937
 6163 286d 28       		.byte	0x28
 6164 286e 26       		.uleb128 0x26
 6165 286f 41525200 		.ascii	"ARR\000"
 6166 2873 28       		.byte	0x28
 6167 2874 AA01     		.2byte	0x1aa
 6168 2876 37090000 		.4byte	0x937
 6169 287a 2C       		.byte	0x2c
 6170 287b 26       		.uleb128 0x26
 6171 287c 52435200 		.ascii	"RCR\000"
 6172 2880 28       		.byte	0x28
 6173 2881 AB01     		.2byte	0x1ab
 6174 2883 37090000 		.4byte	0x937
 6175 2887 30       		.byte	0x30
 6176 2888 26       		.uleb128 0x26
 6177 2889 43435200 		.ascii	"CCR\000"
 6178 288d 28       		.byte	0x28
 6179 288e AC01     		.2byte	0x1ac
 6180 2890 95120000 		.4byte	0x1295
 6181 2894 34       		.byte	0x34
 6182 2895 18       		.uleb128 0x18
 6183 2896 CD010000 		.4byte	.LASF552
 6184 289a 28       		.byte	0x28
 6185 289b AD01     		.2byte	0x1ad
 6186 289d 37090000 		.4byte	0x937
 6187 28a1 44       		.byte	0x44
 6188 28a2 26       		.uleb128 0x26
 6189 28a3 44435200 		.ascii	"DCR\000"
 6190 28a7 28       		.byte	0x28
 6191 28a8 AE01     		.2byte	0x1ae
 6192 28aa 37090000 		.4byte	0x937
 6193 28ae 48       		.byte	0x48
 6194 28af 18       		.uleb128 0x18
 6195 28b0 53160000 		.4byte	.LASF553
 6196 28b4 28       		.byte	0x28
 6197 28b5 AF01     		.2byte	0x1af
 6198 28b7 37090000 		.4byte	0x937
 6199 28bb 4C       		.byte	0x4c
 6200 28bc 26       		.uleb128 0x26
 6201 28bd 4F5200   		.ascii	"OR\000"
 6202 28c0 28       		.byte	0x28
 6203 28c1 B001     		.2byte	0x1b0
 6204 28c3 37090000 		.4byte	0x937
 6205 28c7 50       		.byte	0x50
 6206 28c8 18       		.uleb128 0x18
 6207 28c9 1E240000 		.4byte	.LASF554
ARM GAS  /tmp/cc1HOfrl.s 			page 110


 6208 28cd 28       		.byte	0x28
 6209 28ce B101     		.2byte	0x1b1
 6210 28d0 37090000 		.4byte	0x937
 6211 28d4 54       		.byte	0x54
 6212 28d5 18       		.uleb128 0x18
 6213 28d6 1A0C0000 		.4byte	.LASF555
 6214 28da 28       		.byte	0x28
 6215 28db B201     		.2byte	0x1b2
 6216 28dd 80120000 		.4byte	0x1280
 6217 28e1 58       		.byte	0x58
 6218 28e2 00       		.byte	0
 6219 28e3 09       		.uleb128 0x9
 6220 28e4 1E1F0000 		.4byte	.LASF556
 6221 28e8 28       		.byte	0x28
 6222 28e9 B301     		.2byte	0x1b3
 6223 28eb D7270000 		.4byte	0x27d7
 6224 28ef 09       		.uleb128 0x9
 6225 28f0 76080000 		.4byte	.LASF557
 6226 28f4 27       		.byte	0x27
 6227 28f5 6D01     		.2byte	0x16d
 6228 28f7 2C090000 		.4byte	0x92c
 6229 28fb 1C       		.uleb128 0x1c
 6230 28fc 10       		.byte	0x10
 6231 28fd 27       		.byte	0x27
 6232 28fe 7801     		.2byte	0x178
 6233 2900 39290000 		.4byte	0x2939
 6234 2904 18       		.uleb128 0x18
 6235 2905 AD230000 		.4byte	.LASF558
 6236 2909 27       		.byte	0x27
 6237 290a 7E01     		.2byte	0x17e
 6238 290c EF280000 		.4byte	0x28ef
 6239 2910 00       		.byte	0
 6240 2911 18       		.uleb128 0x18
 6241 2912 58160000 		.4byte	.LASF559
 6242 2916 27       		.byte	0x27
 6243 2917 8501     		.2byte	0x185
 6244 2919 B5270000 		.4byte	0x27b5
 6245 291d 04       		.byte	0x4
 6246 291e 26       		.uleb128 0x26
 6247 291f 63723200 		.ascii	"cr2\000"
 6248 2923 27       		.byte	0x27
 6249 2924 8B01     		.2byte	0x18b
 6250 2926 2C090000 		.4byte	0x92c
 6251 292a 08       		.byte	0x8
 6252 292b 18       		.uleb128 0x18
 6253 292c 810B0000 		.4byte	.LASF560
 6254 2930 27       		.byte	0x27
 6255 2931 9101     		.2byte	0x191
 6256 2933 2C090000 		.4byte	0x92c
 6257 2937 0C       		.byte	0xc
 6258 2938 00       		.byte	0
 6259 2939 09       		.uleb128 0x9
 6260 293a 24060000 		.4byte	.LASF561
 6261 293e 27       		.byte	0x27
 6262 293f 9201     		.2byte	0x192
 6263 2941 FB280000 		.4byte	0x28fb
 6264 2945 05       		.uleb128 0x5
ARM GAS  /tmp/cc1HOfrl.s 			page 111


 6265 2946 39290000 		.4byte	0x2939
 6266 294a 07       		.uleb128 0x7
 6267 294b 04       		.byte	0x4
 6268 294c 45290000 		.4byte	0x2945
 6269 2950 07       		.uleb128 0x7
 6270 2951 04       		.byte	0x4
 6271 2952 E3280000 		.4byte	0x28e3
 6272 2956 20       		.uleb128 0x20
 6273 2957 36230000 		.4byte	.LASF562
 6274 295b 27       		.byte	0x27
 6275 295c F201     		.2byte	0x1f2
 6276 295e 68270000 		.4byte	0x2768
 6277 2962 20       		.uleb128 0x20
 6278 2963 0E1C0000 		.4byte	.LASF563
 6279 2967 27       		.byte	0x27
 6280 2968 0202     		.2byte	0x202
 6281 296a 68270000 		.4byte	0x2768
 6282 296e 20       		.uleb128 0x20
 6283 296f 47000000 		.4byte	.LASF564
 6284 2973 27       		.byte	0x27
 6285 2974 0A02     		.2byte	0x20a
 6286 2976 68270000 		.4byte	0x2768
 6287 297a 2B       		.uleb128 0x2b
 6288 297b 07       		.byte	0x7
 6289 297c 01       		.byte	0x1
 6290 297d 37000000 		.4byte	0x37
 6291 2981 29       		.byte	0x29
 6292 2982 4C       		.byte	0x4c
 6293 2983 AC290000 		.4byte	0x29ac
 6294 2987 25       		.uleb128 0x25
 6295 2988 E9050000 		.4byte	.LASF565
 6296 298c 00       		.byte	0
 6297 298d 25       		.uleb128 0x25
 6298 298e 680D0000 		.4byte	.LASF566
 6299 2992 01       		.byte	0x1
 6300 2993 25       		.uleb128 0x25
 6301 2994 C6060000 		.4byte	.LASF567
 6302 2998 02       		.byte	0x2
 6303 2999 25       		.uleb128 0x25
 6304 299a 4D040000 		.4byte	.LASF568
 6305 299e 03       		.byte	0x3
 6306 299f 25       		.uleb128 0x25
 6307 29a0 26030000 		.4byte	.LASF569
 6308 29a4 04       		.byte	0x4
 6309 29a5 25       		.uleb128 0x25
 6310 29a6 36130000 		.4byte	.LASF570
 6311 29aa 05       		.byte	0x5
 6312 29ab 00       		.byte	0
 6313 29ac 03       		.uleb128 0x3
 6314 29ad 5A110000 		.4byte	.LASF571
 6315 29b1 29       		.byte	0x29
 6316 29b2 53       		.byte	0x53
 6317 29b3 7A290000 		.4byte	0x297a
 6318 29b7 09       		.uleb128 0x9
 6319 29b8 AD170000 		.4byte	.LASF572
 6320 29bc 2A       		.byte	0x2a
 6321 29bd 6A01     		.2byte	0x16a
ARM GAS  /tmp/cc1HOfrl.s 			page 112


 6322 29bf 11090000 		.4byte	0x911
 6323 29c3 09       		.uleb128 0x9
 6324 29c4 C4030000 		.4byte	.LASF573
 6325 29c8 2A       		.byte	0x2a
 6326 29c9 6F01     		.2byte	0x16f
 6327 29cb 2C090000 		.4byte	0x92c
 6328 29cf 2D       		.uleb128 0x2d
 6329 29d0 07       		.byte	0x7
 6330 29d1 01       		.byte	0x1
 6331 29d2 37000000 		.4byte	0x37
 6332 29d6 2A       		.byte	0x2a
 6333 29d7 7401     		.2byte	0x174
 6334 29d9 F0290000 		.4byte	0x29f0
 6335 29dd 25       		.uleb128 0x25
 6336 29de 60040000 		.4byte	.LASF574
 6337 29e2 01       		.byte	0x1
 6338 29e3 25       		.uleb128 0x25
 6339 29e4 6C000000 		.4byte	.LASF575
 6340 29e8 02       		.byte	0x2
 6341 29e9 25       		.uleb128 0x25
 6342 29ea 4B090000 		.4byte	.LASF576
 6343 29ee 03       		.byte	0x3
 6344 29ef 00       		.byte	0
 6345 29f0 09       		.uleb128 0x9
 6346 29f1 5D240000 		.4byte	.LASF577
 6347 29f5 2A       		.byte	0x2a
 6348 29f6 7801     		.2byte	0x178
 6349 29f8 CF290000 		.4byte	0x29cf
 6350 29fc 2D       		.uleb128 0x2d
 6351 29fd 07       		.byte	0x7
 6352 29fe 01       		.byte	0x1
 6353 29ff 37000000 		.4byte	0x37
 6354 2a03 2A       		.byte	0x2a
 6355 2a04 7D01     		.2byte	0x17d
 6356 2a06 1D2A0000 		.4byte	0x2a1d
 6357 2a0a 25       		.uleb128 0x25
 6358 2a0b 48050000 		.4byte	.LASF578
 6359 2a0f 01       		.byte	0x1
 6360 2a10 25       		.uleb128 0x25
 6361 2a11 E7230000 		.4byte	.LASF579
 6362 2a15 02       		.byte	0x2
 6363 2a16 25       		.uleb128 0x25
 6364 2a17 210A0000 		.4byte	.LASF580
 6365 2a1b 03       		.byte	0x3
 6366 2a1c 00       		.byte	0
 6367 2a1d 09       		.uleb128 0x9
 6368 2a1e 75060000 		.4byte	.LASF581
 6369 2a22 2A       		.byte	0x2a
 6370 2a23 8101     		.2byte	0x181
 6371 2a25 FC290000 		.4byte	0x29fc
 6372 2a29 1C       		.uleb128 0x1c
 6373 2a2a 0C       		.byte	0xc
 6374 2a2b 2A       		.byte	0x2a
 6375 2a2c 8601     		.2byte	0x186
 6376 2a2e 5A2A0000 		.4byte	0x2a5a
 6377 2a32 18       		.uleb128 0x18
 6378 2a33 A9140000 		.4byte	.LASF582
ARM GAS  /tmp/cc1HOfrl.s 			page 113


 6379 2a37 2A       		.byte	0x2a
 6380 2a38 8801     		.2byte	0x188
 6381 2a3a F0290000 		.4byte	0x29f0
 6382 2a3e 00       		.byte	0
 6383 2a3f 18       		.uleb128 0x18
 6384 2a40 8C030000 		.4byte	.LASF583
 6385 2a44 2A       		.byte	0x2a
 6386 2a45 8901     		.2byte	0x189
 6387 2a47 2C090000 		.4byte	0x92c
 6388 2a4b 04       		.byte	0x4
 6389 2a4c 18       		.uleb128 0x18
 6390 2a4d D9240000 		.4byte	.LASF584
 6391 2a51 2A       		.byte	0x2a
 6392 2a52 8C01     		.2byte	0x18c
 6393 2a54 1D2A0000 		.4byte	0x2a1d
 6394 2a58 08       		.byte	0x8
 6395 2a59 00       		.byte	0
 6396 2a5a 09       		.uleb128 0x9
 6397 2a5b DA010000 		.4byte	.LASF585
 6398 2a5f 2A       		.byte	0x2a
 6399 2a60 8E01     		.2byte	0x18e
 6400 2a62 292A0000 		.4byte	0x2a29
 6401 2a66 05       		.uleb128 0x5
 6402 2a67 5A2A0000 		.4byte	0x2a5a
 6403 2a6b 09       		.uleb128 0x9
 6404 2a6c 43040000 		.4byte	.LASF586
 6405 2a70 2A       		.byte	0x2a
 6406 2a71 9301     		.2byte	0x193
 6407 2a73 772A0000 		.4byte	0x2a77
 6408 2a77 1B       		.uleb128 0x1b
 6409 2a78 43040000 		.4byte	.LASF586
 6410 2a7c 3C       		.byte	0x3c
 6411 2a7d 2A       		.byte	0x2a
 6412 2a7e 9801     		.2byte	0x198
 6413 2a80 142B0000 		.4byte	0x2b14
 6414 2a84 18       		.uleb128 0x18
 6415 2a85 04160000 		.4byte	.LASF454
 6416 2a89 2A       		.byte	0x2a
 6417 2a8a 9C01     		.2byte	0x19c
 6418 2a8c AC290000 		.4byte	0x29ac
 6419 2a90 00       		.byte	0
 6420 2a91 18       		.uleb128 0x18
 6421 2a92 071C0000 		.4byte	.LASF455
 6422 2a96 2A       		.byte	0x2a
 6423 2a97 A001     		.2byte	0x1a0
 6424 2a99 142B0000 		.4byte	0x2b14
 6425 2a9d 04       		.byte	0x4
 6426 2a9e 18       		.uleb128 0x18
 6427 2a9f 50010000 		.4byte	.LASF587
 6428 2aa3 2A       		.byte	0x2a
 6429 2aa4 A401     		.2byte	0x1a4
 6430 2aa6 C3290000 		.4byte	0x29c3
 6431 2aaa 08       		.byte	0x8
 6432 2aab 18       		.uleb128 0x18
 6433 2aac DC0B0000 		.4byte	.LASF460
 6434 2ab0 2A       		.byte	0x2a
 6435 2ab1 A901     		.2byte	0x1a9
ARM GAS  /tmp/cc1HOfrl.s 			page 114


 6436 2ab3 271A0000 		.4byte	0x1a27
 6437 2ab7 0C       		.byte	0xc
 6438 2ab8 18       		.uleb128 0x18
 6439 2ab9 94060000 		.4byte	.LASF459
 6440 2abd 2A       		.byte	0x2a
 6441 2abe B201     		.2byte	0x1b2
 6442 2ac0 6B0B0000 		.4byte	0xb6b
 6443 2ac4 20       		.byte	0x20
 6444 2ac5 18       		.uleb128 0x18
 6445 2ac6 710D0000 		.4byte	.LASF588
 6446 2aca 2A       		.byte	0x2a
 6447 2acb B601     		.2byte	0x1b6
 6448 2acd B7290000 		.4byte	0x29b7
 6449 2ad1 24       		.byte	0x24
 6450 2ad2 18       		.uleb128 0x18
 6451 2ad3 0B080000 		.4byte	.LASF589
 6452 2ad7 2A       		.byte	0x2a
 6453 2ad8 BA01     		.2byte	0x1ba
 6454 2ada 2C090000 		.4byte	0x92c
 6455 2ade 28       		.byte	0x28
 6456 2adf 18       		.uleb128 0x18
 6457 2ae0 64080000 		.4byte	.LASF590
 6458 2ae4 2A       		.byte	0x2a
 6459 2ae5 BE01     		.2byte	0x1be
 6460 2ae7 2C090000 		.4byte	0x92c
 6461 2aeb 2C       		.byte	0x2c
 6462 2aec 18       		.uleb128 0x18
 6463 2aed 09010000 		.4byte	.LASF591
 6464 2af1 2A       		.byte	0x2a
 6465 2af2 C201     		.2byte	0x1c2
 6466 2af4 4A220000 		.4byte	0x224a
 6467 2af8 30       		.byte	0x30
 6468 2af9 18       		.uleb128 0x18
 6469 2afa F9010000 		.4byte	.LASF592
 6470 2afe 2A       		.byte	0x2a
 6471 2aff C601     		.2byte	0x1c6
 6472 2b01 4A220000 		.4byte	0x224a
 6473 2b05 34       		.byte	0x34
 6474 2b06 26       		.uleb128 0x26
 6475 2b07 69326300 		.ascii	"i2c\000"
 6476 2b0b 2A       		.byte	0x2a
 6477 2b0c CA01     		.2byte	0x1ca
 6478 2b0e 1A2B0000 		.4byte	0x2b1a
 6479 2b12 38       		.byte	0x38
 6480 2b13 00       		.byte	0
 6481 2b14 07       		.uleb128 0x7
 6482 2b15 04       		.byte	0x4
 6483 2b16 662A0000 		.4byte	0x2a66
 6484 2b1a 07       		.uleb128 0x7
 6485 2b1b 04       		.byte	0x4
 6486 2b1c 25130000 		.4byte	0x1325
 6487 2b20 20       		.uleb128 0x20
 6488 2b21 DC110000 		.4byte	.LASF593
 6489 2b25 2A       		.byte	0x2a
 6490 2b26 E001     		.2byte	0x1e0
 6491 2b28 6B2A0000 		.4byte	0x2a6b
 6492 2b2c 2B       		.uleb128 0x2b
ARM GAS  /tmp/cc1HOfrl.s 			page 115


 6493 2b2d 07       		.byte	0x7
 6494 2b2e 01       		.byte	0x1
 6495 2b2f 37000000 		.4byte	0x37
 6496 2b33 2B       		.byte	0x2b
 6497 2b34 39       		.byte	0x39
 6498 2b35 582B0000 		.4byte	0x2b58
 6499 2b39 25       		.uleb128 0x25
 6500 2b3a 4A100000 		.4byte	.LASF594
 6501 2b3e 00       		.byte	0
 6502 2b3f 25       		.uleb128 0x25
 6503 2b40 BD0B0000 		.4byte	.LASF595
 6504 2b44 01       		.byte	0x1
 6505 2b45 25       		.uleb128 0x25
 6506 2b46 DF140000 		.4byte	.LASF596
 6507 2b4a 02       		.byte	0x2
 6508 2b4b 25       		.uleb128 0x25
 6509 2b4c 55190000 		.4byte	.LASF597
 6510 2b50 03       		.byte	0x3
 6511 2b51 25       		.uleb128 0x25
 6512 2b52 451E0000 		.4byte	.LASF598
 6513 2b56 04       		.byte	0x4
 6514 2b57 00       		.byte	0
 6515 2b58 03       		.uleb128 0x3
 6516 2b59 74210000 		.4byte	.LASF599
 6517 2b5d 2B       		.byte	0x2b
 6518 2b5e 3F       		.byte	0x3f
 6519 2b5f 2C2B0000 		.4byte	0x2b2c
 6520 2b63 03       		.uleb128 0x3
 6521 2b64 CF240000 		.4byte	.LASF600
 6522 2b68 2C       		.byte	0x2c
 6523 2b69 E2       		.byte	0xe2
 6524 2b6a 6E2B0000 		.4byte	0x2b6e
 6525 2b6e 1B       		.uleb128 0x1b
 6526 2b6f CF240000 		.4byte	.LASF600
 6527 2b73 20       		.byte	0x20
 6528 2b74 2C       		.byte	0x2c
 6529 2b75 1B01     		.2byte	0x11b
 6530 2b77 E42B0000 		.4byte	0x2be4
 6531 2b7b 18       		.uleb128 0x18
 6532 2b7c 04160000 		.4byte	.LASF454
 6533 2b80 2C       		.byte	0x2c
 6534 2b81 1F01     		.2byte	0x11f
 6535 2b83 582B0000 		.4byte	0x2b58
 6536 2b87 00       		.byte	0
 6537 2b88 18       		.uleb128 0x18
 6538 2b89 071C0000 		.4byte	.LASF455
 6539 2b8d 2C       		.byte	0x2c
 6540 2b8e 2301     		.2byte	0x123
 6541 2b90 752C0000 		.4byte	0x2c75
 6542 2b94 04       		.byte	0x4
 6543 2b95 26       		.uleb128 0x26
 6544 2b96 73706900 		.ascii	"spi\000"
 6545 2b9a 2C       		.byte	0x2c
 6546 2b9b 2801     		.2byte	0x128
 6547 2b9d 7B2C0000 		.4byte	0x2c7b
 6548 2ba1 08       		.byte	0x8
 6549 2ba2 26       		.uleb128 0x26
ARM GAS  /tmp/cc1HOfrl.s 			page 116


 6550 2ba3 63666700 		.ascii	"cfg\000"
 6551 2ba7 2C       		.byte	0x2c
 6552 2ba8 2C01     		.2byte	0x12c
 6553 2baa 11090000 		.4byte	0x911
 6554 2bae 0C       		.byte	0xc
 6555 2baf 18       		.uleb128 0x18
 6556 2bb0 09010000 		.4byte	.LASF591
 6557 2bb4 2C       		.byte	0x2c
 6558 2bb5 3001     		.2byte	0x130
 6559 2bb7 4A220000 		.4byte	0x224a
 6560 2bbb 10       		.byte	0x10
 6561 2bbc 18       		.uleb128 0x18
 6562 2bbd F9010000 		.4byte	.LASF592
 6563 2bc1 2C       		.byte	0x2c
 6564 2bc2 3401     		.2byte	0x134
 6565 2bc4 4A220000 		.4byte	0x224a
 6566 2bc8 14       		.byte	0x14
 6567 2bc9 18       		.uleb128 0x18
 6568 2bca 0B080000 		.4byte	.LASF589
 6569 2bce 2C       		.byte	0x2c
 6570 2bcf 3801     		.2byte	0x138
 6571 2bd1 2C090000 		.4byte	0x92c
 6572 2bd5 18       		.byte	0x18
 6573 2bd6 18       		.uleb128 0x18
 6574 2bd7 64080000 		.4byte	.LASF590
 6575 2bdb 2C       		.byte	0x2c
 6576 2bdc 3C01     		.2byte	0x13c
 6577 2bde 2C090000 		.4byte	0x92c
 6578 2be2 1C       		.byte	0x1c
 6579 2be3 00       		.byte	0
 6580 2be4 03       		.uleb128 0x3
 6581 2be5 50080000 		.4byte	.LASF601
 6582 2be9 2C       		.byte	0x2c
 6583 2bea EB       		.byte	0xeb
 6584 2beb EF2B0000 		.4byte	0x2bef
 6585 2bef 07       		.uleb128 0x7
 6586 2bf0 04       		.byte	0x4
 6587 2bf1 F52B0000 		.4byte	0x2bf5
 6588 2bf5 1F       		.uleb128 0x1f
 6589 2bf6 0A2C0000 		.4byte	0x2c0a
 6590 2bfa 16       		.uleb128 0x16
 6591 2bfb 0A2C0000 		.4byte	0x2c0a
 6592 2bff 16       		.uleb128 0x16
 6593 2c00 BD000000 		.4byte	0xbd
 6594 2c04 16       		.uleb128 0x16
 6595 2c05 BD000000 		.4byte	0xbd
 6596 2c09 00       		.byte	0
 6597 2c0a 07       		.uleb128 0x7
 6598 2c0b 04       		.byte	0x4
 6599 2c0c 632B0000 		.4byte	0x2b63
 6600 2c10 0E       		.uleb128 0xe
 6601 2c11 14       		.byte	0x14
 6602 2c12 2C       		.byte	0x2c
 6603 2c13 F1       		.byte	0xf1
 6604 2c14 642C0000 		.4byte	0x2c64
 6605 2c18 0F       		.uleb128 0xf
 6606 2c19 7A010000 		.4byte	.LASF602
ARM GAS  /tmp/cc1HOfrl.s 			page 117


 6607 2c1d 2C       		.byte	0x2c
 6608 2c1e F6       		.byte	0xf6
 6609 2c1f 57090000 		.4byte	0x957
 6610 2c23 00       		.byte	0
 6611 2c24 0F       		.uleb128 0xf
 6612 2c25 46010000 		.4byte	.LASF603
 6613 2c29 2C       		.byte	0x2c
 6614 2c2a FB       		.byte	0xfb
 6615 2c2b CF000000 		.4byte	0xcf
 6616 2c2f 04       		.byte	0x4
 6617 2c30 0F       		.uleb128 0xf
 6618 2c31 E20B0000 		.4byte	.LASF604
 6619 2c35 2C       		.byte	0x2c
 6620 2c36 FF       		.byte	0xff
 6621 2c37 BD000000 		.4byte	0xbd
 6622 2c3b 08       		.byte	0x8
 6623 2c3c 18       		.uleb128 0x18
 6624 2c3d F1080000 		.4byte	.LASF467
 6625 2c41 2C       		.byte	0x2c
 6626 2c42 0301     		.2byte	0x103
 6627 2c44 E42B0000 		.4byte	0x2be4
 6628 2c48 0C       		.byte	0xc
 6629 2c49 18       		.uleb128 0x18
 6630 2c4a AD190000 		.4byte	.LASF605
 6631 2c4e 2C       		.byte	0x2c
 6632 2c4f 0F01     		.2byte	0x10f
 6633 2c51 06090000 		.4byte	0x906
 6634 2c55 10       		.byte	0x10
 6635 2c56 18       		.uleb128 0x18
 6636 2c57 4E060000 		.4byte	.LASF606
 6637 2c5b 2C       		.byte	0x2c
 6638 2c5c 1501     		.2byte	0x115
 6639 2c5e 06090000 		.4byte	0x906
 6640 2c62 12       		.byte	0x12
 6641 2c63 00       		.byte	0
 6642 2c64 09       		.uleb128 0x9
 6643 2c65 E4240000 		.4byte	.LASF607
 6644 2c69 2C       		.byte	0x2c
 6645 2c6a 1601     		.2byte	0x116
 6646 2c6c 102C0000 		.4byte	0x2c10
 6647 2c70 05       		.uleb128 0x5
 6648 2c71 642C0000 		.4byte	0x2c64
 6649 2c75 07       		.uleb128 0x7
 6650 2c76 04       		.byte	0x4
 6651 2c77 702C0000 		.4byte	0x2c70
 6652 2c7b 07       		.uleb128 0x7
 6653 2c7c 04       		.byte	0x4
 6654 2c7d D8140000 		.4byte	0x14d8
 6655 2c81 20       		.uleb128 0x20
 6656 2c82 19250000 		.4byte	.LASF608
 6657 2c86 2C       		.byte	0x2c
 6658 2c87 4801     		.2byte	0x148
 6659 2c89 632B0000 		.4byte	0x2b63
 6660 2c8d 2B       		.uleb128 0x2b
 6661 2c8e 07       		.byte	0x7
 6662 2c8f 01       		.byte	0x1
 6663 2c90 37000000 		.4byte	0x37
ARM GAS  /tmp/cc1HOfrl.s 			page 118


 6664 2c94 2D       		.byte	0x2d
 6665 2c95 4A       		.byte	0x4a
 6666 2c96 AD2C0000 		.4byte	0x2cad
 6667 2c9a 25       		.uleb128 0x25
 6668 2c9b EF060000 		.4byte	.LASF609
 6669 2c9f 00       		.byte	0
 6670 2ca0 25       		.uleb128 0x25
 6671 2ca1 CB0B0000 		.4byte	.LASF610
 6672 2ca5 01       		.byte	0x1
 6673 2ca6 25       		.uleb128 0x25
 6674 2ca7 79100000 		.4byte	.LASF611
 6675 2cab 02       		.byte	0x2
 6676 2cac 00       		.byte	0
 6677 2cad 03       		.uleb128 0x3
 6678 2cae 47030000 		.4byte	.LASF612
 6679 2cb2 2D       		.byte	0x2d
 6680 2cb3 4E       		.byte	0x4e
 6681 2cb4 8D2C0000 		.4byte	0x2c8d
 6682 2cb8 03       		.uleb128 0x3
 6683 2cb9 FB0A0000 		.4byte	.LASF613
 6684 2cbd 2D       		.byte	0x2d
 6685 2cbe 53       		.byte	0x53
 6686 2cbf C32C0000 		.4byte	0x2cc3
 6687 2cc3 1B       		.uleb128 0x1b
 6688 2cc4 FB0A0000 		.4byte	.LASF613
 6689 2cc8 1C       		.byte	0x1c
 6690 2cc9 2E       		.byte	0x2e
 6691 2cca 7901     		.2byte	0x179
 6692 2ccc 2C2D0000 		.4byte	0x2d2c
 6693 2cd0 18       		.uleb128 0x18
 6694 2cd1 04160000 		.4byte	.LASF454
 6695 2cd5 2E       		.byte	0x2e
 6696 2cd6 7D01     		.2byte	0x17d
 6697 2cd8 AD2C0000 		.4byte	0x2cad
 6698 2cdc 00       		.byte	0
 6699 2cdd 18       		.uleb128 0x18
 6700 2cde 071C0000 		.4byte	.LASF455
 6701 2ce2 2E       		.byte	0x2e
 6702 2ce3 8101     		.2byte	0x181
 6703 2ce5 272E0000 		.4byte	0x2e27
 6704 2ce9 04       		.byte	0x4
 6705 2cea 18       		.uleb128 0x18
 6706 2ceb 27130000 		.4byte	.LASF614
 6707 2cef 2E       		.byte	0x2e
 6708 2cf0 8501     		.2byte	0x185
 6709 2cf2 722D0000 		.4byte	0x2d72
 6710 2cf6 08       		.byte	0x8
 6711 2cf7 18       		.uleb128 0x18
 6712 2cf8 221A0000 		.4byte	.LASF615
 6713 2cfc 2E       		.byte	0x2e
 6714 2cfd 8901     		.2byte	0x189
 6715 2cff 662D0000 		.4byte	0x2d66
 6716 2d03 0C       		.byte	0xc
 6717 2d04 18       		.uleb128 0x18
 6718 2d05 C0200000 		.4byte	.LASF535
 6719 2d09 2E       		.byte	0x2e
 6720 2d0a 8D01     		.2byte	0x18d
ARM GAS  /tmp/cc1HOfrl.s 			page 119


 6721 2d0c 5A2D0000 		.4byte	0x2d5a
 6722 2d10 10       		.byte	0x10
 6723 2d11 18       		.uleb128 0x18
 6724 2d12 050C0000 		.4byte	.LASF545
 6725 2d16 2E       		.byte	0x2e
 6726 2d17 9501     		.2byte	0x195
 6727 2d19 2C090000 		.4byte	0x92c
 6728 2d1d 14       		.byte	0x14
 6729 2d1e 26       		.uleb128 0x26
 6730 2d1f 74696D00 		.ascii	"tim\000"
 6731 2d23 2E       		.byte	0x2e
 6732 2d24 9901     		.2byte	0x199
 6733 2d26 50290000 		.4byte	0x2950
 6734 2d2a 18       		.byte	0x18
 6735 2d2b 00       		.byte	0
 6736 2d2c 03       		.uleb128 0x3
 6737 2d2d 19110000 		.4byte	.LASF616
 6738 2d31 2D       		.byte	0x2d
 6739 2d32 5A       		.byte	0x5a
 6740 2d33 372D0000 		.4byte	0x2d37
 6741 2d37 07       		.uleb128 0x7
 6742 2d38 04       		.byte	0x4
 6743 2d39 3D2D0000 		.4byte	0x2d3d
 6744 2d3d 1F       		.uleb128 0x1f
 6745 2d3e 482D0000 		.4byte	0x2d48
 6746 2d42 16       		.uleb128 0x16
 6747 2d43 482D0000 		.4byte	0x2d48
 6748 2d47 00       		.byte	0
 6749 2d48 07       		.uleb128 0x7
 6750 2d49 04       		.byte	0x4
 6751 2d4a B82C0000 		.4byte	0x2cb8
 6752 2d4e 09       		.uleb128 0x9
 6753 2d4f 22150000 		.4byte	.LASF617
 6754 2d53 2E       		.byte	0x2e
 6755 2d54 2501     		.2byte	0x125
 6756 2d56 2C090000 		.4byte	0x92c
 6757 2d5a 09       		.uleb128 0x9
 6758 2d5b 51170000 		.4byte	.LASF618
 6759 2d5f 2E       		.byte	0x2e
 6760 2d60 2A01     		.2byte	0x12a
 6761 2d62 F6080000 		.4byte	0x8f6
 6762 2d66 09       		.uleb128 0x9
 6763 2d67 C9140000 		.4byte	.LASF619
 6764 2d6b 2E       		.byte	0x2e
 6765 2d6c 2F01     		.2byte	0x12f
 6766 2d6e 2C090000 		.4byte	0x92c
 6767 2d72 09       		.uleb128 0x9
 6768 2d73 EB0C0000 		.4byte	.LASF620
 6769 2d77 2E       		.byte	0x2e
 6770 2d78 3401     		.2byte	0x134
 6771 2d7a 2C090000 		.4byte	0x92c
 6772 2d7e 1C       		.uleb128 0x1c
 6773 2d7f 08       		.byte	0x8
 6774 2d80 2E       		.byte	0x2e
 6775 2d81 3901     		.2byte	0x139
 6776 2d83 A22D0000 		.4byte	0x2da2
 6777 2d87 18       		.uleb128 0x18
ARM GAS  /tmp/cc1HOfrl.s 			page 120


 6778 2d88 1F080000 		.4byte	.LASF533
 6779 2d8c 2E       		.byte	0x2e
 6780 2d8d 3D01     		.2byte	0x13d
 6781 2d8f 4E2D0000 		.4byte	0x2d4e
 6782 2d93 00       		.byte	0
 6783 2d94 18       		.uleb128 0x18
 6784 2d95 58160000 		.4byte	.LASF559
 6785 2d99 2E       		.byte	0x2e
 6786 2d9a 4301     		.2byte	0x143
 6787 2d9c 2C2D0000 		.4byte	0x2d2c
 6788 2da0 04       		.byte	0x4
 6789 2da1 00       		.byte	0
 6790 2da2 09       		.uleb128 0x9
 6791 2da3 DA0C0000 		.4byte	.LASF621
 6792 2da7 2E       		.byte	0x2e
 6793 2da8 4501     		.2byte	0x145
 6794 2daa 7E2D0000 		.4byte	0x2d7e
 6795 2dae 1C       		.uleb128 0x1c
 6796 2daf 34       		.byte	0x34
 6797 2db0 2E       		.byte	0x2e
 6798 2db1 4A01     		.2byte	0x14a
 6799 2db3 062E0000 		.4byte	0x2e06
 6800 2db7 18       		.uleb128 0x18
 6801 2db8 AD230000 		.4byte	.LASF558
 6802 2dbc 2E       		.byte	0x2e
 6803 2dbd 5001     		.2byte	0x150
 6804 2dbf 2C090000 		.4byte	0x92c
 6805 2dc3 00       		.byte	0
 6806 2dc4 18       		.uleb128 0x18
 6807 2dc5 27130000 		.4byte	.LASF614
 6808 2dc9 2E       		.byte	0x2e
 6809 2dca 5601     		.2byte	0x156
 6810 2dcc 722D0000 		.4byte	0x2d72
 6811 2dd0 04       		.byte	0x4
 6812 2dd1 18       		.uleb128 0x18
 6813 2dd2 58160000 		.4byte	.LASF559
 6814 2dd6 2E       		.byte	0x2e
 6815 2dd7 5C01     		.2byte	0x15c
 6816 2dd9 2C2D0000 		.4byte	0x2d2c
 6817 2ddd 08       		.byte	0x8
 6818 2dde 18       		.uleb128 0x18
 6819 2ddf C0200000 		.4byte	.LASF535
 6820 2de3 2E       		.byte	0x2e
 6821 2de4 6001     		.2byte	0x160
 6822 2de6 062E0000 		.4byte	0x2e06
 6823 2dea 0C       		.byte	0xc
 6824 2deb 26       		.uleb128 0x26
 6825 2dec 63723200 		.ascii	"cr2\000"
 6826 2df0 2E       		.byte	0x2e
 6827 2df1 6601     		.2byte	0x166
 6828 2df3 2C090000 		.4byte	0x92c
 6829 2df7 2C       		.byte	0x2c
 6830 2df8 18       		.uleb128 0x18
 6831 2df9 810B0000 		.4byte	.LASF560
 6832 2dfd 2E       		.byte	0x2e
 6833 2dfe 7301     		.2byte	0x173
 6834 2e00 2C090000 		.4byte	0x92c
ARM GAS  /tmp/cc1HOfrl.s 			page 121


 6835 2e04 30       		.byte	0x30
 6836 2e05 00       		.byte	0
 6837 2e06 0C       		.uleb128 0xc
 6838 2e07 A22D0000 		.4byte	0x2da2
 6839 2e0b 162E0000 		.4byte	0x2e16
 6840 2e0f 0D       		.uleb128 0xd
 6841 2e10 B6000000 		.4byte	0xb6
 6842 2e14 03       		.byte	0x3
 6843 2e15 00       		.byte	0
 6844 2e16 09       		.uleb128 0x9
 6845 2e17 0C0B0000 		.4byte	.LASF622
 6846 2e1b 2E       		.byte	0x2e
 6847 2e1c 7401     		.2byte	0x174
 6848 2e1e AE2D0000 		.4byte	0x2dae
 6849 2e22 05       		.uleb128 0x5
 6850 2e23 162E0000 		.4byte	0x2e16
 6851 2e27 07       		.uleb128 0x7
 6852 2e28 04       		.byte	0x4
 6853 2e29 222E0000 		.4byte	0x2e22
 6854 2e2d 20       		.uleb128 0x20
 6855 2e2e 0D120000 		.4byte	.LASF623
 6856 2e32 2E       		.byte	0x2e
 6857 2e33 BC01     		.2byte	0x1bc
 6858 2e35 B82C0000 		.4byte	0x2cb8
 6859 2e39 20       		.uleb128 0x20
 6860 2e3a 13120000 		.4byte	.LASF624
 6861 2e3e 2E       		.byte	0x2e
 6862 2e3f C001     		.2byte	0x1c0
 6863 2e41 B82C0000 		.4byte	0x2cb8
 6864 2e45 20       		.uleb128 0x20
 6865 2e46 19120000 		.4byte	.LASF625
 6866 2e4a 2E       		.byte	0x2e
 6867 2e4b C401     		.2byte	0x1c4
 6868 2e4d B82C0000 		.4byte	0x2cb8
 6869 2e51 20       		.uleb128 0x20
 6870 2e52 1F120000 		.4byte	.LASF626
 6871 2e56 2E       		.byte	0x2e
 6872 2e57 C801     		.2byte	0x1c8
 6873 2e59 B82C0000 		.4byte	0x2cb8
 6874 2e5d 2B       		.uleb128 0x2b
 6875 2e5e 07       		.byte	0x7
 6876 2e5f 01       		.byte	0x1
 6877 2e60 37000000 		.4byte	0x37
 6878 2e64 2F       		.byte	0x2f
 6879 2e65 55       		.byte	0x55
 6880 2e66 7D2E0000 		.4byte	0x2e7d
 6881 2e6a 25       		.uleb128 0x25
 6882 2e6b 2E060000 		.4byte	.LASF627
 6883 2e6f 00       		.byte	0
 6884 2e70 25       		.uleb128 0x25
 6885 2e71 4C0C0000 		.4byte	.LASF628
 6886 2e75 01       		.byte	0x1
 6887 2e76 25       		.uleb128 0x25
 6888 2e77 930E0000 		.4byte	.LASF629
 6889 2e7b 02       		.byte	0x2
 6890 2e7c 00       		.byte	0
 6891 2e7d 03       		.uleb128 0x3
ARM GAS  /tmp/cc1HOfrl.s 			page 122


 6892 2e7e AA180000 		.4byte	.LASF630
 6893 2e82 2F       		.byte	0x2f
 6894 2e83 59       		.byte	0x59
 6895 2e84 5D2E0000 		.4byte	0x2e5d
 6896 2e88 03       		.uleb128 0x3
 6897 2e89 F5200000 		.4byte	.LASF631
 6898 2e8d 2F       		.byte	0x2f
 6899 2e8e 5E       		.byte	0x5e
 6900 2e8f 932E0000 		.4byte	0x2e93
 6901 2e93 12       		.uleb128 0x12
 6902 2e94 F5200000 		.4byte	.LASF631
 6903 2e98 5801     		.2byte	0x158
 6904 2e9a 2F       		.byte	0x2f
 6905 2e9b 78       		.byte	0x78
 6906 2e9c 002F0000 		.4byte	0x2f00
 6907 2ea0 11       		.uleb128 0x11
 6908 2ea1 766D7400 		.ascii	"vmt\000"
 6909 2ea5 2F       		.byte	0x2f
 6910 2ea6 7A       		.byte	0x7a
 6911 2ea7 7E2F0000 		.4byte	0x2f7e
 6912 2eab 00       		.byte	0
 6913 2eac 0F       		.uleb128 0xf
 6914 2ead 4E000000 		.4byte	.LASF632
 6915 2eb1 2F       		.byte	0x2f
 6916 2eb2 7B       		.byte	0x7b
 6917 2eb3 CF1A0000 		.4byte	0x1acf
 6918 2eb7 04       		.byte	0x4
 6919 2eb8 0F       		.uleb128 0xf
 6920 2eb9 04160000 		.4byte	.LASF454
 6921 2ebd 2F       		.byte	0x2f
 6922 2ebe 7B       		.byte	0x7b
 6923 2ebf 7D2E0000 		.4byte	0x2e7d
 6924 2ec3 08       		.byte	0x8
 6925 2ec4 0F       		.uleb128 0xf
 6926 2ec5 8B180000 		.4byte	.LASF633
 6927 2ec9 2F       		.byte	0x2f
 6928 2eca 7B       		.byte	0x7b
 6929 2ecb 7A1B0000 		.4byte	0x1b7a
 6930 2ecf 0C       		.byte	0xc
 6931 2ed0 0F       		.uleb128 0xf
 6932 2ed1 2D120000 		.4byte	.LASF634
 6933 2ed5 2F       		.byte	0x2f
 6934 2ed6 7B       		.byte	0x7b
 6935 2ed7 851B0000 		.4byte	0x1b85
 6936 2edb 30       		.byte	0x30
 6937 2edc 11       		.uleb128 0x11
 6938 2edd 696200   		.ascii	"ib\000"
 6939 2ee0 2F       		.byte	0x2f
 6940 2ee1 7B       		.byte	0x7b
 6941 2ee2 842F0000 		.4byte	0x2f84
 6942 2ee6 54       		.byte	0x54
 6943 2ee7 11       		.uleb128 0x11
 6944 2ee8 6F6200   		.ascii	"ob\000"
 6945 2eeb 2F       		.byte	0x2f
 6946 2eec 7B       		.byte	0x7b
 6947 2eed 842F0000 		.4byte	0x2f84
 6948 2ef1 D4       		.byte	0xd4
ARM GAS  /tmp/cc1HOfrl.s 			page 123


 6949 2ef2 13       		.uleb128 0x13
 6950 2ef3 541A0000 		.4byte	.LASF635
 6951 2ef7 2F       		.byte	0x2f
 6952 2ef8 7B       		.byte	0x7b
 6953 2ef9 942F0000 		.4byte	0x2f94
 6954 2efd 5401     		.2byte	0x154
 6955 2eff 00       		.byte	0
 6956 2f00 2A       		.uleb128 0x2a
 6957 2f01 53443300 		.ascii	"SD3\000"
 6958 2f05 30       		.byte	0x30
 6959 2f06 1501     		.2byte	0x115
 6960 2f08 882E0000 		.4byte	0x2e88
 6961 2f0c 10       		.uleb128 0x10
 6962 2f0d FD0D0000 		.4byte	.LASF636
 6963 2f11 20       		.byte	0x20
 6964 2f12 2F       		.byte	0x2f
 6965 2f13 6D       		.byte	0x6d
 6966 2f14 792F0000 		.4byte	0x2f79
 6967 2f18 0F       		.uleb128 0xf
 6968 2f19 7A180000 		.4byte	.LASF637
 6969 2f1d 2F       		.byte	0x2f
 6970 2f1e 6E       		.byte	0x6e
 6971 2f1f AF1B0000 		.4byte	0x1baf
 6972 2f23 00       		.byte	0
 6973 2f24 0F       		.uleb128 0xf
 6974 2f25 5B040000 		.4byte	.LASF638
 6975 2f29 2F       		.byte	0x2f
 6976 2f2a 6E       		.byte	0x6e
 6977 2f2b CE1B0000 		.4byte	0x1bce
 6978 2f2f 04       		.byte	0x4
 6979 2f30 11       		.uleb128 0x11
 6980 2f31 70757400 		.ascii	"put\000"
 6981 2f35 2F       		.byte	0x2f
 6982 2f36 6E       		.byte	0x6e
 6983 2f37 E81B0000 		.4byte	0x1be8
 6984 2f3b 08       		.byte	0x8
 6985 2f3c 11       		.uleb128 0x11
 6986 2f3d 67657400 		.ascii	"get\000"
 6987 2f41 2F       		.byte	0x2f
 6988 2f42 6E       		.byte	0x6e
 6989 2f43 FD1B0000 		.4byte	0x1bfd
 6990 2f47 0C       		.byte	0xc
 6991 2f48 0F       		.uleb128 0xf
 6992 2f49 EB130000 		.4byte	.LASF639
 6993 2f4d 2F       		.byte	0x2f
 6994 2f4e 6E       		.byte	0x6e
 6995 2f4f 9E1C0000 		.4byte	0x1c9e
 6996 2f53 10       		.byte	0x10
 6997 2f54 0F       		.uleb128 0xf
 6998 2f55 60180000 		.4byte	.LASF640
 6999 2f59 2F       		.byte	0x2f
 7000 2f5a 6E       		.byte	0x6e
 7001 2f5b B81C0000 		.4byte	0x1cb8
 7002 2f5f 14       		.byte	0x14
 7003 2f60 0F       		.uleb128 0xf
 7004 2f61 DB210000 		.4byte	.LASF641
 7005 2f65 2F       		.byte	0x2f
ARM GAS  /tmp/cc1HOfrl.s 			page 124


 7006 2f66 6E       		.byte	0x6e
 7007 2f67 DC1C0000 		.4byte	0x1cdc
 7008 2f6b 18       		.byte	0x18
 7009 2f6c 0F       		.uleb128 0xf
 7010 2f6d 53130000 		.4byte	.LASF642
 7011 2f71 2F       		.byte	0x2f
 7012 2f72 6E       		.byte	0x6e
 7013 2f73 001D0000 		.4byte	0x1d00
 7014 2f77 1C       		.byte	0x1c
 7015 2f78 00       		.byte	0
 7016 2f79 05       		.uleb128 0x5
 7017 2f7a 0C2F0000 		.4byte	0x2f0c
 7018 2f7e 07       		.uleb128 0x7
 7019 2f7f 04       		.byte	0x4
 7020 2f80 792F0000 		.4byte	0x2f79
 7021 2f84 0C       		.uleb128 0xc
 7022 2f85 F6080000 		.4byte	0x8f6
 7023 2f89 942F0000 		.4byte	0x2f94
 7024 2f8d 0D       		.uleb128 0xd
 7025 2f8e B6000000 		.4byte	0xb6
 7026 2f92 7F       		.byte	0x7f
 7027 2f93 00       		.byte	0
 7028 2f94 07       		.uleb128 0x7
 7029 2f95 04       		.byte	0x4
 7030 2f96 47150000 		.4byte	0x1547
 7031 2f9a 2B       		.uleb128 0x2b
 7032 2f9b 07       		.byte	0x7
 7033 2f9c 01       		.byte	0x1
 7034 2f9d 37000000 		.4byte	0x37
 7035 2fa1 31       		.byte	0x31
 7036 2fa2 6C       		.byte	0x6c
 7037 2fa3 BA2F0000 		.4byte	0x2fba
 7038 2fa7 25       		.uleb128 0x25
 7039 2fa8 11030000 		.4byte	.LASF643
 7040 2fac 00       		.byte	0
 7041 2fad 25       		.uleb128 0x25
 7042 2fae 38150000 		.4byte	.LASF644
 7043 2fb2 01       		.byte	0x1
 7044 2fb3 25       		.uleb128 0x25
 7045 2fb4 F4120000 		.4byte	.LASF645
 7046 2fb8 02       		.byte	0x2
 7047 2fb9 00       		.byte	0
 7048 2fba 03       		.uleb128 0x3
 7049 2fbb 0E1B0000 		.4byte	.LASF646
 7050 2fbf 31       		.byte	0x31
 7051 2fc0 70       		.byte	0x70
 7052 2fc1 9A2F0000 		.4byte	0x2f9a
 7053 2fc5 03       		.uleb128 0x3
 7054 2fc6 5A1A0000 		.4byte	.LASF647
 7055 2fca 32       		.byte	0x32
 7056 2fcb BF       		.byte	0xbf
 7057 2fcc 2C090000 		.4byte	0x92c
 7058 2fd0 03       		.uleb128 0x3
 7059 2fd1 8B000000 		.4byte	.LASF648
 7060 2fd5 32       		.byte	0x32
 7061 2fd6 C4       		.byte	0xc4
 7062 2fd7 2C090000 		.4byte	0x92c
ARM GAS  /tmp/cc1HOfrl.s 			page 125


 7063 2fdb 03       		.uleb128 0x3
 7064 2fdc D9200000 		.4byte	.LASF649
 7065 2fe0 32       		.byte	0x32
 7066 2fe1 C9       		.byte	0xc9
 7067 2fe2 E62F0000 		.4byte	0x2fe6
 7068 2fe6 10       		.uleb128 0x10
 7069 2fe7 D9200000 		.4byte	.LASF649
 7070 2feb 4C       		.byte	0x4c
 7071 2fec 32       		.byte	0x32
 7072 2fed F2       		.byte	0xf2
 7073 2fee 95300000 		.4byte	0x3095
 7074 2ff2 11       		.uleb128 0x11
 7075 2ff3 766D7400 		.ascii	"vmt\000"
 7076 2ff7 32       		.byte	0x32
 7077 2ff8 F6       		.byte	0xf6
 7078 2ff9 38310000 		.4byte	0x3138
 7079 2ffd 00       		.byte	0
 7080 2ffe 0F       		.uleb128 0xf
 7081 2fff 04160000 		.4byte	.LASF454
 7082 3003 32       		.byte	0x32
 7083 3004 F7       		.byte	0xf7
 7084 3005 4A1D0000 		.4byte	0x1d4a
 7085 3009 04       		.byte	0x4
 7086 300a 11       		.uleb128 0x11
 7087 300b 63696400 		.ascii	"cid\000"
 7088 300f 32       		.byte	0x32
 7089 3010 F7       		.byte	0xf7
 7090 3011 051E0000 		.4byte	0x1e05
 7091 3015 08       		.byte	0x8
 7092 3016 11       		.uleb128 0x11
 7093 3017 63736400 		.ascii	"csd\000"
 7094 301b 32       		.byte	0x32
 7095 301c F7       		.byte	0xf7
 7096 301d 051E0000 		.4byte	0x1e05
 7097 3021 18       		.byte	0x18
 7098 3022 0F       		.uleb128 0xf
 7099 3023 DC1C0000 		.4byte	.LASF650
 7100 3027 32       		.byte	0x32
 7101 3028 F7       		.byte	0xf7
 7102 3029 2C090000 		.4byte	0x92c
 7103 302d 28       		.byte	0x28
 7104 302e 0F       		.uleb128 0xf
 7105 302f 071C0000 		.4byte	.LASF455
 7106 3033 32       		.byte	0x32
 7107 3034 FB       		.byte	0xfb
 7108 3035 3E310000 		.4byte	0x313e
 7109 3039 2C       		.byte	0x2c
 7110 303a 0F       		.uleb128 0xf
 7111 303b 05040000 		.4byte	.LASF651
 7112 303f 32       		.byte	0x32
 7113 3040 FF       		.byte	0xff
 7114 3041 C52F0000 		.4byte	0x2fc5
 7115 3045 30       		.byte	0x30
 7116 3046 18       		.uleb128 0x18
 7117 3047 50010000 		.4byte	.LASF587
 7118 304b 32       		.byte	0x32
 7119 304c 0301     		.2byte	0x103
ARM GAS  /tmp/cc1HOfrl.s 			page 126


 7120 304e D02F0000 		.4byte	0x2fd0
 7121 3052 34       		.byte	0x34
 7122 3053 26       		.uleb128 0x26
 7123 3054 72636100 		.ascii	"rca\000"
 7124 3058 32       		.byte	0x32
 7125 3059 0701     		.2byte	0x107
 7126 305b 2C090000 		.4byte	0x92c
 7127 305f 38       		.byte	0x38
 7128 3060 18       		.uleb128 0x18
 7129 3061 94060000 		.4byte	.LASF459
 7130 3065 32       		.byte	0x32
 7131 3066 0C01     		.2byte	0x10c
 7132 3068 6B0B0000 		.4byte	0xb6b
 7133 306c 3C       		.byte	0x3c
 7134 306d 18       		.uleb128 0x18
 7135 306e 3C180000 		.4byte	.LASF462
 7136 3072 32       		.byte	0x32
 7137 3073 1001     		.2byte	0x110
 7138 3075 2C090000 		.4byte	0x92c
 7139 3079 40       		.byte	0x40
 7140 307a 26       		.uleb128 0x26
 7141 307b 646D6100 		.ascii	"dma\000"
 7142 307f 32       		.byte	0x32
 7143 3080 1401     		.2byte	0x114
 7144 3082 4A220000 		.4byte	0x224a
 7145 3086 44       		.byte	0x44
 7146 3087 18       		.uleb128 0x18
 7147 3088 1C160000 		.4byte	.LASF652
 7148 308c 32       		.byte	0x32
 7149 308d 1901     		.2byte	0x119
 7150 308f 44310000 		.4byte	0x3144
 7151 3093 48       		.byte	0x48
 7152 3094 00       		.byte	0
 7153 3095 0E       		.uleb128 0xe
 7154 3096 08       		.byte	0x8
 7155 3097 32       		.byte	0x32
 7156 3098 CF       		.byte	0xcf
 7157 3099 B6300000 		.4byte	0x30b6
 7158 309d 0F       		.uleb128 0xf
 7159 309e 2A0D0000 		.4byte	.LASF653
 7160 30a2 32       		.byte	0x32
 7161 30a3 D8       		.byte	0xd8
 7162 30a4 741B0000 		.4byte	0x1b74
 7163 30a8 00       		.byte	0
 7164 30a9 0F       		.uleb128 0xf
 7165 30aa B4220000 		.4byte	.LASF654
 7166 30ae 32       		.byte	0x32
 7167 30af DC       		.byte	0xdc
 7168 30b0 BA2F0000 		.4byte	0x2fba
 7169 30b4 04       		.byte	0x4
 7170 30b5 00       		.byte	0
 7171 30b6 03       		.uleb128 0x3
 7172 30b7 181A0000 		.4byte	.LASF655
 7173 30bb 32       		.byte	0x32
 7174 30bc DE       		.byte	0xde
 7175 30bd 95300000 		.4byte	0x3095
 7176 30c1 05       		.uleb128 0x5
ARM GAS  /tmp/cc1HOfrl.s 			page 127


 7177 30c2 B6300000 		.4byte	0x30b6
 7178 30c6 10       		.uleb128 0x10
 7179 30c7 DD220000 		.4byte	.LASF656
 7180 30cb 20       		.byte	0x20
 7181 30cc 32       		.byte	0x32
 7182 30cd EB       		.byte	0xeb
 7183 30ce 33310000 		.4byte	0x3133
 7184 30d2 0F       		.uleb128 0xf
 7185 30d3 1F250000 		.4byte	.LASF657
 7186 30d7 32       		.byte	0x32
 7187 30d8 EC       		.byte	0xec
 7188 30d9 971D0000 		.4byte	0x1d97
 7189 30dd 00       		.byte	0
 7190 30de 0F       		.uleb128 0xf
 7191 30df 860B0000 		.4byte	.LASF658
 7192 30e3 32       		.byte	0x32
 7193 30e4 EC       		.byte	0xec
 7194 30e5 971D0000 		.4byte	0x1d97
 7195 30e9 04       		.byte	0x4
 7196 30ea 0F       		.uleb128 0xf
 7197 30eb 220E0000 		.4byte	.LASF659
 7198 30ef 32       		.byte	0x32
 7199 30f0 EC       		.byte	0xec
 7200 30f1 971D0000 		.4byte	0x1d97
 7201 30f5 08       		.byte	0x8
 7202 30f6 0F       		.uleb128 0xf
 7203 30f7 D9130000 		.4byte	.LASF660
 7204 30fb 32       		.byte	0x32
 7205 30fc EC       		.byte	0xec
 7206 30fd 971D0000 		.4byte	0x1d97
 7207 3101 0C       		.byte	0xc
 7208 3102 0F       		.uleb128 0xf
 7209 3103 5B040000 		.4byte	.LASF638
 7210 3107 32       		.byte	0x32
 7211 3108 EC       		.byte	0xec
 7212 3109 BB1D0000 		.4byte	0x1dbb
 7213 310d 10       		.byte	0x10
 7214 310e 0F       		.uleb128 0xf
 7215 310f 7A180000 		.4byte	.LASF637
 7216 3113 32       		.byte	0x32
 7217 3114 EC       		.byte	0xec
 7218 3115 DF1D0000 		.4byte	0x1ddf
 7219 3119 14       		.byte	0x14
 7220 311a 0F       		.uleb128 0xf
 7221 311b 4F1A0000 		.4byte	.LASF661
 7222 311f 32       		.byte	0x32
 7223 3120 EC       		.byte	0xec
 7224 3121 971D0000 		.4byte	0x1d97
 7225 3125 18       		.byte	0x18
 7226 3126 0F       		.uleb128 0xf
 7227 3127 20220000 		.4byte	.LASF662
 7228 312b 32       		.byte	0x32
 7229 312c EC       		.byte	0xec
 7230 312d FF1D0000 		.4byte	0x1dff
 7231 3131 1C       		.byte	0x1c
 7232 3132 00       		.byte	0
 7233 3133 05       		.uleb128 0x5
ARM GAS  /tmp/cc1HOfrl.s 			page 128


 7234 3134 C6300000 		.4byte	0x30c6
 7235 3138 07       		.uleb128 0x7
 7236 3139 04       		.byte	0x4
 7237 313a 33310000 		.4byte	0x3133
 7238 313e 07       		.uleb128 0x7
 7239 313f 04       		.byte	0x4
 7240 3140 C1300000 		.4byte	0x30c1
 7241 3144 07       		.uleb128 0x7
 7242 3145 04       		.byte	0x4
 7243 3146 4F140000 		.4byte	0x144f
 7244 314a 20       		.uleb128 0x20
 7245 314b AE090000 		.4byte	.LASF663
 7246 314f 32       		.byte	0x32
 7247 3150 2501     		.2byte	0x125
 7248 3152 DB2F0000 		.4byte	0x2fdb
 7249 3156 2B       		.uleb128 0x2b
 7250 3157 07       		.byte	0x7
 7251 3158 01       		.byte	0x1
 7252 3159 37000000 		.4byte	0x37
 7253 315d 33       		.byte	0x33
 7254 315e 46       		.byte	0x46
 7255 315f 82310000 		.4byte	0x3182
 7256 3163 25       		.uleb128 0x25
 7257 3164 AA060000 		.4byte	.LASF664
 7258 3168 00       		.byte	0
 7259 3169 25       		.uleb128 0x25
 7260 316a CF020000 		.4byte	.LASF665
 7261 316e 01       		.byte	0x1
 7262 316f 25       		.uleb128 0x25
 7263 3170 86220000 		.4byte	.LASF666
 7264 3174 02       		.byte	0x2
 7265 3175 25       		.uleb128 0x25
 7266 3176 8E0D0000 		.4byte	.LASF667
 7267 317a 03       		.byte	0x3
 7268 317b 25       		.uleb128 0x25
 7269 317c 7E130000 		.4byte	.LASF668
 7270 3180 04       		.byte	0x4
 7271 3181 00       		.byte	0
 7272 3182 03       		.uleb128 0x3
 7273 3183 5D0D0000 		.4byte	.LASF669
 7274 3187 33       		.byte	0x33
 7275 3188 4C       		.byte	0x4c
 7276 3189 56310000 		.4byte	0x3156
 7277 318d 09       		.uleb128 0x9
 7278 318e 85210000 		.4byte	.LASF670
 7279 3192 34       		.byte	0x34
 7280 3193 9601     		.2byte	0x196
 7281 3195 99310000 		.4byte	0x3199
 7282 3199 1B       		.uleb128 0x1b
 7283 319a 85210000 		.4byte	.LASF670
 7284 319e 34       		.byte	0x34
 7285 319f 34       		.byte	0x34
 7286 31a0 BA01     		.2byte	0x1ba
 7287 31a2 1C320000 		.4byte	0x321c
 7288 31a6 18       		.uleb128 0x18
 7289 31a7 04160000 		.4byte	.LASF454
 7290 31ab 34       		.byte	0x34
ARM GAS  /tmp/cc1HOfrl.s 			page 129


 7291 31ac BE01     		.2byte	0x1be
 7292 31ae 82310000 		.4byte	0x3182
 7293 31b2 00       		.byte	0
 7294 31b3 18       		.uleb128 0x18
 7295 31b4 071C0000 		.4byte	.LASF455
 7296 31b8 34       		.byte	0x34
 7297 31b9 C201     		.2byte	0x1c2
 7298 31bb 8E320000 		.4byte	0x328e
 7299 31bf 04       		.byte	0x4
 7300 31c0 18       		.uleb128 0x18
 7301 31c1 94060000 		.4byte	.LASF459
 7302 31c5 34       		.byte	0x34
 7303 31c6 C701     		.2byte	0x1c7
 7304 31c8 6B0B0000 		.4byte	0xb6b
 7305 31cc 08       		.byte	0x8
 7306 31cd 18       		.uleb128 0x18
 7307 31ce DC0B0000 		.4byte	.LASF460
 7308 31d2 34       		.byte	0x34
 7309 31d3 CD01     		.2byte	0x1cd
 7310 31d5 271A0000 		.4byte	0x1a27
 7311 31d9 0C       		.byte	0xc
 7312 31da 26       		.uleb128 0x26
 7313 31db 73706900 		.ascii	"spi\000"
 7314 31df 34       		.byte	0x34
 7315 31e0 D601     		.2byte	0x1d6
 7316 31e2 7B2C0000 		.4byte	0x2c7b
 7317 31e6 20       		.byte	0x20
 7318 31e7 18       		.uleb128 0x18
 7319 31e8 09010000 		.4byte	.LASF591
 7320 31ec 34       		.byte	0x34
 7321 31ed DA01     		.2byte	0x1da
 7322 31ef 4A220000 		.4byte	0x224a
 7323 31f3 24       		.byte	0x24
 7324 31f4 18       		.uleb128 0x18
 7325 31f5 F9010000 		.4byte	.LASF592
 7326 31f9 34       		.byte	0x34
 7327 31fa DE01     		.2byte	0x1de
 7328 31fc 4A220000 		.4byte	0x224a
 7329 3200 28       		.byte	0x28
 7330 3201 18       		.uleb128 0x18
 7331 3202 0B080000 		.4byte	.LASF589
 7332 3206 34       		.byte	0x34
 7333 3207 E201     		.2byte	0x1e2
 7334 3209 2C090000 		.4byte	0x92c
 7335 320d 2C       		.byte	0x2c
 7336 320e 18       		.uleb128 0x18
 7337 320f 64080000 		.4byte	.LASF590
 7338 3213 34       		.byte	0x34
 7339 3214 E601     		.2byte	0x1e6
 7340 3216 2C090000 		.4byte	0x92c
 7341 321a 30       		.byte	0x30
 7342 321b 00       		.byte	0
 7343 321c 09       		.uleb128 0x9
 7344 321d 5A150000 		.4byte	.LASF671
 7345 3221 34       		.byte	0x34
 7346 3222 9E01     		.2byte	0x19e
 7347 3224 28320000 		.4byte	0x3228
ARM GAS  /tmp/cc1HOfrl.s 			page 130


 7348 3228 07       		.uleb128 0x7
 7349 3229 04       		.byte	0x4
 7350 322a 2E320000 		.4byte	0x322e
 7351 322e 1F       		.uleb128 0x1f
 7352 322f 39320000 		.4byte	0x3239
 7353 3233 16       		.uleb128 0x16
 7354 3234 39320000 		.4byte	0x3239
 7355 3238 00       		.byte	0
 7356 3239 07       		.uleb128 0x7
 7357 323a 04       		.byte	0x4
 7358 323b 8D310000 		.4byte	0x318d
 7359 323f 1C       		.uleb128 0x1c
 7360 3240 0C       		.byte	0xc
 7361 3241 34       		.byte	0x34
 7362 3242 A301     		.2byte	0x1a3
 7363 3244 7D320000 		.4byte	0x327d
 7364 3248 18       		.uleb128 0x18
 7365 3249 F1080000 		.4byte	.LASF467
 7366 324d 34       		.byte	0x34
 7367 324e A701     		.2byte	0x1a7
 7368 3250 1C320000 		.4byte	0x321c
 7369 3254 00       		.byte	0
 7370 3255 18       		.uleb128 0x18
 7371 3256 5E230000 		.4byte	.LASF672
 7372 325a 34       		.byte	0x34
 7373 325b AC01     		.2byte	0x1ac
 7374 325d DB1F0000 		.4byte	0x1fdb
 7375 3261 04       		.byte	0x4
 7376 3262 18       		.uleb128 0x18
 7377 3263 5E080000 		.4byte	.LASF673
 7378 3267 34       		.byte	0x34
 7379 3268 B001     		.2byte	0x1b0
 7380 326a 11090000 		.4byte	0x911
 7381 326e 08       		.byte	0x8
 7382 326f 26       		.uleb128 0x26
 7383 3270 63723100 		.ascii	"cr1\000"
 7384 3274 34       		.byte	0x34
 7385 3275 B401     		.2byte	0x1b4
 7386 3277 11090000 		.4byte	0x911
 7387 327b 0A       		.byte	0xa
 7388 327c 00       		.byte	0
 7389 327d 09       		.uleb128 0x9
 7390 327e 77200000 		.4byte	.LASF674
 7391 3282 34       		.byte	0x34
 7392 3283 B501     		.2byte	0x1b5
 7393 3285 3F320000 		.4byte	0x323f
 7394 3289 05       		.uleb128 0x5
 7395 328a 7D320000 		.4byte	0x327d
 7396 328e 07       		.uleb128 0x7
 7397 328f 04       		.byte	0x4
 7398 3290 89320000 		.4byte	0x3289
 7399 3294 20       		.uleb128 0x20
 7400 3295 941F0000 		.4byte	.LASF675
 7401 3299 34       		.byte	0x34
 7402 329a F201     		.2byte	0x1f2
 7403 329c 8D310000 		.4byte	0x318d
 7404 32a0 03       		.uleb128 0x3
ARM GAS  /tmp/cc1HOfrl.s 			page 131


 7405 32a1 E9110000 		.4byte	.LASF676
 7406 32a5 35       		.byte	0x35
 7407 32a6 FA       		.byte	0xfa
 7408 32a7 AB320000 		.4byte	0x32ab
 7409 32ab 17       		.uleb128 0x17
 7410 32ac E9110000 		.4byte	.LASF676
 7411 32b0 6002     		.2byte	0x260
 7412 32b2 36       		.byte	0x36
 7413 32b3 7701     		.2byte	0x177
 7414 32b5 D7330000 		.4byte	0x33d7
 7415 32b9 18       		.uleb128 0x18
 7416 32ba 04160000 		.4byte	.LASF454
 7417 32be 36       		.byte	0x36
 7418 32bf 7B01     		.2byte	0x17b
 7419 32c1 0F340000 		.4byte	0x340f
 7420 32c5 00       		.byte	0
 7421 32c6 18       		.uleb128 0x18
 7422 32c7 071C0000 		.4byte	.LASF455
 7423 32cb 36       		.byte	0x36
 7424 32cc 7F01     		.2byte	0x17f
 7425 32ce 323D0000 		.4byte	0x3d32
 7426 32d2 04       		.byte	0x4
 7427 32d3 18       		.uleb128 0x18
 7428 32d4 B3200000 		.4byte	.LASF677
 7429 32d8 36       		.byte	0x36
 7430 32d9 8301     		.2byte	0x183
 7431 32db 11090000 		.4byte	0x911
 7432 32df 08       		.byte	0x8
 7433 32e0 18       		.uleb128 0x18
 7434 32e1 8D230000 		.4byte	.LASF678
 7435 32e5 36       		.byte	0x36
 7436 32e6 8701     		.2byte	0x187
 7437 32e8 11090000 		.4byte	0x911
 7438 32ec 0A       		.byte	0xa
 7439 32ed 26       		.uleb128 0x26
 7440 32ee 65706300 		.ascii	"epc\000"
 7441 32f2 36       		.byte	0x36
 7442 32f3 8B01     		.2byte	0x18b
 7443 32f5 383D0000 		.4byte	0x3d38
 7444 32f9 0C       		.byte	0xc
 7445 32fa 18       		.uleb128 0x18
 7446 32fb DA060000 		.4byte	.LASF679
 7447 32ff 36       		.byte	0x36
 7448 3300 9201     		.2byte	0x192
 7449 3302 4E3D0000 		.4byte	0x3d4e
 7450 3306 1C       		.byte	0x1c
 7451 3307 18       		.uleb128 0x18
 7452 3308 570B0000 		.4byte	.LASF680
 7453 330c 36       		.byte	0x36
 7454 330d 9901     		.2byte	0x199
 7455 330f 4E3D0000 		.4byte	0x3d4e
 7456 3313 28       		.byte	0x28
 7457 3314 18       		.uleb128 0x18
 7458 3315 26100000 		.4byte	.LASF681
 7459 3319 36       		.byte	0x36
 7460 331a 9D01     		.2byte	0x19d
 7461 331c 54340000 		.4byte	0x3454
ARM GAS  /tmp/cc1HOfrl.s 			page 132


 7462 3320 34       		.byte	0x34
 7463 3321 18       		.uleb128 0x18
 7464 3322 991B0000 		.4byte	.LASF682
 7465 3326 36       		.byte	0x36
 7466 3327 A101     		.2byte	0x1a1
 7467 3329 741B0000 		.4byte	0x1b74
 7468 332d 38       		.byte	0x38
 7469 332e 18       		.uleb128 0x18
 7470 332f 9F170000 		.4byte	.LASF683
 7471 3333 36       		.byte	0x36
 7472 3334 A501     		.2byte	0x1a5
 7473 3336 BD000000 		.4byte	0xbd
 7474 333a 3C       		.byte	0x3c
 7475 333b 18       		.uleb128 0x18
 7476 333c 141E0000 		.4byte	.LASF684
 7477 3340 36       		.byte	0x36
 7478 3341 A901     		.2byte	0x1a9
 7479 3343 D4340000 		.4byte	0x34d4
 7480 3347 40       		.byte	0x40
 7481 3348 18       		.uleb128 0x18
 7482 3349 A4060000 		.4byte	.LASF685
 7483 334d 36       		.byte	0x36
 7484 334e AD01     		.2byte	0x1ad
 7485 3350 AB220000 		.4byte	0x22ab
 7486 3354 44       		.byte	0x44
 7487 3355 18       		.uleb128 0x18
 7488 3356 2C150000 		.4byte	.LASF686
 7489 335a 36       		.byte	0x36
 7490 335b B101     		.2byte	0x1b1
 7491 335d 11090000 		.4byte	0x911
 7492 3361 4C       		.byte	0x4c
 7493 3362 18       		.uleb128 0x18
 7494 3363 72150000 		.4byte	.LASF687
 7495 3367 36       		.byte	0x36
 7496 3368 B501     		.2byte	0x1b5
 7497 336a F6080000 		.4byte	0x8f6
 7498 336e 4E       		.byte	0x4e
 7499 336f 18       		.uleb128 0x18
 7500 3370 A81A0000 		.4byte	.LASF688
 7501 3374 36       		.byte	0x36
 7502 3375 B901     		.2byte	0x1b9
 7503 3377 F6080000 		.4byte	0x8f6
 7504 337b 4F       		.byte	0x4f
 7505 337c 26       		.uleb128 0x26
 7506 337d 6F746700 		.ascii	"otg\000"
 7507 3381 36       		.byte	0x36
 7508 3382 C101     		.2byte	0x1c1
 7509 3384 5E3D0000 		.4byte	0x3d5e
 7510 3388 50       		.byte	0x50
 7511 3389 18       		.uleb128 0x18
 7512 338a 110D0000 		.4byte	.LASF689
 7513 338e 36       		.byte	0x36
 7514 338f C501     		.2byte	0x1c5
 7515 3391 643D0000 		.4byte	0x3d64
 7516 3395 54       		.byte	0x54
 7517 3396 18       		.uleb128 0x18
 7518 3397 3D1F0000 		.4byte	.LASF690
ARM GAS  /tmp/cc1HOfrl.s 			page 133


 7519 339b 36       		.byte	0x36
 7520 339c C901     		.2byte	0x1c9
 7521 339e 2C090000 		.4byte	0x92c
 7522 33a2 58       		.byte	0x58
 7523 33a3 18       		.uleb128 0x18
 7524 33a4 FB0B0000 		.4byte	.LASF691
 7525 33a8 36       		.byte	0x36
 7526 33a9 CD01     		.2byte	0x1cd
 7527 33ab 2C090000 		.4byte	0x92c
 7528 33af 5C       		.byte	0x5c
 7529 33b0 18       		.uleb128 0x18
 7530 33b1 AC070000 		.4byte	.LASF692
 7531 33b5 36       		.byte	0x36
 7532 33b6 D101     		.2byte	0x1d1
 7533 33b8 6B0B0000 		.4byte	0xb6b
 7534 33bc 60       		.byte	0x60
 7535 33bd 26       		.uleb128 0x26
 7536 33be 747200   		.ascii	"tr\000"
 7537 33c1 36       		.byte	0x36
 7538 33c2 D601     		.2byte	0x1d6
 7539 33c4 6B0B0000 		.4byte	0xb6b
 7540 33c8 64       		.byte	0x64
 7541 33c9 18       		.uleb128 0x18
 7542 33ca 13140000 		.4byte	.LASF693
 7543 33ce 36       		.byte	0x36
 7544 33cf DA01     		.2byte	0x1da
 7545 33d1 6A3D0000 		.4byte	0x3d6a
 7546 33d5 68       		.byte	0x68
 7547 33d6 00       		.byte	0
 7548 33d7 03       		.uleb128 0x3
 7549 33d8 77090000 		.4byte	.LASF694
 7550 33dc 35       		.byte	0x35
 7551 33dd FF       		.byte	0xff
 7552 33de F6080000 		.4byte	0x8f6
 7553 33e2 2D       		.uleb128 0x2d
 7554 33e3 07       		.byte	0x7
 7555 33e4 01       		.byte	0x1
 7556 33e5 37000000 		.4byte	0x37
 7557 33e9 35       		.byte	0x35
 7558 33ea 0401     		.2byte	0x104
 7559 33ec 0F340000 		.4byte	0x340f
 7560 33f0 25       		.uleb128 0x25
 7561 33f1 45240000 		.4byte	.LASF695
 7562 33f5 00       		.byte	0
 7563 33f6 25       		.uleb128 0x25
 7564 33f7 00000000 		.4byte	.LASF696
 7565 33fb 01       		.byte	0x1
 7566 33fc 25       		.uleb128 0x25
 7567 33fd 49130000 		.4byte	.LASF697
 7568 3401 02       		.byte	0x2
 7569 3402 25       		.uleb128 0x25
 7570 3403 2C190000 		.4byte	.LASF698
 7571 3407 03       		.byte	0x3
 7572 3408 25       		.uleb128 0x25
 7573 3409 C4070000 		.4byte	.LASF699
 7574 340d 04       		.byte	0x4
 7575 340e 00       		.byte	0
ARM GAS  /tmp/cc1HOfrl.s 			page 134


 7576 340f 09       		.uleb128 0x9
 7577 3410 54250000 		.4byte	.LASF700
 7578 3414 35       		.byte	0x35
 7579 3415 0A01     		.2byte	0x10a
 7580 3417 E2330000 		.4byte	0x33e2
 7581 341b 2D       		.uleb128 0x2d
 7582 341c 07       		.byte	0x7
 7583 341d 01       		.byte	0x1
 7584 341e 37000000 		.4byte	0x37
 7585 3422 35       		.byte	0x35
 7586 3423 1801     		.2byte	0x118
 7587 3425 54340000 		.4byte	0x3454
 7588 3429 25       		.uleb128 0x25
 7589 342a DF1D0000 		.4byte	.LASF701
 7590 342e 00       		.byte	0
 7591 342f 25       		.uleb128 0x25
 7592 3430 1B100000 		.4byte	.LASF702
 7593 3434 01       		.byte	0x1
 7594 3435 25       		.uleb128 0x25
 7595 3436 851B0000 		.4byte	.LASF703
 7596 343a 02       		.byte	0x2
 7597 343b 25       		.uleb128 0x25
 7598 343c 29160000 		.4byte	.LASF704
 7599 3440 03       		.byte	0x3
 7600 3441 25       		.uleb128 0x25
 7601 3442 FE140000 		.4byte	.LASF705
 7602 3446 04       		.byte	0x4
 7603 3447 25       		.uleb128 0x25
 7604 3448 2E110000 		.4byte	.LASF706
 7605 344c 05       		.byte	0x5
 7606 344d 25       		.uleb128 0x25
 7607 344e 0D0E0000 		.4byte	.LASF707
 7608 3452 06       		.byte	0x6
 7609 3453 00       		.byte	0
 7610 3454 09       		.uleb128 0x9
 7611 3455 8E110000 		.4byte	.LASF708
 7612 3459 35       		.byte	0x35
 7613 345a 2001     		.2byte	0x120
 7614 345c 1B340000 		.4byte	0x341b
 7615 3460 2D       		.uleb128 0x2d
 7616 3461 07       		.byte	0x7
 7617 3462 01       		.byte	0x1
 7618 3463 37000000 		.4byte	0x37
 7619 3467 35       		.byte	0x35
 7620 3468 2501     		.2byte	0x125
 7621 346a 93340000 		.4byte	0x3493
 7622 346e 25       		.uleb128 0x25
 7623 346f 4F1D0000 		.4byte	.LASF709
 7624 3473 00       		.byte	0
 7625 3474 25       		.uleb128 0x25
 7626 3475 9B190000 		.4byte	.LASF710
 7627 3479 01       		.byte	0x1
 7628 347a 25       		.uleb128 0x25
 7629 347b C4130000 		.4byte	.LASF711
 7630 347f 02       		.byte	0x2
 7631 3480 25       		.uleb128 0x25
 7632 3481 5F140000 		.4byte	.LASF712
ARM GAS  /tmp/cc1HOfrl.s 			page 135


 7633 3485 03       		.byte	0x3
 7634 3486 25       		.uleb128 0x25
 7635 3487 F8220000 		.4byte	.LASF713
 7636 348b 04       		.byte	0x4
 7637 348c 25       		.uleb128 0x25
 7638 348d 9A130000 		.4byte	.LASF714
 7639 3491 05       		.byte	0x5
 7640 3492 00       		.byte	0
 7641 3493 09       		.uleb128 0x9
 7642 3494 CA190000 		.4byte	.LASF715
 7643 3498 35       		.byte	0x35
 7644 3499 2C01     		.2byte	0x12c
 7645 349b 60340000 		.4byte	0x3460
 7646 349f 1C       		.uleb128 0x1c
 7647 34a0 08       		.byte	0x8
 7648 34a1 35       		.byte	0x35
 7649 34a2 3101     		.2byte	0x131
 7650 34a4 C3340000 		.4byte	0x34c3
 7651 34a8 18       		.uleb128 0x18
 7652 34a9 EE240000 		.4byte	.LASF716
 7653 34ad 35       		.byte	0x35
 7654 34ae 3501     		.2byte	0x135
 7655 34b0 BD000000 		.4byte	0xbd
 7656 34b4 00       		.byte	0
 7657 34b5 18       		.uleb128 0x18
 7658 34b6 39040000 		.4byte	.LASF717
 7659 34ba 35       		.byte	0x35
 7660 34bb 3901     		.2byte	0x139
 7661 34bd A91B0000 		.4byte	0x1ba9
 7662 34c1 04       		.byte	0x4
 7663 34c2 00       		.byte	0
 7664 34c3 09       		.uleb128 0x9
 7665 34c4 46150000 		.4byte	.LASF718
 7666 34c8 35       		.byte	0x35
 7667 34c9 3A01     		.2byte	0x13a
 7668 34cb 9F340000 		.4byte	0x349f
 7669 34cf 05       		.uleb128 0x5
 7670 34d0 C3340000 		.4byte	0x34c3
 7671 34d4 09       		.uleb128 0x9
 7672 34d5 82240000 		.4byte	.LASF719
 7673 34d9 35       		.byte	0x35
 7674 34da 4201     		.2byte	0x142
 7675 34dc E0340000 		.4byte	0x34e0
 7676 34e0 07       		.uleb128 0x7
 7677 34e1 04       		.byte	0x4
 7678 34e2 E6340000 		.4byte	0x34e6
 7679 34e6 1F       		.uleb128 0x1f
 7680 34e7 F1340000 		.4byte	0x34f1
 7681 34eb 16       		.uleb128 0x16
 7682 34ec F1340000 		.4byte	0x34f1
 7683 34f0 00       		.byte	0
 7684 34f1 07       		.uleb128 0x7
 7685 34f2 04       		.byte	0x4
 7686 34f3 A0320000 		.4byte	0x32a0
 7687 34f7 09       		.uleb128 0x9
 7688 34f8 90040000 		.4byte	.LASF720
 7689 34fc 35       		.byte	0x35
ARM GAS  /tmp/cc1HOfrl.s 			page 136


 7690 34fd 4B01     		.2byte	0x14b
 7691 34ff 03350000 		.4byte	0x3503
 7692 3503 07       		.uleb128 0x7
 7693 3504 04       		.byte	0x4
 7694 3505 09350000 		.4byte	0x3509
 7695 3509 1F       		.uleb128 0x1f
 7696 350a 19350000 		.4byte	0x3519
 7697 350e 16       		.uleb128 0x16
 7698 350f F1340000 		.4byte	0x34f1
 7699 3513 16       		.uleb128 0x16
 7700 3514 D7330000 		.4byte	0x33d7
 7701 3518 00       		.byte	0
 7702 3519 09       		.uleb128 0x9
 7703 351a 750A0000 		.4byte	.LASF721
 7704 351e 35       		.byte	0x35
 7705 351f 5401     		.2byte	0x154
 7706 3521 25350000 		.4byte	0x3525
 7707 3525 07       		.uleb128 0x7
 7708 3526 04       		.byte	0x4
 7709 3527 2B350000 		.4byte	0x352b
 7710 352b 1F       		.uleb128 0x1f
 7711 352c 3B350000 		.4byte	0x353b
 7712 3530 16       		.uleb128 0x16
 7713 3531 F1340000 		.4byte	0x34f1
 7714 3535 16       		.uleb128 0x16
 7715 3536 93340000 		.4byte	0x3493
 7716 353a 00       		.byte	0
 7717 353b 09       		.uleb128 0x9
 7718 353c 07060000 		.4byte	.LASF722
 7719 3540 35       		.byte	0x35
 7720 3541 6001     		.2byte	0x160
 7721 3543 47350000 		.4byte	0x3547
 7722 3547 07       		.uleb128 0x7
 7723 3548 04       		.byte	0x4
 7724 3549 4D350000 		.4byte	0x354d
 7725 354d 15       		.uleb128 0x15
 7726 354e 901D0000 		.4byte	0x1d90
 7727 3552 5C350000 		.4byte	0x355c
 7728 3556 16       		.uleb128 0x16
 7729 3557 F1340000 		.4byte	0x34f1
 7730 355b 00       		.byte	0
 7731 355c 09       		.uleb128 0x9
 7732 355d 9C0E0000 		.4byte	.LASF723
 7733 3561 35       		.byte	0x35
 7734 3562 6501     		.2byte	0x165
 7735 3564 68350000 		.4byte	0x3568
 7736 3568 07       		.uleb128 0x7
 7737 3569 04       		.byte	0x4
 7738 356a 6E350000 		.4byte	0x356e
 7739 356e 15       		.uleb128 0x15
 7740 356f 8C350000 		.4byte	0x358c
 7741 3573 8C350000 		.4byte	0x358c
 7742 3577 16       		.uleb128 0x16
 7743 3578 F1340000 		.4byte	0x34f1
 7744 357c 16       		.uleb128 0x16
 7745 357d F6080000 		.4byte	0x8f6
 7746 3581 16       		.uleb128 0x16
ARM GAS  /tmp/cc1HOfrl.s 			page 137


 7747 3582 F6080000 		.4byte	0x8f6
 7748 3586 16       		.uleb128 0x16
 7749 3587 11090000 		.4byte	0x911
 7750 358b 00       		.byte	0
 7751 358c 07       		.uleb128 0x7
 7752 358d 04       		.byte	0x4
 7753 358e CF340000 		.4byte	0x34cf
 7754 3592 0E       		.uleb128 0xe
 7755 3593 20       		.byte	0x20
 7756 3594 37       		.byte	0x37
 7757 3595 35       		.byte	0x35
 7758 3596 FB350000 		.4byte	0x35fb
 7759 359a 0F       		.uleb128 0xf
 7760 359b 1F030000 		.4byte	.LASF724
 7761 359f 37       		.byte	0x37
 7762 35a0 36       		.byte	0x36
 7763 35a1 37090000 		.4byte	0x937
 7764 35a5 00       		.byte	0
 7765 35a6 0F       		.uleb128 0xf
 7766 35a7 540C0000 		.4byte	.LASF725
 7767 35ab 37       		.byte	0x37
 7768 35ac 38       		.byte	0x38
 7769 35ad 37090000 		.4byte	0x937
 7770 35b1 04       		.byte	0x4
 7771 35b2 0F       		.uleb128 0xf
 7772 35b3 A4020000 		.4byte	.LASF726
 7773 35b7 37       		.byte	0x37
 7774 35b8 39       		.byte	0x39
 7775 35b9 37090000 		.4byte	0x937
 7776 35bd 08       		.byte	0x8
 7777 35be 0F       		.uleb128 0xf
 7778 35bf F81B0000 		.4byte	.LASF727
 7779 35c3 37       		.byte	0x37
 7780 35c4 3A       		.byte	0x3a
 7781 35c5 37090000 		.4byte	0x937
 7782 35c9 0C       		.byte	0xc
 7783 35ca 0F       		.uleb128 0xf
 7784 35cb BD130000 		.4byte	.LASF728
 7785 35cf 37       		.byte	0x37
 7786 35d0 3C       		.byte	0x3c
 7787 35d1 37090000 		.4byte	0x937
 7788 35d5 10       		.byte	0x10
 7789 35d6 0F       		.uleb128 0xf
 7790 35d7 990C0000 		.4byte	.LASF729
 7791 35db 37       		.byte	0x37
 7792 35dc 3E       		.byte	0x3e
 7793 35dd 37090000 		.4byte	0x937
 7794 35e1 14       		.byte	0x14
 7795 35e2 0F       		.uleb128 0xf
 7796 35e3 AC0C0000 		.4byte	.LASF730
 7797 35e7 37       		.byte	0x37
 7798 35e8 3F       		.byte	0x3f
 7799 35e9 37090000 		.4byte	0x937
 7800 35ed 18       		.byte	0x18
 7801 35ee 0F       		.uleb128 0xf
 7802 35ef BC030000 		.4byte	.LASF731
 7803 35f3 37       		.byte	0x37
ARM GAS  /tmp/cc1HOfrl.s 			page 138


 7804 35f4 40       		.byte	0x40
 7805 35f5 37090000 		.4byte	0x937
 7806 35f9 1C       		.byte	0x1c
 7807 35fa 00       		.byte	0
 7808 35fb 03       		.uleb128 0x3
 7809 35fc A11B0000 		.4byte	.LASF732
 7810 3600 37       		.byte	0x37
 7811 3601 41       		.byte	0x41
 7812 3602 92350000 		.4byte	0x3592
 7813 3606 0E       		.uleb128 0xe
 7814 3607 20       		.byte	0x20
 7815 3608 37       		.byte	0x37
 7816 3609 46       		.byte	0x46
 7817 360a 6F360000 		.4byte	0x366f
 7818 360e 0F       		.uleb128 0xf
 7819 360f FF0C0000 		.4byte	.LASF733
 7820 3613 37       		.byte	0x37
 7821 3614 47       		.byte	0x47
 7822 3615 37090000 		.4byte	0x937
 7823 3619 00       		.byte	0
 7824 361a 0F       		.uleb128 0xf
 7825 361b E2110000 		.4byte	.LASF734
 7826 361f 37       		.byte	0x37
 7827 3620 49       		.byte	0x49
 7828 3621 37090000 		.4byte	0x937
 7829 3625 04       		.byte	0x4
 7830 3626 0F       		.uleb128 0xf
 7831 3627 D41F0000 		.4byte	.LASF735
 7832 362b 37       		.byte	0x37
 7833 362c 4A       		.byte	0x4a
 7834 362d 37090000 		.4byte	0x937
 7835 3631 08       		.byte	0x8
 7836 3632 0F       		.uleb128 0xf
 7837 3633 06120000 		.4byte	.LASF736
 7838 3637 37       		.byte	0x37
 7839 3638 4C       		.byte	0x4c
 7840 3639 37090000 		.4byte	0x937
 7841 363d 0C       		.byte	0xc
 7842 363e 0F       		.uleb128 0xf
 7843 363f D4160000 		.4byte	.LASF737
 7844 3643 37       		.byte	0x37
 7845 3644 4D       		.byte	0x4d
 7846 3645 37090000 		.4byte	0x937
 7847 3649 10       		.byte	0x10
 7848 364a 0F       		.uleb128 0xf
 7849 364b 990C0000 		.4byte	.LASF729
 7850 364f 37       		.byte	0x37
 7851 3650 4F       		.byte	0x4f
 7852 3651 37090000 		.4byte	0x937
 7853 3655 14       		.byte	0x14
 7854 3656 0F       		.uleb128 0xf
 7855 3657 B5060000 		.4byte	.LASF738
 7856 365b 37       		.byte	0x37
 7857 365c 50       		.byte	0x50
 7858 365d 37090000 		.4byte	0x937
 7859 3661 18       		.byte	0x18
 7860 3662 0F       		.uleb128 0xf
ARM GAS  /tmp/cc1HOfrl.s 			page 139


 7861 3663 BD1F0000 		.4byte	.LASF739
 7862 3667 37       		.byte	0x37
 7863 3668 52       		.byte	0x52
 7864 3669 37090000 		.4byte	0x937
 7865 366d 1C       		.byte	0x1c
 7866 366e 00       		.byte	0
 7867 366f 03       		.uleb128 0x3
 7868 3670 E8070000 		.4byte	.LASF740
 7869 3674 37       		.byte	0x37
 7870 3675 53       		.byte	0x53
 7871 3676 06360000 		.4byte	0x3606
 7872 367a 0E       		.uleb128 0xe
 7873 367b 20       		.byte	0x20
 7874 367c 37       		.byte	0x37
 7875 367d 58       		.byte	0x58
 7876 367e E3360000 		.4byte	0x36e3
 7877 3682 0F       		.uleb128 0xf
 7878 3683 8E140000 		.4byte	.LASF741
 7879 3687 37       		.byte	0x37
 7880 3688 59       		.byte	0x59
 7881 3689 37090000 		.4byte	0x937
 7882 368d 00       		.byte	0
 7883 368e 0F       		.uleb128 0xf
 7884 368f E2110000 		.4byte	.LASF734
 7885 3693 37       		.byte	0x37
 7886 3694 5B       		.byte	0x5b
 7887 3695 37090000 		.4byte	0x937
 7888 3699 04       		.byte	0x4
 7889 369a 0F       		.uleb128 0xf
 7890 369b 98180000 		.4byte	.LASF742
 7891 369f 37       		.byte	0x37
 7892 36a0 5C       		.byte	0x5c
 7893 36a1 37090000 		.4byte	0x937
 7894 36a5 08       		.byte	0x8
 7895 36a6 0F       		.uleb128 0xf
 7896 36a7 06120000 		.4byte	.LASF736
 7897 36ab 37       		.byte	0x37
 7898 36ac 5E       		.byte	0x5e
 7899 36ad 37090000 		.4byte	0x937
 7900 36b1 0C       		.byte	0xc
 7901 36b2 0F       		.uleb128 0xf
 7902 36b3 20210000 		.4byte	.LASF743
 7903 36b7 37       		.byte	0x37
 7904 36b8 5F       		.byte	0x5f
 7905 36b9 37090000 		.4byte	0x937
 7906 36bd 10       		.byte	0x10
 7907 36be 0F       		.uleb128 0xf
 7908 36bf 990C0000 		.4byte	.LASF729
 7909 36c3 37       		.byte	0x37
 7910 36c4 61       		.byte	0x61
 7911 36c5 37090000 		.4byte	0x937
 7912 36c9 14       		.byte	0x14
 7913 36ca 0F       		.uleb128 0xf
 7914 36cb AC0C0000 		.4byte	.LASF730
 7915 36cf 37       		.byte	0x37
 7916 36d0 62       		.byte	0x62
 7917 36d1 37090000 		.4byte	0x937
ARM GAS  /tmp/cc1HOfrl.s 			page 140


 7918 36d5 18       		.byte	0x18
 7919 36d6 0F       		.uleb128 0xf
 7920 36d7 BD1F0000 		.4byte	.LASF739
 7921 36db 37       		.byte	0x37
 7922 36dc 63       		.byte	0x63
 7923 36dd 37090000 		.4byte	0x937
 7924 36e1 1C       		.byte	0x1c
 7925 36e2 00       		.byte	0
 7926 36e3 03       		.uleb128 0x3
 7927 36e4 7B070000 		.4byte	.LASF744
 7928 36e8 37       		.byte	0x37
 7929 36e9 64       		.byte	0x64
 7930 36ea 7A360000 		.4byte	0x367a
 7931 36ee 2E       		.uleb128 0x2e
 7932 36ef 00100100 		.4byte	0x11000
 7933 36f3 37       		.byte	0x37
 7934 36f4 69       		.byte	0x69
 7935 36f5 CB390000 		.4byte	0x39cb
 7936 36f9 0F       		.uleb128 0xf
 7937 36fa 7D040000 		.4byte	.LASF745
 7938 36fe 37       		.byte	0x37
 7939 36ff 6A       		.byte	0x6a
 7940 3700 37090000 		.4byte	0x937
 7941 3704 00       		.byte	0
 7942 3705 0F       		.uleb128 0xf
 7943 3706 3F0B0000 		.4byte	.LASF746
 7944 370a 37       		.byte	0x37
 7945 370b 6B       		.byte	0x6b
 7946 370c 37090000 		.4byte	0x937
 7947 3710 04       		.byte	0x4
 7948 3711 0F       		.uleb128 0xf
 7949 3712 04070000 		.4byte	.LASF747
 7950 3716 37       		.byte	0x37
 7951 3717 6C       		.byte	0x6c
 7952 3718 37090000 		.4byte	0x937
 7953 371c 08       		.byte	0x8
 7954 371d 0F       		.uleb128 0xf
 7955 371e 96240000 		.4byte	.LASF748
 7956 3722 37       		.byte	0x37
 7957 3723 6D       		.byte	0x6d
 7958 3724 37090000 		.4byte	0x937
 7959 3728 0C       		.byte	0xc
 7960 3729 0F       		.uleb128 0xf
 7961 372a 59130000 		.4byte	.LASF749
 7962 372e 37       		.byte	0x37
 7963 372f 6E       		.byte	0x6e
 7964 3730 37090000 		.4byte	0x937
 7965 3734 10       		.byte	0x10
 7966 3735 0F       		.uleb128 0xf
 7967 3736 7C030000 		.4byte	.LASF750
 7968 373a 37       		.byte	0x37
 7969 373b 6F       		.byte	0x6f
 7970 373c 37090000 		.4byte	0x937
 7971 3740 14       		.byte	0x14
 7972 3741 0F       		.uleb128 0xf
 7973 3742 971A0000 		.4byte	.LASF751
 7974 3746 37       		.byte	0x37
ARM GAS  /tmp/cc1HOfrl.s 			page 141


 7975 3747 70       		.byte	0x70
 7976 3748 37090000 		.4byte	0x937
 7977 374c 18       		.byte	0x18
 7978 374d 0F       		.uleb128 0xf
 7979 374e 96070000 		.4byte	.LASF752
 7980 3752 37       		.byte	0x37
 7981 3753 71       		.byte	0x71
 7982 3754 37090000 		.4byte	0x937
 7983 3758 1C       		.byte	0x1c
 7984 3759 0F       		.uleb128 0xf
 7985 375a 8E070000 		.4byte	.LASF753
 7986 375e 37       		.byte	0x37
 7987 375f 73       		.byte	0x73
 7988 3760 37090000 		.4byte	0x937
 7989 3764 20       		.byte	0x20
 7990 3765 0F       		.uleb128 0xf
 7991 3766 471A0000 		.4byte	.LASF754
 7992 376a 37       		.byte	0x37
 7993 376b 75       		.byte	0x75
 7994 376c 37090000 		.4byte	0x937
 7995 3770 24       		.byte	0x24
 7996 3771 0F       		.uleb128 0xf
 7997 3772 9B000000 		.4byte	.LASF755
 7998 3776 37       		.byte	0x37
 7999 3777 76       		.byte	0x76
 8000 3778 37090000 		.4byte	0x937
 8001 377c 28       		.byte	0x28
 8002 377d 0F       		.uleb128 0xf
 8003 377e 9F1A0000 		.4byte	.LASF756
 8004 3782 37       		.byte	0x37
 8005 3783 78       		.byte	0x78
 8006 3784 37090000 		.4byte	0x937
 8007 3788 2C       		.byte	0x2c
 8008 3789 0F       		.uleb128 0xf
 8009 378a C10D0000 		.4byte	.LASF757
 8010 378e 37       		.byte	0x37
 8011 378f 7A       		.byte	0x7a
 8012 3790 37090000 		.4byte	0x937
 8013 3794 30       		.byte	0x30
 8014 3795 0F       		.uleb128 0xf
 8015 3796 2E230000 		.4byte	.LASF758
 8016 379a 37       		.byte	0x37
 8017 379b 7B       		.byte	0x7b
 8018 379c 37090000 		.4byte	0x937
 8019 37a0 34       		.byte	0x34
 8020 37a1 0F       		.uleb128 0xf
 8021 37a2 C7010000 		.4byte	.LASF759
 8022 37a6 37       		.byte	0x37
 8023 37a7 7C       		.byte	0x7c
 8024 37a8 37090000 		.4byte	0x937
 8025 37ac 38       		.byte	0x38
 8026 37ad 11       		.uleb128 0x11
 8027 37ae 43494400 		.ascii	"CID\000"
 8028 37b2 37       		.byte	0x37
 8029 37b3 7D       		.byte	0x7d
 8030 37b4 37090000 		.4byte	0x937
 8031 37b8 3C       		.byte	0x3c
ARM GAS  /tmp/cc1HOfrl.s 			page 142


 8032 37b9 0F       		.uleb128 0xf
 8033 37ba CE100000 		.4byte	.LASF760
 8034 37be 37       		.byte	0x37
 8035 37bf 7E       		.byte	0x7e
 8036 37c0 DB390000 		.4byte	0x39db
 8037 37c4 40       		.byte	0x40
 8038 37c5 13       		.uleb128 0x13
 8039 37c6 F0210000 		.4byte	.LASF761
 8040 37ca 37       		.byte	0x37
 8041 37cb 7F       		.byte	0x7f
 8042 37cc 37090000 		.4byte	0x937
 8043 37d0 0001     		.2byte	0x100
 8044 37d2 13       		.uleb128 0x13
 8045 37d3 25020000 		.4byte	.LASF762
 8046 37d7 37       		.byte	0x37
 8047 37d8 81       		.byte	0x81
 8048 37d9 63150000 		.4byte	0x1563
 8049 37dd 0401     		.2byte	0x104
 8050 37df 13       		.uleb128 0x13
 8051 37e0 32140000 		.4byte	.LASF763
 8052 37e4 37       		.byte	0x37
 8053 37e5 83       		.byte	0x83
 8054 37e6 F0390000 		.4byte	0x39f0
 8055 37ea 4001     		.2byte	0x140
 8056 37ec 13       		.uleb128 0x13
 8057 37ed 37180000 		.4byte	.LASF764
 8058 37f1 37       		.byte	0x37
 8059 37f2 84       		.byte	0x84
 8060 37f3 37090000 		.4byte	0x937
 8061 37f7 0004     		.2byte	0x400
 8062 37f9 13       		.uleb128 0x13
 8063 37fa 40240000 		.4byte	.LASF765
 8064 37fe 37       		.byte	0x37
 8065 37ff 85       		.byte	0x85
 8066 3800 37090000 		.4byte	0x937
 8067 3804 0404     		.2byte	0x404
 8068 3806 13       		.uleb128 0x13
 8069 3807 DA030000 		.4byte	.LASF766
 8070 380b 37       		.byte	0x37
 8071 380c 86       		.byte	0x86
 8072 380d 37090000 		.4byte	0x937
 8073 3811 0804     		.2byte	0x408
 8074 3813 13       		.uleb128 0x13
 8075 3814 62210000 		.4byte	.LASF767
 8076 3818 37       		.byte	0x37
 8077 3819 88       		.byte	0x88
 8078 381a 37090000 		.4byte	0x937
 8079 381e 0C04     		.2byte	0x40c
 8080 3820 13       		.uleb128 0x13
 8081 3821 EF020000 		.4byte	.LASF768
 8082 3825 37       		.byte	0x37
 8083 3826 89       		.byte	0x89
 8084 3827 37090000 		.4byte	0x937
 8085 382b 1004     		.2byte	0x410
 8086 382d 13       		.uleb128 0x13
 8087 382e CF030000 		.4byte	.LASF769
 8088 3832 37       		.byte	0x37
ARM GAS  /tmp/cc1HOfrl.s 			page 143


 8089 3833 8B       		.byte	0x8b
 8090 3834 37090000 		.4byte	0x937
 8091 3838 1404     		.2byte	0x414
 8092 383a 13       		.uleb128 0x13
 8093 383b 4E0B0000 		.4byte	.LASF770
 8094 383f 37       		.byte	0x37
 8095 3840 8D       		.byte	0x8d
 8096 3841 37090000 		.4byte	0x937
 8097 3845 1804     		.2byte	0x418
 8098 3847 13       		.uleb128 0x13
 8099 3848 1D1D0000 		.4byte	.LASF771
 8100 384c 37       		.byte	0x37
 8101 384d 8F       		.byte	0x8f
 8102 384e 053A0000 		.4byte	0x3a05
 8103 3852 1C04     		.2byte	0x41c
 8104 3854 13       		.uleb128 0x13
 8105 3855 88020000 		.4byte	.LASF772
 8106 3859 37       		.byte	0x37
 8107 385a 90       		.byte	0x90
 8108 385b 37090000 		.4byte	0x937
 8109 385f 4004     		.2byte	0x440
 8110 3861 13       		.uleb128 0x13
 8111 3862 D71E0000 		.4byte	.LASF773
 8112 3866 37       		.byte	0x37
 8113 3867 92       		.byte	0x92
 8114 3868 1A3A0000 		.4byte	0x3a1a
 8115 386c 4404     		.2byte	0x444
 8116 386e 2F       		.uleb128 0x2f
 8117 386f 686300   		.ascii	"hc\000"
 8118 3872 37       		.byte	0x37
 8119 3873 93       		.byte	0x93
 8120 3874 1F3A0000 		.4byte	0x3a1f
 8121 3878 0005     		.2byte	0x500
 8122 387a 13       		.uleb128 0x13
 8123 387b AB210000 		.4byte	.LASF774
 8124 387f 37       		.byte	0x37
 8125 3880 94       		.byte	0x94
 8126 3881 3F3A0000 		.4byte	0x3a3f
 8127 3885 0007     		.2byte	0x700
 8128 3887 13       		.uleb128 0x13
 8129 3888 811A0000 		.4byte	.LASF775
 8130 388c 37       		.byte	0x37
 8131 388d 95       		.byte	0x95
 8132 388e 37090000 		.4byte	0x937
 8133 3892 0008     		.2byte	0x800
 8134 3894 13       		.uleb128 0x13
 8135 3895 D8220000 		.4byte	.LASF776
 8136 3899 37       		.byte	0x37
 8137 389a 96       		.byte	0x96
 8138 389b 37090000 		.4byte	0x937
 8139 389f 0408     		.2byte	0x804
 8140 38a1 13       		.uleb128 0x13
 8141 38a2 3C050000 		.4byte	.LASF777
 8142 38a6 37       		.byte	0x37
 8143 38a7 97       		.byte	0x97
 8144 38a8 37090000 		.4byte	0x937
 8145 38ac 0808     		.2byte	0x808
ARM GAS  /tmp/cc1HOfrl.s 			page 144


 8146 38ae 13       		.uleb128 0x13
 8147 38af 6B040000 		.4byte	.LASF778
 8148 38b3 37       		.byte	0x37
 8149 38b4 98       		.byte	0x98
 8150 38b5 37090000 		.4byte	0x937
 8151 38b9 0C08     		.2byte	0x80c
 8152 38bb 13       		.uleb128 0x13
 8153 38bc 370B0000 		.4byte	.LASF779
 8154 38c0 37       		.byte	0x37
 8155 38c1 99       		.byte	0x99
 8156 38c2 37090000 		.4byte	0x937
 8157 38c6 1008     		.2byte	0x810
 8158 38c8 13       		.uleb128 0x13
 8159 38c9 F51F0000 		.4byte	.LASF780
 8160 38cd 37       		.byte	0x37
 8161 38ce 9B       		.byte	0x9b
 8162 38cf 37090000 		.4byte	0x937
 8163 38d3 1408     		.2byte	0x814
 8164 38d5 13       		.uleb128 0x13
 8165 38d6 71200000 		.4byte	.LASF781
 8166 38da 37       		.byte	0x37
 8167 38db 9D       		.byte	0x9d
 8168 38dc 37090000 		.4byte	0x937
 8169 38e0 1808     		.2byte	0x818
 8170 38e2 13       		.uleb128 0x13
 8171 38e3 AE1D0000 		.4byte	.LASF782
 8172 38e7 37       		.byte	0x37
 8173 38e8 9F       		.byte	0x9f
 8174 38e9 37090000 		.4byte	0x937
 8175 38ed 1C08     		.2byte	0x81c
 8176 38ef 13       		.uleb128 0x13
 8177 38f0 A3050000 		.4byte	.LASF783
 8178 38f4 37       		.byte	0x37
 8179 38f5 A1       		.byte	0xa1
 8180 38f6 37090000 		.4byte	0x937
 8181 38fa 2008     		.2byte	0x820
 8182 38fc 13       		.uleb128 0x13
 8183 38fd B3040000 		.4byte	.LASF784
 8184 3901 37       		.byte	0x37
 8185 3902 A2       		.byte	0xa2
 8186 3903 37090000 		.4byte	0x937
 8187 3907 2408     		.2byte	0x824
 8188 3909 13       		.uleb128 0x13
 8189 390a 8E1A0000 		.4byte	.LASF785
 8190 390e 37       		.byte	0x37
 8191 390f A3       		.byte	0xa3
 8192 3910 37090000 		.4byte	0x937
 8193 3914 2808     		.2byte	0x828
 8194 3916 13       		.uleb128 0x13
 8195 3917 DF0D0000 		.4byte	.LASF786
 8196 391b 37       		.byte	0x37
 8197 391c A5       		.byte	0xa5
 8198 391d 37090000 		.4byte	0x937
 8199 3921 2C08     		.2byte	0x82c
 8200 3923 13       		.uleb128 0x13
 8201 3924 5E060000 		.4byte	.LASF787
 8202 3928 37       		.byte	0x37
ARM GAS  /tmp/cc1HOfrl.s 			page 145


 8203 3929 A7       		.byte	0xa7
 8204 392a 37090000 		.4byte	0x937
 8205 392e 3008     		.2byte	0x830
 8206 3930 13       		.uleb128 0x13
 8207 3931 F40C0000 		.4byte	.LASF788
 8208 3935 37       		.byte	0x37
 8209 3936 A8       		.byte	0xa8
 8210 3937 37090000 		.4byte	0x937
 8211 393b 3408     		.2byte	0x834
 8212 393d 13       		.uleb128 0x13
 8213 393e 6C060000 		.4byte	.LASF789
 8214 3942 37       		.byte	0x37
 8215 3943 AA       		.byte	0xaa
 8216 3944 37090000 		.4byte	0x937
 8217 3948 3808     		.2byte	0x838
 8218 394a 13       		.uleb128 0x13
 8219 394b 8B060000 		.4byte	.LASF790
 8220 394f 37       		.byte	0x37
 8221 3950 AB       		.byte	0xab
 8222 3951 37090000 		.4byte	0x937
 8223 3955 3C08     		.2byte	0x83c
 8224 3957 13       		.uleb128 0x13
 8225 3958 22070000 		.4byte	.LASF791
 8226 395c 37       		.byte	0x37
 8227 395d AC       		.byte	0xac
 8228 395e 543A0000 		.4byte	0x3a54
 8229 3962 4008     		.2byte	0x840
 8230 3964 13       		.uleb128 0x13
 8231 3965 710C0000 		.4byte	.LASF792
 8232 3969 37       		.byte	0x37
 8233 396a AD       		.byte	0xad
 8234 396b 543A0000 		.4byte	0x3a54
 8235 396f 8008     		.2byte	0x880
 8236 3971 13       		.uleb128 0x13
 8237 3972 F3110000 		.4byte	.LASF793
 8238 3976 37       		.byte	0x37
 8239 3977 AE       		.byte	0xae
 8240 3978 543A0000 		.4byte	0x3a54
 8241 397c C008     		.2byte	0x8c0
 8242 397e 2F       		.uleb128 0x2f
 8243 397f 696500   		.ascii	"ie\000"
 8244 3982 37       		.byte	0x37
 8245 3983 AF       		.byte	0xaf
 8246 3984 593A0000 		.4byte	0x3a59
 8247 3988 0009     		.2byte	0x900
 8248 398a 2F       		.uleb128 0x2f
 8249 398b 6F6500   		.ascii	"oe\000"
 8250 398e 37       		.byte	0x37
 8251 398f B0       		.byte	0xb0
 8252 3990 693A0000 		.4byte	0x3a69
 8253 3994 000B     		.2byte	0xb00
 8254 3996 13       		.uleb128 0x13
 8255 3997 C80A0000 		.4byte	.LASF794
 8256 399b 37       		.byte	0x37
 8257 399c B1       		.byte	0xb1
 8258 399d 3F3A0000 		.4byte	0x3a3f
 8259 39a1 000D     		.2byte	0xd00
ARM GAS  /tmp/cc1HOfrl.s 			page 146


 8260 39a3 13       		.uleb128 0x13
 8261 39a4 F0220000 		.4byte	.LASF795
 8262 39a8 37       		.byte	0x37
 8263 39a9 B2       		.byte	0xb2
 8264 39aa 37090000 		.4byte	0x937
 8265 39ae 000E     		.2byte	0xe00
 8266 39b0 13       		.uleb128 0x13
 8267 39b1 A4170000 		.4byte	.LASF796
 8268 39b5 37       		.byte	0x37
 8269 39b6 B4       		.byte	0xb4
 8270 39b7 893A0000 		.4byte	0x3a89
 8271 39bb 040E     		.2byte	0xe04
 8272 39bd 13       		.uleb128 0x13
 8273 39be 17090000 		.4byte	.LASF294
 8274 39c2 37       		.byte	0x37
 8275 39c3 B5       		.byte	0xb5
 8276 39c4 A53A0000 		.4byte	0x3aa5
 8277 39c8 0010     		.2byte	0x1000
 8278 39ca 00       		.byte	0
 8279 39cb 0C       		.uleb128 0xc
 8280 39cc 37090000 		.4byte	0x937
 8281 39d0 DB390000 		.4byte	0x39db
 8282 39d4 0D       		.uleb128 0xd
 8283 39d5 B6000000 		.4byte	0xb6
 8284 39d9 2F       		.byte	0x2f
 8285 39da 00       		.byte	0
 8286 39db 1A       		.uleb128 0x1a
 8287 39dc CB390000 		.4byte	0x39cb
 8288 39e0 0C       		.uleb128 0xc
 8289 39e1 37090000 		.4byte	0x937
 8290 39e5 F0390000 		.4byte	0x39f0
 8291 39e9 0D       		.uleb128 0xd
 8292 39ea B6000000 		.4byte	0xb6
 8293 39ee AF       		.byte	0xaf
 8294 39ef 00       		.byte	0
 8295 39f0 1A       		.uleb128 0x1a
 8296 39f1 E0390000 		.4byte	0x39e0
 8297 39f5 0C       		.uleb128 0xc
 8298 39f6 37090000 		.4byte	0x937
 8299 39fa 053A0000 		.4byte	0x3a05
 8300 39fe 0D       		.uleb128 0xd
 8301 39ff B6000000 		.4byte	0xb6
 8302 3a03 08       		.byte	0x8
 8303 3a04 00       		.byte	0
 8304 3a05 1A       		.uleb128 0x1a
 8305 3a06 F5390000 		.4byte	0x39f5
 8306 3a0a 0C       		.uleb128 0xc
 8307 3a0b 37090000 		.4byte	0x937
 8308 3a0f 1A3A0000 		.4byte	0x3a1a
 8309 3a13 0D       		.uleb128 0xd
 8310 3a14 B6000000 		.4byte	0xb6
 8311 3a18 2E       		.byte	0x2e
 8312 3a19 00       		.byte	0
 8313 3a1a 1A       		.uleb128 0x1a
 8314 3a1b 0A3A0000 		.4byte	0x3a0a
 8315 3a1f 0C       		.uleb128 0xc
 8316 3a20 FB350000 		.4byte	0x35fb
ARM GAS  /tmp/cc1HOfrl.s 			page 147


 8317 3a24 2F3A0000 		.4byte	0x3a2f
 8318 3a28 0D       		.uleb128 0xd
 8319 3a29 B6000000 		.4byte	0xb6
 8320 3a2d 0F       		.byte	0xf
 8321 3a2e 00       		.byte	0
 8322 3a2f 0C       		.uleb128 0xc
 8323 3a30 37090000 		.4byte	0x937
 8324 3a34 3F3A0000 		.4byte	0x3a3f
 8325 3a38 0D       		.uleb128 0xd
 8326 3a39 B6000000 		.4byte	0xb6
 8327 3a3d 3F       		.byte	0x3f
 8328 3a3e 00       		.byte	0
 8329 3a3f 1A       		.uleb128 0x1a
 8330 3a40 2F3A0000 		.4byte	0x3a2f
 8331 3a44 0C       		.uleb128 0xc
 8332 3a45 37090000 		.4byte	0x937
 8333 3a49 543A0000 		.4byte	0x3a54
 8334 3a4d 0D       		.uleb128 0xd
 8335 3a4e B6000000 		.4byte	0xb6
 8336 3a52 0F       		.byte	0xf
 8337 3a53 00       		.byte	0
 8338 3a54 1A       		.uleb128 0x1a
 8339 3a55 443A0000 		.4byte	0x3a44
 8340 3a59 0C       		.uleb128 0xc
 8341 3a5a 6F360000 		.4byte	0x366f
 8342 3a5e 693A0000 		.4byte	0x3a69
 8343 3a62 0D       		.uleb128 0xd
 8344 3a63 B6000000 		.4byte	0xb6
 8345 3a67 0F       		.byte	0xf
 8346 3a68 00       		.byte	0
 8347 3a69 0C       		.uleb128 0xc
 8348 3a6a E3360000 		.4byte	0x36e3
 8349 3a6e 793A0000 		.4byte	0x3a79
 8350 3a72 0D       		.uleb128 0xd
 8351 3a73 B6000000 		.4byte	0xb6
 8352 3a77 0F       		.byte	0xf
 8353 3a78 00       		.byte	0
 8354 3a79 0C       		.uleb128 0xc
 8355 3a7a 37090000 		.4byte	0x937
 8356 3a7e 893A0000 		.4byte	0x3a89
 8357 3a82 0D       		.uleb128 0xd
 8358 3a83 B6000000 		.4byte	0xb6
 8359 3a87 7E       		.byte	0x7e
 8360 3a88 00       		.byte	0
 8361 3a89 1A       		.uleb128 0x1a
 8362 3a8a 793A0000 		.4byte	0x3a79
 8363 3a8e 0C       		.uleb128 0xc
 8364 3a8f 37090000 		.4byte	0x937
 8365 3a93 A53A0000 		.4byte	0x3aa5
 8366 3a97 0D       		.uleb128 0xd
 8367 3a98 B6000000 		.4byte	0xb6
 8368 3a9c 0F       		.byte	0xf
 8369 3a9d 30       		.uleb128 0x30
 8370 3a9e B6000000 		.4byte	0xb6
 8371 3aa2 FF03     		.2byte	0x3ff
 8372 3aa4 00       		.byte	0
 8373 3aa5 1A       		.uleb128 0x1a
ARM GAS  /tmp/cc1HOfrl.s 			page 148


 8374 3aa6 8E3A0000 		.4byte	0x3a8e
 8375 3aaa 03       		.uleb128 0x3
 8376 3aab C3240000 		.4byte	.LASF797
 8377 3aaf 37       		.byte	0x37
 8378 3ab0 B6       		.byte	0xb6
 8379 3ab1 EE360000 		.4byte	0x36ee
 8380 3ab5 0E       		.uleb128 0xe
 8381 3ab6 0C       		.byte	0xc
 8382 3ab7 36       		.byte	0x36
 8383 3ab8 C6       		.byte	0xc6
 8384 3ab9 E23A0000 		.4byte	0x3ae2
 8385 3abd 0F       		.uleb128 0xf
 8386 3abe 95080000 		.4byte	.LASF798
 8387 3ac2 36       		.byte	0x36
 8388 3ac3 C7       		.byte	0xc7
 8389 3ac4 2C090000 		.4byte	0x92c
 8390 3ac8 00       		.byte	0
 8391 3ac9 0F       		.uleb128 0xf
 8392 3aca A80A0000 		.4byte	.LASF799
 8393 3ace 36       		.byte	0x36
 8394 3acf C8       		.byte	0xc8
 8395 3ad0 2C090000 		.4byte	0x92c
 8396 3ad4 04       		.byte	0x4
 8397 3ad5 0F       		.uleb128 0xf
 8398 3ad6 390E0000 		.4byte	.LASF800
 8399 3ada 36       		.byte	0x36
 8400 3adb C9       		.byte	0xc9
 8401 3adc 2C090000 		.4byte	0x92c
 8402 3ae0 08       		.byte	0x8
 8403 3ae1 00       		.byte	0
 8404 3ae2 03       		.uleb128 0x3
 8405 3ae3 B50A0000 		.4byte	.LASF801
 8406 3ae7 36       		.byte	0x36
 8407 3ae8 CA       		.byte	0xca
 8408 3ae9 B53A0000 		.4byte	0x3ab5
 8409 3aed 05       		.uleb128 0x5
 8410 3aee E23A0000 		.4byte	0x3ae2
 8411 3af2 0E       		.uleb128 0xe
 8412 3af3 04       		.byte	0x4
 8413 3af4 36       		.byte	0x36
 8414 3af5 DD       		.byte	0xdd
 8415 3af6 073B0000 		.4byte	0x3b07
 8416 3afa 0F       		.uleb128 0xf
 8417 3afb EA220000 		.4byte	.LASF802
 8418 3aff 36       		.byte	0x36
 8419 3b00 E1       		.byte	0xe1
 8420 3b01 A91B0000 		.4byte	0x1ba9
 8421 3b05 00       		.byte	0
 8422 3b06 00       		.byte	0
 8423 3b07 0E       		.uleb128 0xe
 8424 3b08 04       		.byte	0x4
 8425 3b09 36       		.byte	0x36
 8426 3b0a E3       		.byte	0xe3
 8427 3b0b 1C3B0000 		.4byte	0x3b1c
 8428 3b0f 0F       		.uleb128 0xf
 8429 3b10 26090000 		.4byte	.LASF487
 8430 3b14 36       		.byte	0x36
ARM GAS  /tmp/cc1HOfrl.s 			page 149


 8431 3b15 E7       		.byte	0xe7
 8432 3b16 1C3B0000 		.4byte	0x3b1c
 8433 3b1a 00       		.byte	0
 8434 3b1b 00       		.byte	0
 8435 3b1c 07       		.uleb128 0x7
 8436 3b1d 04       		.byte	0x4
 8437 3b1e 851B0000 		.4byte	0x1b85
 8438 3b22 0A       		.uleb128 0xa
 8439 3b23 04       		.byte	0x4
 8440 3b24 36       		.byte	0x36
 8441 3b25 DC       		.byte	0xdc
 8442 3b26 413B0000 		.4byte	0x3b41
 8443 3b2a 0B       		.uleb128 0xb
 8444 3b2b 0C1F0000 		.4byte	.LASF803
 8445 3b2f 36       		.byte	0x36
 8446 3b30 E2       		.byte	0xe2
 8447 3b31 F23A0000 		.4byte	0x3af2
 8448 3b35 0B       		.uleb128 0xb
 8449 3b36 0E1E0000 		.4byte	.LASF804
 8450 3b3a 36       		.byte	0x36
 8451 3b3b E8       		.byte	0xe8
 8452 3b3c 073B0000 		.4byte	0x3b07
 8453 3b40 00       		.byte	0
 8454 3b41 0E       		.uleb128 0xe
 8455 3b42 14       		.byte	0x14
 8456 3b43 36       		.byte	0x36
 8457 3b44 CF       		.byte	0xcf
 8458 3b45 863B0000 		.4byte	0x3b86
 8459 3b49 0F       		.uleb128 0xf
 8460 3b4a 5F070000 		.4byte	.LASF805
 8461 3b4e 36       		.byte	0x36
 8462 3b4f D3       		.byte	0xd3
 8463 3b50 901D0000 		.4byte	0x1d90
 8464 3b54 00       		.byte	0
 8465 3b55 0F       		.uleb128 0xf
 8466 3b56 02130000 		.4byte	.LASF806
 8467 3b5a 36       		.byte	0x36
 8468 3b5b D7       		.byte	0xd7
 8469 3b5c BD000000 		.4byte	0xbd
 8470 3b60 04       		.byte	0x4
 8471 3b61 0F       		.uleb128 0xf
 8472 3b62 650A0000 		.4byte	.LASF807
 8473 3b66 36       		.byte	0x36
 8474 3b67 DB       		.byte	0xdb
 8475 3b68 BD000000 		.4byte	0xbd
 8476 3b6c 08       		.byte	0x8
 8477 3b6d 0F       		.uleb128 0xf
 8478 3b6e 1F080000 		.4byte	.LASF533
 8479 3b72 36       		.byte	0x36
 8480 3b73 E9       		.byte	0xe9
 8481 3b74 223B0000 		.4byte	0x3b22
 8482 3b78 0C       		.byte	0xc
 8483 3b79 0F       		.uleb128 0xf
 8484 3b7a 510E0000 		.4byte	.LASF808
 8485 3b7e 36       		.byte	0x36
 8486 3b7f ED       		.byte	0xed
 8487 3b80 BD000000 		.4byte	0xbd
ARM GAS  /tmp/cc1HOfrl.s 			page 150


 8488 3b84 10       		.byte	0x10
 8489 3b85 00       		.byte	0
 8490 3b86 03       		.uleb128 0x3
 8491 3b87 D6100000 		.4byte	.LASF809
 8492 3b8b 36       		.byte	0x36
 8493 3b8c EE       		.byte	0xee
 8494 3b8d 413B0000 		.4byte	0x3b41
 8495 3b91 1C       		.uleb128 0x1c
 8496 3b92 04       		.byte	0x4
 8497 3b93 36       		.byte	0x36
 8498 3b94 0101     		.2byte	0x101
 8499 3b96 A83B0000 		.4byte	0x3ba8
 8500 3b9a 18       		.uleb128 0x18
 8501 3b9b D80A0000 		.4byte	.LASF810
 8502 3b9f 36       		.byte	0x36
 8503 3ba0 0501     		.2byte	0x105
 8504 3ba2 741B0000 		.4byte	0x1b74
 8505 3ba6 00       		.byte	0
 8506 3ba7 00       		.byte	0
 8507 3ba8 1C       		.uleb128 0x1c
 8508 3ba9 04       		.byte	0x4
 8509 3baa 36       		.byte	0x36
 8510 3bab 0701     		.2byte	0x107
 8511 3bad BF3B0000 		.4byte	0x3bbf
 8512 3bb1 18       		.uleb128 0x18
 8513 3bb2 C71E0000 		.4byte	.LASF488
 8514 3bb6 36       		.byte	0x36
 8515 3bb7 0B01     		.2byte	0x10b
 8516 3bb9 BF3B0000 		.4byte	0x3bbf
 8517 3bbd 00       		.byte	0
 8518 3bbe 00       		.byte	0
 8519 3bbf 07       		.uleb128 0x7
 8520 3bc0 04       		.byte	0x4
 8521 3bc1 7A1B0000 		.4byte	0x1b7a
 8522 3bc5 1D       		.uleb128 0x1d
 8523 3bc6 04       		.byte	0x4
 8524 3bc7 36       		.byte	0x36
 8525 3bc8 0001     		.2byte	0x100
 8526 3bca E73B0000 		.4byte	0x3be7
 8527 3bce 1E       		.uleb128 0x1e
 8528 3bcf 0C1F0000 		.4byte	.LASF803
 8529 3bd3 36       		.byte	0x36
 8530 3bd4 0601     		.2byte	0x106
 8531 3bd6 913B0000 		.4byte	0x3b91
 8532 3bda 1E       		.uleb128 0x1e
 8533 3bdb 0E1E0000 		.4byte	.LASF804
 8534 3bdf 36       		.byte	0x36
 8535 3be0 0C01     		.2byte	0x10c
 8536 3be2 A83B0000 		.4byte	0x3ba8
 8537 3be6 00       		.byte	0
 8538 3be7 0E       		.uleb128 0xe
 8539 3be8 14       		.byte	0x14
 8540 3be9 36       		.byte	0x36
 8541 3bea F3       		.byte	0xf3
 8542 3beb 2E3C0000 		.4byte	0x3c2e
 8543 3bef 0F       		.uleb128 0xf
 8544 3bf0 7A050000 		.4byte	.LASF811
ARM GAS  /tmp/cc1HOfrl.s 			page 151


 8545 3bf4 36       		.byte	0x36
 8546 3bf5 F7       		.byte	0xf7
 8547 3bf6 901D0000 		.4byte	0x1d90
 8548 3bfa 00       		.byte	0
 8549 3bfb 0F       		.uleb128 0xf
 8550 3bfc B6130000 		.4byte	.LASF812
 8551 3c00 36       		.byte	0x36
 8552 3c01 FB       		.byte	0xfb
 8553 3c02 BD000000 		.4byte	0xbd
 8554 3c06 04       		.byte	0x4
 8555 3c07 0F       		.uleb128 0xf
 8556 3c08 FA070000 		.4byte	.LASF813
 8557 3c0c 36       		.byte	0x36
 8558 3c0d FF       		.byte	0xff
 8559 3c0e BD000000 		.4byte	0xbd
 8560 3c12 08       		.byte	0x8
 8561 3c13 18       		.uleb128 0x18
 8562 3c14 1F080000 		.4byte	.LASF533
 8563 3c18 36       		.byte	0x36
 8564 3c19 0D01     		.2byte	0x10d
 8565 3c1b C53B0000 		.4byte	0x3bc5
 8566 3c1f 0C       		.byte	0xc
 8567 3c20 18       		.uleb128 0x18
 8568 3c21 510E0000 		.4byte	.LASF808
 8569 3c25 36       		.byte	0x36
 8570 3c26 1101     		.2byte	0x111
 8571 3c28 BD000000 		.4byte	0xbd
 8572 3c2c 10       		.byte	0x10
 8573 3c2d 00       		.byte	0
 8574 3c2e 09       		.uleb128 0x9
 8575 3c2f 091D0000 		.4byte	.LASF814
 8576 3c33 36       		.byte	0x36
 8577 3c34 1201     		.2byte	0x112
 8578 3c36 E73B0000 		.4byte	0x3be7
 8579 3c3a 1C       		.uleb128 0x1c
 8580 3c3b 24       		.byte	0x24
 8581 3c3c 36       		.byte	0x36
 8582 3c3d 1801     		.2byte	0x118
 8583 3c3f C63C0000 		.4byte	0x3cc6
 8584 3c43 18       		.uleb128 0x18
 8585 3c44 49170000 		.4byte	.LASF815
 8586 3c48 36       		.byte	0x36
 8587 3c49 1C01     		.2byte	0x11c
 8588 3c4b 2C090000 		.4byte	0x92c
 8589 3c4f 00       		.byte	0
 8590 3c50 18       		.uleb128 0x18
 8591 3c51 F8080000 		.4byte	.LASF816
 8592 3c55 36       		.byte	0x36
 8593 3c56 2701     		.2byte	0x127
 8594 3c58 F7340000 		.4byte	0x34f7
 8595 3c5c 04       		.byte	0x4
 8596 3c5d 18       		.uleb128 0x18
 8597 3c5e 92180000 		.4byte	.LASF817
 8598 3c62 36       		.byte	0x36
 8599 3c63 2D01     		.2byte	0x12d
 8600 3c65 F7340000 		.4byte	0x34f7
 8601 3c69 08       		.byte	0x8
ARM GAS  /tmp/cc1HOfrl.s 			page 152


 8602 3c6a 18       		.uleb128 0x18
 8603 3c6b 470B0000 		.4byte	.LASF818
 8604 3c6f 36       		.byte	0x36
 8605 3c70 3301     		.2byte	0x133
 8606 3c72 F7340000 		.4byte	0x34f7
 8607 3c76 0C       		.byte	0xc
 8608 3c77 18       		.uleb128 0x18
 8609 3c78 F6240000 		.4byte	.LASF819
 8610 3c7c 36       		.byte	0x36
 8611 3c7d 3901     		.2byte	0x139
 8612 3c7f 11090000 		.4byte	0x911
 8613 3c83 10       		.byte	0x10
 8614 3c84 18       		.uleb128 0x18
 8615 3c85 A30B0000 		.4byte	.LASF820
 8616 3c89 36       		.byte	0x36
 8617 3c8a 3F01     		.2byte	0x13f
 8618 3c8c 11090000 		.4byte	0x911
 8619 3c90 12       		.byte	0x12
 8620 3c91 18       		.uleb128 0x18
 8621 3c92 BD230000 		.4byte	.LASF821
 8622 3c96 36       		.byte	0x36
 8623 3c97 4401     		.2byte	0x144
 8624 3c99 C63C0000 		.4byte	0x3cc6
 8625 3c9d 14       		.byte	0x14
 8626 3c9e 18       		.uleb128 0x18
 8627 3c9f 3D0D0000 		.4byte	.LASF822
 8628 3ca3 36       		.byte	0x36
 8629 3ca4 4901     		.2byte	0x149
 8630 3ca6 CC3C0000 		.4byte	0x3ccc
 8631 3caa 18       		.byte	0x18
 8632 3cab 18       		.uleb128 0x18
 8633 3cac 6C120000 		.4byte	.LASF823
 8634 3cb0 36       		.byte	0x36
 8635 3cb1 5001     		.2byte	0x150
 8636 3cb3 11090000 		.4byte	0x911
 8637 3cb7 1C       		.byte	0x1c
 8638 3cb8 18       		.uleb128 0x18
 8639 3cb9 24230000 		.4byte	.LASF824
 8640 3cbd 36       		.byte	0x36
 8641 3cbe 5601     		.2byte	0x156
 8642 3cc0 741B0000 		.4byte	0x1b74
 8643 3cc4 20       		.byte	0x20
 8644 3cc5 00       		.byte	0
 8645 3cc6 07       		.uleb128 0x7
 8646 3cc7 04       		.byte	0x4
 8647 3cc8 863B0000 		.4byte	0x3b86
 8648 3ccc 07       		.uleb128 0x7
 8649 3ccd 04       		.byte	0x4
 8650 3cce 2E3C0000 		.4byte	0x3c2e
 8651 3cd2 09       		.uleb128 0x9
 8652 3cd3 971E0000 		.4byte	.LASF825
 8653 3cd7 36       		.byte	0x36
 8654 3cd8 5701     		.2byte	0x157
 8655 3cda 3A3C0000 		.4byte	0x3c3a
 8656 3cde 05       		.uleb128 0x5
 8657 3cdf D23C0000 		.4byte	0x3cd2
 8658 3ce3 1C       		.uleb128 0x1c
ARM GAS  /tmp/cc1HOfrl.s 			page 153


 8659 3ce4 10       		.byte	0x10
 8660 3ce5 36       		.byte	0x36
 8661 3ce6 5C01     		.2byte	0x15c
 8662 3ce8 213D0000 		.4byte	0x3d21
 8663 3cec 18       		.uleb128 0x18
 8664 3ced 74040000 		.4byte	.LASF826
 8665 3cf1 36       		.byte	0x36
 8666 3cf2 6101     		.2byte	0x161
 8667 3cf4 19350000 		.4byte	0x3519
 8668 3cf8 00       		.byte	0
 8669 3cf9 18       		.uleb128 0x18
 8670 3cfa 3F220000 		.4byte	.LASF827
 8671 3cfe 36       		.byte	0x36
 8672 3cff 6601     		.2byte	0x166
 8673 3d01 5C350000 		.4byte	0x355c
 8674 3d05 04       		.byte	0x4
 8675 3d06 18       		.uleb128 0x18
 8676 3d07 D4120000 		.4byte	.LASF828
 8677 3d0b 36       		.byte	0x36
 8678 3d0c 6C01     		.2byte	0x16c
 8679 3d0e 3B350000 		.4byte	0x353b
 8680 3d12 08       		.byte	0x8
 8681 3d13 18       		.uleb128 0x18
 8682 3d14 FF010000 		.4byte	.LASF829
 8683 3d18 36       		.byte	0x36
 8684 3d19 7001     		.2byte	0x170
 8685 3d1b D4340000 		.4byte	0x34d4
 8686 3d1f 0C       		.byte	0xc
 8687 3d20 00       		.byte	0
 8688 3d21 09       		.uleb128 0x9
 8689 3d22 FC110000 		.4byte	.LASF830
 8690 3d26 36       		.byte	0x36
 8691 3d27 7201     		.2byte	0x172
 8692 3d29 E33C0000 		.4byte	0x3ce3
 8693 3d2d 05       		.uleb128 0x5
 8694 3d2e 213D0000 		.4byte	0x3d21
 8695 3d32 07       		.uleb128 0x7
 8696 3d33 04       		.byte	0x4
 8697 3d34 2D3D0000 		.4byte	0x3d2d
 8698 3d38 0C       		.uleb128 0xc
 8699 3d39 483D0000 		.4byte	0x3d48
 8700 3d3d 483D0000 		.4byte	0x3d48
 8701 3d41 0D       		.uleb128 0xd
 8702 3d42 B6000000 		.4byte	0xb6
 8703 3d46 03       		.byte	0x3
 8704 3d47 00       		.byte	0
 8705 3d48 07       		.uleb128 0x7
 8706 3d49 04       		.byte	0x4
 8707 3d4a DE3C0000 		.4byte	0x3cde
 8708 3d4e 0C       		.uleb128 0xc
 8709 3d4f CF000000 		.4byte	0xcf
 8710 3d53 5E3D0000 		.4byte	0x3d5e
 8711 3d57 0D       		.uleb128 0xd
 8712 3d58 B6000000 		.4byte	0xb6
 8713 3d5c 02       		.byte	0x2
 8714 3d5d 00       		.byte	0
 8715 3d5e 07       		.uleb128 0x7
ARM GAS  /tmp/cc1HOfrl.s 			page 154


 8716 3d5f 04       		.byte	0x4
 8717 3d60 AA3A0000 		.4byte	0x3aaa
 8718 3d64 07       		.uleb128 0x7
 8719 3d65 04       		.byte	0x4
 8720 3d66 ED3A0000 		.4byte	0x3aed
 8721 3d6a 0C       		.uleb128 0xc
 8722 3d6b 73150000 		.4byte	0x1573
 8723 3d6f 7A3D0000 		.4byte	0x3d7a
 8724 3d73 0D       		.uleb128 0xd
 8725 3d74 B6000000 		.4byte	0xb6
 8726 3d78 3E       		.byte	0x3e
 8727 3d79 00       		.byte	0
 8728 3d7a 20       		.uleb128 0x20
 8729 3d7b 54150000 		.4byte	.LASF831
 8730 3d7f 36       		.byte	0x36
 8731 3d80 0602     		.2byte	0x206
 8732 3d82 A0320000 		.4byte	0x32a0
 8733 3d86 22       		.uleb128 0x22
 8734 3d87 C2080000 		.4byte	.LASF832
 8735 3d8b 38       		.byte	0x38
 8736 3d8c 10       		.byte	0x10
 8737 3d8d 913D0000 		.4byte	0x3d91
 8738 3d91 07       		.uleb128 0x7
 8739 3d92 04       		.byte	0x4
 8740 3d93 B7050000 		.4byte	0x5b7
 8741 3d97 22       		.uleb128 0x22
 8742 3d98 84060000 		.4byte	.LASF833
 8743 3d9c 38       		.byte	0x38
 8744 3d9d E8       		.byte	0xe8
 8745 3d9e B7050000 		.4byte	0x5b7
 8746 3da2 22       		.uleb128 0x22
 8747 3da3 C6210000 		.4byte	.LASF834
 8748 3da7 38       		.byte	0x38
 8749 3da8 E9       		.byte	0xe9
 8750 3da9 9F000000 		.4byte	0x9f
 8751 3dad 22       		.uleb128 0x22
 8752 3dae 4C160000 		.4byte	.LASF835
 8753 3db2 38       		.byte	0x38
 8754 3db3 E9       		.byte	0xe9
 8755 3db4 9F000000 		.4byte	0x9f
 8756 3db8 22       		.uleb128 0x22
 8757 3db9 E4130000 		.4byte	.LASF836
 8758 3dbd 38       		.byte	0x38
 8759 3dbe E9       		.byte	0xe9
 8760 3dbf 9F000000 		.4byte	0x9f
 8761 3dc3 22       		.uleb128 0x22
 8762 3dc4 DF070000 		.4byte	.LASF837
 8763 3dc8 38       		.byte	0x38
 8764 3dc9 EB       		.byte	0xeb
 8765 3dca 9F000000 		.4byte	0x9f
 8766 3dce 10       		.uleb128 0x10
 8767 3dcf 511F0000 		.4byte	.LASF838
 8768 3dd3 5C       		.byte	0x5c
 8769 3dd4 39       		.byte	0x39
 8770 3dd5 0C       		.byte	0xc
 8771 3dd6 3B3E0000 		.4byte	0x3e3b
 8772 3dda 0F       		.uleb128 0xf
ARM GAS  /tmp/cc1HOfrl.s 			page 155


 8773 3ddb BB1B0000 		.4byte	.LASF839
 8774 3ddf 39       		.byte	0x39
 8775 3de0 0D       		.byte	0xd
 8776 3de1 CF000000 		.4byte	0xcf
 8777 3de5 00       		.byte	0
 8778 3de6 0F       		.uleb128 0xf
 8779 3de7 E1180000 		.4byte	.LASF840
 8780 3deb 39       		.byte	0x39
 8781 3dec 0E       		.byte	0xe
 8782 3ded BD000000 		.4byte	0xbd
 8783 3df1 04       		.byte	0x4
 8784 3df2 0F       		.uleb128 0xf
 8785 3df3 1C0A0000 		.4byte	.LASF841
 8786 3df7 39       		.byte	0x39
 8787 3df8 0F       		.byte	0xf
 8788 3df9 CF000000 		.4byte	0xcf
 8789 3dfd 08       		.byte	0x8
 8790 3dfe 0F       		.uleb128 0xf
 8791 3dff 46060000 		.4byte	.LASF842
 8792 3e03 39       		.byte	0x39
 8793 3e04 10       		.byte	0x10
 8794 3e05 CF000000 		.4byte	0xcf
 8795 3e09 0C       		.byte	0xc
 8796 3e0a 0F       		.uleb128 0xf
 8797 3e0b 3E210000 		.4byte	.LASF843
 8798 3e0f 39       		.byte	0x39
 8799 3e10 11       		.byte	0x11
 8800 3e11 3B3E0000 		.4byte	0x3e3b
 8801 3e15 10       		.byte	0x10
 8802 3e16 0F       		.uleb128 0xf
 8803 3e17 31010000 		.4byte	.LASF844
 8804 3e1b 39       		.byte	0x39
 8805 3e1c 12       		.byte	0x12
 8806 3e1d 901D0000 		.4byte	0x1d90
 8807 3e21 51       		.byte	0x51
 8808 3e22 0F       		.uleb128 0xf
 8809 3e23 521E0000 		.4byte	.LASF845
 8810 3e27 39       		.byte	0x39
 8811 3e28 13       		.byte	0x13
 8812 3e29 703E0000 		.4byte	0x3e70
 8813 3e2d 54       		.byte	0x54
 8814 3e2e 0F       		.uleb128 0xf
 8815 3e2f 18020000 		.4byte	.LASF846
 8816 3e33 39       		.byte	0x39
 8817 3e34 14       		.byte	0x14
 8818 3e35 763E0000 		.4byte	0x3e76
 8819 3e39 58       		.byte	0x58
 8820 3e3a 00       		.byte	0
 8821 3e3b 0C       		.uleb128 0xc
 8822 3e3c BD050000 		.4byte	0x5bd
 8823 3e40 4B3E0000 		.4byte	0x3e4b
 8824 3e44 0D       		.uleb128 0xd
 8825 3e45 B6000000 		.4byte	0xb6
 8826 3e49 40       		.byte	0x40
 8827 3e4a 00       		.byte	0
 8828 3e4b 10       		.uleb128 0x10
 8829 3e4c 32000000 		.4byte	.LASF847
ARM GAS  /tmp/cc1HOfrl.s 			page 156


 8830 3e50 08       		.byte	0x8
 8831 3e51 39       		.byte	0x39
 8832 3e52 25       		.byte	0x25
 8833 3e53 703E0000 		.4byte	0x3e70
 8834 3e57 0F       		.uleb128 0xf
 8835 3e58 7D1D0000 		.4byte	.LASF848
 8836 3e5c 39       		.byte	0x39
 8837 3e5d 26       		.byte	0x26
 8838 3e5e 163F0000 		.4byte	0x3f16
 8839 3e62 00       		.byte	0
 8840 3e63 0F       		.uleb128 0xf
 8841 3e64 18020000 		.4byte	.LASF846
 8842 3e68 39       		.byte	0x39
 8843 3e69 27       		.byte	0x27
 8844 3e6a 703E0000 		.4byte	0x3e70
 8845 3e6e 04       		.byte	0x4
 8846 3e6f 00       		.byte	0
 8847 3e70 07       		.uleb128 0x7
 8848 3e71 04       		.byte	0x4
 8849 3e72 4B3E0000 		.4byte	0x3e4b
 8850 3e76 07       		.uleb128 0x7
 8851 3e77 04       		.byte	0x4
 8852 3e78 CE3D0000 		.4byte	0x3dce
 8853 3e7c 03       		.uleb128 0x3
 8854 3e7d 12180000 		.4byte	.LASF849
 8855 3e81 39       		.byte	0x39
 8856 3e82 15       		.byte	0x15
 8857 3e83 CE3D0000 		.4byte	0x3dce
 8858 3e87 0E       		.uleb128 0xe
 8859 3e88 04       		.byte	0x4
 8860 3e89 39       		.byte	0x39
 8861 3e8a 18       		.byte	0x18
 8862 3e8b 9C3E0000 		.4byte	0x3e9c
 8863 3e8f 0F       		.uleb128 0xf
 8864 3e90 D6090000 		.4byte	.LASF850
 8865 3e94 39       		.byte	0x39
 8866 3e95 19       		.byte	0x19
 8867 3e96 9C3E0000 		.4byte	0x3e9c
 8868 3e9a 00       		.byte	0
 8869 3e9b 00       		.byte	0
 8870 3e9c 07       		.uleb128 0x7
 8871 3e9d 04       		.byte	0x4
 8872 3e9e 7C3E0000 		.4byte	0x3e7c
 8873 3ea2 0E       		.uleb128 0xe
 8874 3ea3 0C       		.byte	0xc
 8875 3ea4 39       		.byte	0x39
 8876 3ea5 17       		.byte	0x17
 8877 3ea6 CF3E0000 		.4byte	0x3ecf
 8878 3eaa 0F       		.uleb128 0xf
 8879 3eab 9A1F0000 		.4byte	.LASF851
 8880 3eaf 39       		.byte	0x39
 8881 3eb0 1A       		.byte	0x1a
 8882 3eb1 873E0000 		.4byte	0x3e87
 8883 3eb5 00       		.byte	0
 8884 3eb6 0F       		.uleb128 0xf
 8885 3eb7 1C0A0000 		.4byte	.LASF841
 8886 3ebb 39       		.byte	0x39
ARM GAS  /tmp/cc1HOfrl.s 			page 157


 8887 3ebc 1B       		.byte	0x1b
 8888 3ebd CF000000 		.4byte	0xcf
 8889 3ec1 04       		.byte	0x4
 8890 3ec2 0F       		.uleb128 0xf
 8891 3ec3 46060000 		.4byte	.LASF842
 8892 3ec7 39       		.byte	0x39
 8893 3ec8 1C       		.byte	0x1c
 8894 3ec9 CF000000 		.4byte	0xcf
 8895 3ecd 08       		.byte	0x8
 8896 3ece 00       		.byte	0
 8897 3ecf 03       		.uleb128 0x3
 8898 3ed0 0E100000 		.4byte	.LASF852
 8899 3ed4 39       		.byte	0x39
 8900 3ed5 1D       		.byte	0x1d
 8901 3ed6 A23E0000 		.4byte	0x3ea2
 8902 3eda 10       		.uleb128 0x10
 8903 3edb 001A0000 		.4byte	.LASF853
 8904 3edf 0C       		.byte	0xc
 8905 3ee0 39       		.byte	0x39
 8906 3ee1 1F       		.byte	0x1f
 8907 3ee2 0B3F0000 		.4byte	0x3f0b
 8908 3ee6 0F       		.uleb128 0xf
 8909 3ee7 1C0A0000 		.4byte	.LASF841
 8910 3eeb 39       		.byte	0x39
 8911 3eec 20       		.byte	0x20
 8912 3eed CF000000 		.4byte	0xcf
 8913 3ef1 00       		.byte	0
 8914 3ef2 0F       		.uleb128 0xf
 8915 3ef3 46060000 		.4byte	.LASF842
 8916 3ef7 39       		.byte	0x39
 8917 3ef8 21       		.byte	0x21
 8918 3ef9 CF000000 		.4byte	0xcf
 8919 3efd 04       		.byte	0x4
 8920 3efe 0F       		.uleb128 0xf
 8921 3eff F5030000 		.4byte	.LASF854
 8922 3f03 39       		.byte	0x39
 8923 3f04 22       		.byte	0x22
 8924 3f05 9C3E0000 		.4byte	0x3e9c
 8925 3f09 08       		.byte	0x8
 8926 3f0a 00       		.byte	0
 8927 3f0b 03       		.uleb128 0x3
 8928 3f0c 471B0000 		.4byte	.LASF855
 8929 3f10 39       		.byte	0x39
 8930 3f11 23       		.byte	0x23
 8931 3f12 DA3E0000 		.4byte	0x3eda
 8932 3f16 07       		.uleb128 0x7
 8933 3f17 04       		.byte	0x4
 8934 3f18 0B3F0000 		.4byte	0x3f0b
 8935 3f1c 03       		.uleb128 0x3
 8936 3f1d 6D110000 		.4byte	.LASF856
 8937 3f21 3A       		.byte	0x3a
 8938 3f22 08       		.byte	0x8
 8939 3f23 273F0000 		.4byte	0x3f27
 8940 3f27 10       		.uleb128 0x10
 8941 3f28 C11D0000 		.4byte	.LASF857
 8942 3f2c 18       		.byte	0x18
 8943 3f2d 3A       		.byte	0x3a
ARM GAS  /tmp/cc1HOfrl.s 			page 158


 8944 3f2e 0B       		.byte	0xb
 8945 3f2f 7B3F0000 		.4byte	0x3f7b
 8946 3f33 11       		.uleb128 0x11
 8947 3f34 696400   		.ascii	"id\000"
 8948 3f37 3A       		.byte	0x3a
 8949 3f38 0C       		.byte	0xc
 8950 3f39 ED050000 		.4byte	0x5ed
 8951 3f3d 00       		.byte	0
 8952 3f3e 0F       		.uleb128 0xf
 8953 3f3f 20010000 		.4byte	.LASF858
 8954 3f43 3A       		.byte	0x3a
 8955 3f44 0D       		.byte	0xd
 8956 3f45 1C090000 		.4byte	0x91c
 8957 3f49 04       		.byte	0x4
 8958 3f4a 0F       		.uleb128 0xf
 8959 3f4b 3C230000 		.4byte	.LASF859
 8960 3f4f 3A       		.byte	0x3a
 8961 3f50 0E       		.byte	0xe
 8962 3f51 E53F0000 		.4byte	0x3fe5
 8963 3f55 08       		.byte	0x8
 8964 3f56 0F       		.uleb128 0xf
 8965 3f57 6B0A0000 		.4byte	.LASF860
 8966 3f5b 3A       		.byte	0x3a
 8967 3f5c 0F       		.byte	0xf
 8968 3f5d E53F0000 		.4byte	0x3fe5
 8969 3f61 0C       		.byte	0xc
 8970 3f62 0F       		.uleb128 0xf
 8971 3f63 18020000 		.4byte	.LASF846
 8972 3f67 3A       		.byte	0x3a
 8973 3f68 10       		.byte	0x10
 8974 3f69 E53F0000 		.4byte	0x3fe5
 8975 3f6d 10       		.byte	0x10
 8976 3f6e 0F       		.uleb128 0xf
 8977 3f6f 97230000 		.4byte	.LASF861
 8978 3f73 3A       		.byte	0x3a
 8979 3f74 11       		.byte	0x11
 8980 3f75 EB3F0000 		.4byte	0x3feb
 8981 3f79 14       		.byte	0x14
 8982 3f7a 00       		.byte	0
 8983 3f7b 03       		.uleb128 0x3
 8984 3f7c BD140000 		.4byte	.LASF862
 8985 3f80 3A       		.byte	0x3a
 8986 3f81 09       		.byte	0x9
 8987 3f82 863F0000 		.4byte	0x3f86
 8988 3f86 10       		.uleb128 0x10
 8989 3f87 2F100000 		.4byte	.LASF863
 8990 3f8b 18       		.byte	0x18
 8991 3f8c 3A       		.byte	0x3a
 8992 3f8d 2E       		.byte	0x2e
 8993 3f8e E53F0000 		.4byte	0x3fe5
 8994 3f92 11       		.uleb128 0x11
 8995 3f93 696400   		.ascii	"id\000"
 8996 3f96 3A       		.byte	0x3a
 8997 3f97 2F       		.byte	0x2f
 8998 3f98 ED050000 		.4byte	0x5ed
 8999 3f9c 00       		.byte	0
 9000 3f9d 11       		.uleb128 0x11
ARM GAS  /tmp/cc1HOfrl.s 			page 159


 9001 3f9e 6E7300   		.ascii	"ns\000"
 9002 3fa1 3A       		.byte	0x3a
 9003 3fa2 30       		.byte	0x30
 9004 3fa3 E53F0000 		.4byte	0x3fe5
 9005 3fa7 04       		.byte	0x4
 9006 3fa8 0F       		.uleb128 0xf
 9007 3fa9 18020000 		.4byte	.LASF846
 9008 3fad 3A       		.byte	0x3a
 9009 3fae 31       		.byte	0x31
 9010 3faf EB3F0000 		.4byte	0x3feb
 9011 3fb3 08       		.byte	0x8
 9012 3fb4 0F       		.uleb128 0xf
 9013 3fb5 261D0000 		.4byte	.LASF864
 9014 3fb9 3A       		.byte	0x3a
 9015 3fba 32       		.byte	0x32
 9016 3fbb 901D0000 		.4byte	0x1d90
 9017 3fbf 0C       		.byte	0xc
 9018 3fc0 0F       		.uleb128 0xf
 9019 3fc1 F0100000 		.4byte	.LASF865
 9020 3fc5 3A       		.byte	0x3a
 9021 3fc6 33       		.byte	0x33
 9022 3fc7 901D0000 		.4byte	0x1d90
 9023 3fcb 0D       		.byte	0xd
 9024 3fcc 0F       		.uleb128 0xf
 9025 3fcd FF060000 		.4byte	.LASF866
 9026 3fd1 3A       		.byte	0x3a
 9027 3fd2 34       		.byte	0x34
 9028 3fd3 F6080000 		.4byte	0x8f6
 9029 3fd7 0E       		.byte	0xe
 9030 3fd8 0F       		.uleb128 0xf
 9031 3fd9 240B0000 		.4byte	.LASF867
 9032 3fdd 3A       		.byte	0x3a
 9033 3fde 3C       		.byte	0x3c
 9034 3fdf 86400000 		.4byte	0x4086
 9035 3fe3 10       		.byte	0x10
 9036 3fe4 00       		.byte	0
 9037 3fe5 07       		.uleb128 0x7
 9038 3fe6 04       		.byte	0x4
 9039 3fe7 1C3F0000 		.4byte	0x3f1c
 9040 3feb 07       		.uleb128 0x7
 9041 3fec 04       		.byte	0x4
 9042 3fed 7B3F0000 		.4byte	0x3f7b
 9043 3ff1 10       		.uleb128 0x10
 9044 3ff2 DD160000 		.4byte	.LASF868
 9045 3ff6 08       		.byte	0x8
 9046 3ff7 3A       		.byte	0x3a
 9047 3ff8 14       		.byte	0x14
 9048 3ff9 22400000 		.4byte	0x4022
 9049 3ffd 11       		.uleb128 0x11
 9050 3ffe 62756600 		.ascii	"buf\000"
 9051 4002 3A       		.byte	0x3a
 9052 4003 15       		.byte	0x15
 9053 4004 B7050000 		.4byte	0x5b7
 9054 4008 00       		.byte	0
 9055 4009 0F       		.uleb128 0xf
 9056 400a 65230000 		.4byte	.LASF869
 9057 400e 3A       		.byte	0x3a
ARM GAS  /tmp/cc1HOfrl.s 			page 160


 9058 400f 16       		.byte	0x16
 9059 4010 11090000 		.4byte	0x911
 9060 4014 04       		.byte	0x4
 9061 4015 11       		.uleb128 0x11
 9062 4016 6C656E00 		.ascii	"len\000"
 9063 401a 3A       		.byte	0x3a
 9064 401b 17       		.byte	0x17
 9065 401c 11090000 		.4byte	0x911
 9066 4020 06       		.byte	0x6
 9067 4021 00       		.byte	0
 9068 4022 10       		.uleb128 0x10
 9069 4023 C2150000 		.4byte	.LASF870
 9070 4027 08       		.byte	0x8
 9071 4028 3A       		.byte	0x3a
 9072 4029 1A       		.byte	0x1a
 9073 402a 53400000 		.4byte	0x4053
 9074 402e 11       		.uleb128 0x11
 9075 402f 62756600 		.ascii	"buf\000"
 9076 4033 3A       		.byte	0x3a
 9077 4034 1B       		.byte	0x1b
 9078 4035 53400000 		.4byte	0x4053
 9079 4039 00       		.byte	0
 9080 403a 0F       		.uleb128 0xf
 9081 403b 6E080000 		.4byte	.LASF871
 9082 403f 3A       		.byte	0x3a
 9083 4040 1C       		.byte	0x1c
 9084 4041 11090000 		.4byte	0x911
 9085 4045 04       		.byte	0x4
 9086 4046 11       		.uleb128 0x11
 9087 4047 64696D00 		.ascii	"dim\000"
 9088 404b 3A       		.byte	0x3a
 9089 404c 1D       		.byte	0x1d
 9090 404d 11090000 		.4byte	0x911
 9091 4051 06       		.byte	0x6
 9092 4052 00       		.byte	0
 9093 4053 07       		.uleb128 0x7
 9094 4054 04       		.byte	0x4
 9095 4055 69090000 		.4byte	0x969
 9096 4059 10       		.uleb128 0x10
 9097 405a 590E0000 		.4byte	.LASF872
 9098 405e 08       		.byte	0x8
 9099 405f 3A       		.byte	0x3a
 9100 4060 20       		.byte	0x20
 9101 4061 86400000 		.4byte	0x4086
 9102 4065 11       		.uleb128 0x11
 9103 4066 62756600 		.ascii	"buf\000"
 9104 406a 3A       		.byte	0x3a
 9105 406b 21       		.byte	0x21
 9106 406c 53400000 		.4byte	0x4053
 9107 4070 00       		.byte	0
 9108 4071 11       		.uleb128 0x11
 9109 4072 6E00     		.ascii	"n\000"
 9110 4074 3A       		.byte	0x3a
 9111 4075 22       		.byte	0x22
 9112 4076 11090000 		.4byte	0x911
 9113 407a 04       		.byte	0x4
 9114 407b 11       		.uleb128 0x11
ARM GAS  /tmp/cc1HOfrl.s 			page 161


 9115 407c 6D00     		.ascii	"m\000"
 9116 407e 3A       		.byte	0x3a
 9117 407f 23       		.byte	0x23
 9118 4080 11090000 		.4byte	0x911
 9119 4084 06       		.byte	0x6
 9120 4085 00       		.byte	0
 9121 4086 0A       		.uleb128 0xa
 9122 4087 08       		.byte	0x8
 9123 4088 3A       		.byte	0x3a
 9124 4089 35       		.byte	0x35
 9125 408a CB400000 		.4byte	0x40cb
 9126 408e 2C       		.uleb128 0x2c
 9127 408f 6200     		.ascii	"b\000"
 9128 4091 3A       		.byte	0x3a
 9129 4092 36       		.byte	0x36
 9130 4093 901D0000 		.4byte	0x1d90
 9131 4097 2C       		.uleb128 0x2c
 9132 4098 7300     		.ascii	"s\000"
 9133 409a 3A       		.byte	0x3a
 9134 409b 37       		.byte	0x37
 9135 409c 69090000 		.4byte	0x969
 9136 40a0 2C       		.uleb128 0x2c
 9137 40a1 6900     		.ascii	"i\000"
 9138 40a3 3A       		.byte	0x3a
 9139 40a4 38       		.byte	0x38
 9140 40a5 1C090000 		.4byte	0x91c
 9141 40a9 2C       		.uleb128 0x2c
 9142 40aa 73747200 		.ascii	"str\000"
 9143 40ae 3A       		.byte	0x3a
 9144 40af 39       		.byte	0x39
 9145 40b0 F13F0000 		.4byte	0x3ff1
 9146 40b4 0B       		.uleb128 0xb
 9147 40b5 96000000 		.4byte	.LASF873
 9148 40b9 3A       		.byte	0x3a
 9149 40ba 3A       		.byte	0x3a
 9150 40bb 22400000 		.4byte	0x4022
 9151 40bf 2C       		.uleb128 0x2c
 9152 40c0 6D617400 		.ascii	"mat\000"
 9153 40c4 3A       		.byte	0x3a
 9154 40c5 3B       		.byte	0x3b
 9155 40c6 59400000 		.4byte	0x4059
 9156 40ca 00       		.byte	0
 9157 40cb 31       		.uleb128 0x31
 9158 40cc 62757300 		.ascii	"bus\000"
 9159 40d0 3B       		.byte	0x3b
 9160 40d1 0C       		.byte	0xc
 9161 40d2 CF3E0000 		.4byte	0x3ecf
 9162 40d6 22       		.uleb128 0x22
 9163 40d7 7A0C0000 		.4byte	.LASF874
 9164 40db 3B       		.byte	0x3b
 9165 40dc 0E       		.byte	0xe
 9166 40dd 1C3F0000 		.4byte	0x3f1c
 9167 40e1 08       		.uleb128 0x8
 9168 40e2 CF070000 		.4byte	.LASF875
 9169 40e6 22       		.uleb128 0x22
 9170 40e7 4E110000 		.4byte	.LASF876
 9171 40eb 3C       		.byte	0x3c
ARM GAS  /tmp/cc1HOfrl.s 			page 162


 9172 40ec 09       		.byte	0x9
 9173 40ed E1400000 		.4byte	0x40e1
 9174 40f1 22       		.uleb128 0x22
 9175 40f2 17150000 		.4byte	.LASF877
 9176 40f6 3C       		.byte	0x3c
 9177 40f7 0A       		.byte	0xa
 9178 40f8 E1400000 		.4byte	0x40e1
 9179 40fc 32       		.uleb128 0x32
 9180 40fd CB400000 		.4byte	0x40cb
 9181 4101 01       		.byte	0x1
 9182 4102 20       		.byte	0x20
 9183 4103 05       		.uleb128 0x5
 9184 4104 03       		.byte	0x3
 9185 4105 00000000 		.4byte	bus
 9186 4109 33       		.uleb128 0x33
 9187 410a 15040000 		.4byte	.LASF878
 9188 410e 01       		.byte	0x1
 9189 410f 21       		.byte	0x21
 9190 4110 271A0000 		.4byte	0x1a27
 9191 4114 05       		.uleb128 0x5
 9192 4115 03       		.byte	0x3
 9193 4116 00000000 		.4byte	bus_lock
 9194 411a 33       		.uleb128 0x33
 9195 411b 84010000 		.4byte	.LASF879
 9196 411f 01       		.byte	0x1
 9197 4120 22       		.byte	0x22
 9198 4121 511A0000 		.4byte	0x1a51
 9199 4125 05       		.uleb128 0x5
 9200 4126 03       		.byte	0x3
 9201 4127 00000000 		.4byte	bus_condvar
 9202 412b 2B       		.uleb128 0x2b
 9203 412c 07       		.byte	0x7
 9204 412d 01       		.byte	0x1
 9205 412e 37000000 		.4byte	0x37
 9206 4132 01       		.byte	0x1
 9207 4133 25       		.byte	0x25
 9208 4134 4B410000 		.4byte	0x414b
 9209 4138 25       		.uleb128 0x25
 9210 4139 6B1A0000 		.4byte	.LASF880
 9211 413d 00       		.byte	0
 9212 413e 25       		.uleb128 0x25
 9213 413f 520D0000 		.4byte	.LASF881
 9214 4143 01       		.byte	0x1
 9215 4144 25       		.uleb128 0x25
 9216 4145 88100000 		.4byte	.LASF882
 9217 4149 02       		.byte	0x2
 9218 414a 00       		.byte	0
 9219 414b 03       		.uleb128 0x3
 9220 414c 90220000 		.4byte	.LASF883
 9221 4150 01       		.byte	0x1
 9222 4151 25       		.byte	0x25
 9223 4152 2B410000 		.4byte	0x412b
 9224 4156 33       		.uleb128 0x33
 9225 4157 3D1A0000 		.4byte	.LASF884
 9226 415b 01       		.byte	0x1
 9227 415c 28       		.byte	0x28
 9228 415d A6000000 		.4byte	0xa6
ARM GAS  /tmp/cc1HOfrl.s 			page 163


 9229 4161 05       		.uleb128 0x5
 9230 4162 03       		.byte	0x3
 9231 4163 00000000 		.4byte	THR_FRONT
 9232 4167 33       		.uleb128 0x33
 9233 4168 BC210000 		.4byte	.LASF885
 9234 416c 01       		.byte	0x1
 9235 416d 29       		.byte	0x29
 9236 416e A6000000 		.4byte	0xa6
 9237 4172 05       		.uleb128 0x5
 9238 4173 03       		.byte	0x3
 9239 4174 00000000 		.4byte	REL_FRONT
 9240 4178 33       		.uleb128 0x33
 9241 4179 0B0C0000 		.4byte	.LASF886
 9242 417d 01       		.byte	0x1
 9243 417e 2A       		.byte	0x2a
 9244 417f A6000000 		.4byte	0xa6
 9245 4183 05       		.uleb128 0x5
 9246 4184 03       		.byte	0x3
 9247 4185 00000000 		.4byte	THR_SIDE
 9248 4189 33       		.uleb128 0x33
 9249 418a 9B220000 		.4byte	.LASF887
 9250 418e 01       		.byte	0x1
 9251 418f 2B       		.byte	0x2b
 9252 4190 A6000000 		.4byte	0xa6
 9253 4194 05       		.uleb128 0x5
 9254 4195 03       		.byte	0x3
 9255 4196 00000000 		.4byte	DRIVE_SPEED
 9256 419a 33       		.uleb128 0x33
 9257 419b ED010000 		.4byte	.LASF888
 9258 419f 01       		.byte	0x1
 9259 41a0 2C       		.byte	0x2c
 9260 41a1 A6000000 		.4byte	0xa6
 9261 41a5 05       		.uleb128 0x5
 9262 41a6 03       		.byte	0x3
 9263 41a7 00000000 		.4byte	PIVOT_SPEED
 9264 41ab 33       		.uleb128 0x33
 9265 41ac 740E0000 		.4byte	.LASF889
 9266 41b0 01       		.byte	0x1
 9267 41b1 2D       		.byte	0x2d
 9268 41b2 A6000000 		.4byte	0xa6
 9269 41b6 05       		.uleb128 0x5
 9270 41b7 03       		.byte	0x3
 9271 41b8 00000000 		.4byte	SIDE_TURN_GAIN
 9272 41bc 33       		.uleb128 0x33
 9273 41bd C5220000 		.4byte	.LASF890
 9274 41c1 01       		.byte	0x1
 9275 41c2 2E       		.byte	0x2e
 9276 41c3 A6000000 		.4byte	0xa6
 9277 41c7 05       		.uleb128 0x5
 9278 41c8 03       		.byte	0x3
 9279 41c9 00000000 		.4byte	HOLD_CYCLES
 9280 41cd 33       		.uleb128 0x33
 9281 41ce B40C0000 		.4byte	.LASF891
 9282 41d2 01       		.byte	0x1
 9283 41d3 2F       		.byte	0x2f
 9284 41d4 A6000000 		.4byte	0xa6
 9285 41d8 05       		.uleb128 0x5
ARM GAS  /tmp/cc1HOfrl.s 			page 164


 9286 41d9 03       		.byte	0x3
 9287 41da 00000000 		.4byte	LOOP_DT_MS
 9288 41de 33       		.uleb128 0x33
 9289 41df 6C170000 		.4byte	.LASF892
 9290 41e3 01       		.byte	0x1
 9291 41e4 AB       		.byte	0xab
 9292 41e5 4C090000 		.4byte	0x94c
 9293 41e9 05       		.uleb128 0x5
 9294 41ea 03       		.byte	0x3
 9295 41eb 00000000 		.4byte	__stack_chk_guard
 9296 41ef 34       		.uleb128 0x34
 9297 41f0 B2050000 		.4byte	.LASF922
 9298 41f4 01       		.byte	0x1
 9299 41f5 AC       		.byte	0xac
 9300 41f6 00000000 		.4byte	.LFB263
 9301 41fa 2C000000 		.4byte	.LFE263-.LFB263
 9302 41fe 01       		.uleb128 0x1
 9303 41ff 9C       		.byte	0x9c
 9304 4200 25420000 		.4byte	0x4225
 9305 4204 35       		.uleb128 0x35
 9306 4205 1E000000 		.4byte	.LVL157
 9307 4209 1C490000 		.4byte	0x491c
 9308 420d 1B420000 		.4byte	0x421b
 9309 4211 36       		.uleb128 0x36
 9310 4212 01       		.uleb128 0x1
 9311 4213 50       		.byte	0x50
 9312 4214 05       		.uleb128 0x5
 9313 4215 03       		.byte	0x3
 9314 4216 00000000 		.4byte	.LC0
 9315 421a 00       		.byte	0
 9316 421b 37       		.uleb128 0x37
 9317 421c 22000000 		.4byte	.LVL158
 9318 4220 28490000 		.4byte	0x4928
 9319 4224 00       		.byte	0
 9320 4225 38       		.uleb128 0x38
 9321 4226 CF230000 		.4byte	.LASF923
 9322 422a 01       		.byte	0x1
 9323 422b 40       		.byte	0x40
 9324 422c 9F000000 		.4byte	0x9f
 9325 4230 00000000 		.4byte	.LFB262
 9326 4234 08040000 		.4byte	.LFE262-.LFB262
 9327 4238 01       		.uleb128 0x1
 9328 4239 9C       		.byte	0x9c
 9329 423a 85480000 		.4byte	0x4885
 9330 423e 39       		.uleb128 0x39
 9331 423f 04160000 		.4byte	.LASF454
 9332 4243 01       		.byte	0x1
 9333 4244 61       		.byte	0x61
 9334 4245 4B410000 		.4byte	0x414b
 9335 4249 00000000 		.4byte	.LLST0
 9336 424d 39       		.uleb128 0x39
 9337 424e 26200000 		.4byte	.LASF893
 9338 4252 01       		.byte	0x1
 9339 4253 62       		.byte	0x62
 9340 4254 9F000000 		.4byte	0x9f
 9341 4258 5A000000 		.4byte	.LLST1
 9342 425c 3A       		.uleb128 0x3a
ARM GAS  /tmp/cc1HOfrl.s 			page 165


 9343 425d 00000000 		.4byte	.Ldebug_ranges0+0
 9344 4261 B6470000 		.4byte	0x47b6
 9345 4265 3B       		.uleb128 0x3b
 9346 4266 703000   		.ascii	"p0\000"
 9347 4269 01       		.byte	0x1
 9348 426a 67       		.byte	0x67
 9349 426b 9F000000 		.4byte	0x9f
 9350 426f AA000000 		.4byte	.LLST2
 9351 4273 3B       		.uleb128 0x3b
 9352 4274 703100   		.ascii	"p1\000"
 9353 4277 01       		.byte	0x1
 9354 4278 67       		.byte	0x67
 9355 4279 9F000000 		.4byte	0x9f
 9356 427d 2B010000 		.4byte	.LLST3
 9357 4281 3B       		.uleb128 0x3b
 9358 4282 703200   		.ascii	"p2\000"
 9359 4285 01       		.byte	0x1
 9360 4286 67       		.byte	0x67
 9361 4287 9F000000 		.4byte	0x9f
 9362 428b AC010000 		.4byte	.LLST4
 9363 428f 3C       		.uleb128 0x3c
 9364 4290 703300   		.ascii	"p3\000"
 9365 4293 01       		.byte	0x1
 9366 4294 67       		.byte	0x67
 9367 4295 9F000000 		.4byte	0x9f
 9368 4299 3C       		.uleb128 0x3c
 9369 429a 703400   		.ascii	"p4\000"
 9370 429d 01       		.byte	0x1
 9371 429e 68       		.byte	0x68
 9372 429f 9F000000 		.4byte	0x9f
 9373 42a3 3B       		.uleb128 0x3b
 9374 42a4 703500   		.ascii	"p5\000"
 9375 42a7 01       		.byte	0x1
 9376 42a8 68       		.byte	0x68
 9377 42a9 9F000000 		.4byte	0x9f
 9378 42ad 01020000 		.4byte	.LLST5
 9379 42b1 3B       		.uleb128 0x3b
 9380 42b2 703600   		.ascii	"p6\000"
 9381 42b5 01       		.byte	0x1
 9382 42b6 68       		.byte	0x68
 9383 42b7 9F000000 		.4byte	0x9f
 9384 42bb 56020000 		.4byte	.LLST6
 9385 42bf 3B       		.uleb128 0x3b
 9386 42c0 703700   		.ascii	"p7\000"
 9387 42c3 01       		.byte	0x1
 9388 42c4 68       		.byte	0x68
 9389 42c5 9F000000 		.4byte	0x9f
 9390 42c9 D7020000 		.4byte	.LLST7
 9391 42cd 3C       		.uleb128 0x3c
 9392 42ce 4600     		.ascii	"F\000"
 9393 42d0 01       		.byte	0x1
 9394 42d1 6B       		.byte	0x6b
 9395 42d2 9F000000 		.4byte	0x9f
 9396 42d6 3C       		.uleb128 0x3c
 9397 42d7 4C00     		.ascii	"L\000"
 9398 42d9 01       		.byte	0x1
 9399 42da 6C       		.byte	0x6c
ARM GAS  /tmp/cc1HOfrl.s 			page 166


 9400 42db 9F000000 		.4byte	0x9f
 9401 42df 3C       		.uleb128 0x3c
 9402 42e0 5200     		.ascii	"R\000"
 9403 42e2 01       		.byte	0x1
 9404 42e3 6D       		.byte	0x6d
 9405 42e4 9F000000 		.4byte	0x9f
 9406 42e8 3A       		.uleb128 0x3a
 9407 42e9 90020000 		.4byte	.Ldebug_ranges0+0x290
 9408 42ed 29430000 		.4byte	0x4329
 9409 42f1 39       		.uleb128 0x39
 9410 42f2 83110000 		.4byte	.LASF894
 9411 42f6 01       		.byte	0x1
 9412 42f7 7A       		.byte	0x7a
 9413 42f8 9F000000 		.4byte	0x9f
 9414 42fc 21030000 		.4byte	.LLST15
 9415 4300 39       		.uleb128 0x39
 9416 4301 311F0000 		.4byte	.LASF895
 9417 4305 01       		.byte	0x1
 9418 4306 7B       		.byte	0x7b
 9419 4307 9F000000 		.4byte	0x9f
 9420 430b 8E030000 		.4byte	.LLST16
 9421 430f 37       		.uleb128 0x37
 9422 4310 12020000 		.4byte	.LVL78
 9423 4314 31490000 		.4byte	0x4931
 9424 4318 3D       		.uleb128 0x3d
 9425 4319 18020000 		.4byte	.LVL79
 9426 431d 3C490000 		.4byte	0x493c
 9427 4321 36       		.uleb128 0x36
 9428 4322 01       		.uleb128 0x1
 9429 4323 50       		.byte	0x50
 9430 4324 02       		.uleb128 0x2
 9431 4325 74       		.byte	0x74
 9432 4326 00       		.sleb128 0
 9433 4327 00       		.byte	0
 9434 4328 00       		.byte	0
 9435 4329 3E       		.uleb128 0x3e
 9436 432a E3480000 		.4byte	0x48e3
 9437 432e 06000000 		.4byte	.LBB11
 9438 4332 18000000 		.4byte	.Ldebug_ranges0+0x18
 9439 4336 01       		.byte	0x1
 9440 4337 6B       		.byte	0x6b
 9441 4338 61430000 		.4byte	0x4361
 9442 433c 3F       		.uleb128 0x3f
 9443 433d 11490000 		.4byte	0x4911
 9444 4341 EF030000 		.4byte	.LLST8
 9445 4345 3F       		.uleb128 0x3f
 9446 4346 07490000 		.4byte	0x4907
 9447 434a 2E040000 		.4byte	.LLST9
 9448 434e 3F       		.uleb128 0x3f
 9449 434f FD480000 		.4byte	0x48fd
 9450 4353 6D040000 		.4byte	.LLST10
 9451 4357 3F       		.uleb128 0x3f
 9452 4358 F3480000 		.4byte	0x48f3
 9453 435c AC040000 		.4byte	.LLST11
 9454 4360 00       		.byte	0
 9455 4361 3E       		.uleb128 0x3e
 9456 4362 B4480000 		.4byte	0x48b4
ARM GAS  /tmp/cc1HOfrl.s 			page 167


 9457 4366 62000000 		.4byte	.LBB36
 9458 436a E0000000 		.4byte	.Ldebug_ranges0+0xe0
 9459 436e 01       		.byte	0x1
 9460 436f 6C       		.byte	0x6c
 9461 4370 88430000 		.4byte	0x4388
 9462 4374 40       		.uleb128 0x40
 9463 4375 D8480000 		.4byte	0x48d8
 9464 4379 40       		.uleb128 0x40
 9465 437a CE480000 		.4byte	0x48ce
 9466 437e 3F       		.uleb128 0x3f
 9467 437f C4480000 		.4byte	0x48c4
 9468 4383 EB040000 		.4byte	.LLST12
 9469 4387 00       		.byte	0
 9470 4388 3E       		.uleb128 0x3e
 9471 4389 85480000 		.4byte	0x4885
 9472 438d 66000000 		.4byte	.LBB62
 9473 4391 B0010000 		.4byte	.Ldebug_ranges0+0x1b0
 9474 4395 01       		.byte	0x1
 9475 4396 6D       		.byte	0x6d
 9476 4397 B3430000 		.4byte	0x43b3
 9477 439b 40       		.uleb128 0x40
 9478 439c A9480000 		.4byte	0x48a9
 9479 43a0 3F       		.uleb128 0x3f
 9480 43a1 9F480000 		.4byte	0x489f
 9481 43a5 FE040000 		.4byte	.LLST13
 9482 43a9 3F       		.uleb128 0x3f
 9483 43aa 95480000 		.4byte	0x4895
 9484 43ae 11050000 		.4byte	.LLST14
 9485 43b2 00       		.byte	0
 9486 43b3 41       		.uleb128 0x41
 9487 43b4 BC000000 		.4byte	.LVL24
 9488 43b8 31490000 		.4byte	0x4931
 9489 43bc C8430000 		.4byte	0x43c8
 9490 43c0 36       		.uleb128 0x36
 9491 43c1 01       		.uleb128 0x1
 9492 43c2 50       		.byte	0x50
 9493 43c3 03       		.uleb128 0x3
 9494 43c4 0B       		.byte	0xb
 9495 43c5 76FD     		.2byte	0xfd76
 9496 43c7 00       		.byte	0
 9497 43c8 41       		.uleb128 0x41
 9498 43c9 C4000000 		.4byte	.LVL25
 9499 43cd 3C490000 		.4byte	0x493c
 9500 43d1 DD430000 		.4byte	0x43dd
 9501 43d5 36       		.uleb128 0x36
 9502 43d6 01       		.uleb128 0x1
 9503 43d7 50       		.byte	0x50
 9504 43d8 03       		.uleb128 0x3
 9505 43d9 0A       		.byte	0xa
 9506 43da 8A02     		.2byte	0x28a
 9507 43dc 00       		.byte	0
 9508 43dd 41       		.uleb128 0x41
 9509 43de CA000000 		.4byte	.LVL26
 9510 43e2 47490000 		.4byte	0x4947
 9511 43e6 F1430000 		.4byte	0x43f1
 9512 43ea 36       		.uleb128 0x36
 9513 43eb 01       		.uleb128 0x1
ARM GAS  /tmp/cc1HOfrl.s 			page 168


 9514 43ec 50       		.byte	0x50
 9515 43ed 02       		.uleb128 0x2
 9516 43ee 08       		.byte	0x8
 9517 43ef 50       		.byte	0x50
 9518 43f0 00       		.byte	0
 9519 43f1 41       		.uleb128 0x41
 9520 43f2 D0000000 		.4byte	.LVL27
 9521 43f6 52490000 		.4byte	0x4952
 9522 43fa 04440000 		.4byte	0x4404
 9523 43fe 36       		.uleb128 0x36
 9524 43ff 01       		.uleb128 0x1
 9525 4400 50       		.byte	0x50
 9526 4401 01       		.uleb128 0x1
 9527 4402 30       		.byte	0x30
 9528 4403 00       		.byte	0
 9529 4404 41       		.uleb128 0x41
 9530 4405 D8000000 		.4byte	.LVL30
 9531 4409 52490000 		.4byte	0x4952
 9532 440d 17440000 		.4byte	0x4417
 9533 4411 36       		.uleb128 0x36
 9534 4412 01       		.uleb128 0x1
 9535 4413 50       		.byte	0x50
 9536 4414 01       		.uleb128 0x1
 9537 4415 31       		.byte	0x31
 9538 4416 00       		.byte	0
 9539 4417 41       		.uleb128 0x41
 9540 4418 E0000000 		.4byte	.LVL33
 9541 441c 52490000 		.4byte	0x4952
 9542 4420 2A440000 		.4byte	0x442a
 9543 4424 36       		.uleb128 0x36
 9544 4425 01       		.uleb128 0x1
 9545 4426 50       		.byte	0x50
 9546 4427 01       		.uleb128 0x1
 9547 4428 32       		.byte	0x32
 9548 4429 00       		.byte	0
 9549 442a 41       		.uleb128 0x41
 9550 442b E6000000 		.4byte	.LVL34
 9551 442f 52490000 		.4byte	0x4952
 9552 4433 3D440000 		.4byte	0x443d
 9553 4437 36       		.uleb128 0x36
 9554 4438 01       		.uleb128 0x1
 9555 4439 50       		.byte	0x50
 9556 443a 01       		.uleb128 0x1
 9557 443b 33       		.byte	0x33
 9558 443c 00       		.byte	0
 9559 443d 41       		.uleb128 0x41
 9560 443e EC000000 		.4byte	.LVL35
 9561 4442 52490000 		.4byte	0x4952
 9562 4446 50440000 		.4byte	0x4450
 9563 444a 36       		.uleb128 0x36
 9564 444b 01       		.uleb128 0x1
 9565 444c 50       		.byte	0x50
 9566 444d 01       		.uleb128 0x1
 9567 444e 34       		.byte	0x34
 9568 444f 00       		.byte	0
 9569 4450 41       		.uleb128 0x41
 9570 4451 F2000000 		.4byte	.LVL36
ARM GAS  /tmp/cc1HOfrl.s 			page 169


 9571 4455 52490000 		.4byte	0x4952
 9572 4459 63440000 		.4byte	0x4463
 9573 445d 36       		.uleb128 0x36
 9574 445e 01       		.uleb128 0x1
 9575 445f 50       		.byte	0x50
 9576 4460 01       		.uleb128 0x1
 9577 4461 35       		.byte	0x35
 9578 4462 00       		.byte	0
 9579 4463 41       		.uleb128 0x41
 9580 4464 F8000000 		.4byte	.LVL37
 9581 4468 52490000 		.4byte	0x4952
 9582 446c 76440000 		.4byte	0x4476
 9583 4470 36       		.uleb128 0x36
 9584 4471 01       		.uleb128 0x1
 9585 4472 50       		.byte	0x50
 9586 4473 01       		.uleb128 0x1
 9587 4474 36       		.byte	0x36
 9588 4475 00       		.byte	0
 9589 4476 41       		.uleb128 0x41
 9590 4477 00010000 		.4byte	.LVL40
 9591 447b 52490000 		.4byte	0x4952
 9592 447f 89440000 		.4byte	0x4489
 9593 4483 36       		.uleb128 0x36
 9594 4484 01       		.uleb128 0x1
 9595 4485 50       		.byte	0x50
 9596 4486 01       		.uleb128 0x1
 9597 4487 37       		.byte	0x37
 9598 4488 00       		.byte	0
 9599 4489 41       		.uleb128 0x41
 9600 448a 2A010000 		.4byte	.LVL45
 9601 448e 31490000 		.4byte	0x4931
 9602 4492 9E440000 		.4byte	0x449e
 9603 4496 36       		.uleb128 0x36
 9604 4497 01       		.uleb128 0x1
 9605 4498 50       		.byte	0x50
 9606 4499 03       		.uleb128 0x3
 9607 449a 0B       		.byte	0xb
 9608 449b 76FD     		.2byte	0xfd76
 9609 449d 00       		.byte	0
 9610 449e 41       		.uleb128 0x41
 9611 449f 32010000 		.4byte	.LVL46
 9612 44a3 3C490000 		.4byte	0x493c
 9613 44a7 B3440000 		.4byte	0x44b3
 9614 44ab 36       		.uleb128 0x36
 9615 44ac 01       		.uleb128 0x1
 9616 44ad 50       		.byte	0x50
 9617 44ae 03       		.uleb128 0x3
 9618 44af 0A       		.byte	0xa
 9619 44b0 8A02     		.2byte	0x28a
 9620 44b2 00       		.byte	0
 9621 44b3 41       		.uleb128 0x41
 9622 44b4 50010000 		.4byte	.LVL48
 9623 44b8 47490000 		.4byte	0x4947
 9624 44bc C7440000 		.4byte	0x44c7
 9625 44c0 36       		.uleb128 0x36
 9626 44c1 01       		.uleb128 0x1
 9627 44c2 50       		.byte	0x50
ARM GAS  /tmp/cc1HOfrl.s 			page 170


 9628 44c3 02       		.uleb128 0x2
 9629 44c4 08       		.byte	0x8
 9630 44c5 50       		.byte	0x50
 9631 44c6 00       		.byte	0
 9632 44c7 41       		.uleb128 0x41
 9633 44c8 56010000 		.4byte	.LVL49
 9634 44cc 52490000 		.4byte	0x4952
 9635 44d0 DA440000 		.4byte	0x44da
 9636 44d4 36       		.uleb128 0x36
 9637 44d5 01       		.uleb128 0x1
 9638 44d6 50       		.byte	0x50
 9639 44d7 01       		.uleb128 0x1
 9640 44d8 30       		.byte	0x30
 9641 44d9 00       		.byte	0
 9642 44da 41       		.uleb128 0x41
 9643 44db 5E010000 		.4byte	.LVL52
 9644 44df 52490000 		.4byte	0x4952
 9645 44e3 ED440000 		.4byte	0x44ed
 9646 44e7 36       		.uleb128 0x36
 9647 44e8 01       		.uleb128 0x1
 9648 44e9 50       		.byte	0x50
 9649 44ea 01       		.uleb128 0x1
 9650 44eb 31       		.byte	0x31
 9651 44ec 00       		.byte	0
 9652 44ed 41       		.uleb128 0x41
 9653 44ee 66010000 		.4byte	.LVL55
 9654 44f2 52490000 		.4byte	0x4952
 9655 44f6 00450000 		.4byte	0x4500
 9656 44fa 36       		.uleb128 0x36
 9657 44fb 01       		.uleb128 0x1
 9658 44fc 50       		.byte	0x50
 9659 44fd 01       		.uleb128 0x1
 9660 44fe 32       		.byte	0x32
 9661 44ff 00       		.byte	0
 9662 4500 41       		.uleb128 0x41
 9663 4501 6E010000 		.4byte	.LVL58
 9664 4505 52490000 		.4byte	0x4952
 9665 4509 13450000 		.4byte	0x4513
 9666 450d 36       		.uleb128 0x36
 9667 450e 01       		.uleb128 0x1
 9668 450f 50       		.byte	0x50
 9669 4510 01       		.uleb128 0x1
 9670 4511 33       		.byte	0x33
 9671 4512 00       		.byte	0
 9672 4513 41       		.uleb128 0x41
 9673 4514 74010000 		.4byte	.LVL59
 9674 4518 52490000 		.4byte	0x4952
 9675 451c 26450000 		.4byte	0x4526
 9676 4520 36       		.uleb128 0x36
 9677 4521 01       		.uleb128 0x1
 9678 4522 50       		.byte	0x50
 9679 4523 01       		.uleb128 0x1
 9680 4524 34       		.byte	0x34
 9681 4525 00       		.byte	0
 9682 4526 41       		.uleb128 0x41
 9683 4527 7A010000 		.4byte	.LVL60
 9684 452b 52490000 		.4byte	0x4952
ARM GAS  /tmp/cc1HOfrl.s 			page 171


 9685 452f 39450000 		.4byte	0x4539
 9686 4533 36       		.uleb128 0x36
 9687 4534 01       		.uleb128 0x1
 9688 4535 50       		.byte	0x50
 9689 4536 01       		.uleb128 0x1
 9690 4537 35       		.byte	0x35
 9691 4538 00       		.byte	0
 9692 4539 41       		.uleb128 0x41
 9693 453a 82010000 		.4byte	.LVL63
 9694 453e 52490000 		.4byte	0x4952
 9695 4542 4C450000 		.4byte	0x454c
 9696 4546 36       		.uleb128 0x36
 9697 4547 01       		.uleb128 0x1
 9698 4548 50       		.byte	0x50
 9699 4549 01       		.uleb128 0x1
 9700 454a 36       		.byte	0x36
 9701 454b 00       		.byte	0
 9702 454c 41       		.uleb128 0x41
 9703 454d 8A010000 		.4byte	.LVL66
 9704 4551 52490000 		.4byte	0x4952
 9705 4555 5F450000 		.4byte	0x455f
 9706 4559 36       		.uleb128 0x36
 9707 455a 01       		.uleb128 0x1
 9708 455b 50       		.byte	0x50
 9709 455c 01       		.uleb128 0x1
 9710 455d 37       		.byte	0x37
 9711 455e 00       		.byte	0
 9712 455f 41       		.uleb128 0x41
 9713 4560 C2010000 		.4byte	.LVL69
 9714 4564 31490000 		.4byte	0x4931
 9715 4568 74450000 		.4byte	0x4574
 9716 456c 36       		.uleb128 0x36
 9717 456d 01       		.uleb128 0x1
 9718 456e 50       		.byte	0x50
 9719 456f 03       		.uleb128 0x3
 9720 4570 0A       		.byte	0xa
 9721 4571 8A02     		.2byte	0x28a
 9722 4573 00       		.byte	0
 9723 4574 41       		.uleb128 0x41
 9724 4575 C8010000 		.4byte	.LVL70
 9725 4579 3C490000 		.4byte	0x493c
 9726 457d 89450000 		.4byte	0x4589
 9727 4581 36       		.uleb128 0x36
 9728 4582 01       		.uleb128 0x1
 9729 4583 50       		.byte	0x50
 9730 4584 03       		.uleb128 0x3
 9731 4585 0B       		.byte	0xb
 9732 4586 76FD     		.2byte	0xfd76
 9733 4588 00       		.byte	0
 9734 4589 41       		.uleb128 0x41
 9735 458a 1E020000 		.4byte	.LVL80
 9736 458e 47490000 		.4byte	0x4947
 9737 4592 9D450000 		.4byte	0x459d
 9738 4596 36       		.uleb128 0x36
 9739 4597 01       		.uleb128 0x1
 9740 4598 50       		.byte	0x50
 9741 4599 02       		.uleb128 0x2
ARM GAS  /tmp/cc1HOfrl.s 			page 172


 9742 459a 08       		.byte	0x8
 9743 459b 50       		.byte	0x50
 9744 459c 00       		.byte	0
 9745 459d 41       		.uleb128 0x41
 9746 459e 24020000 		.4byte	.LVL81
 9747 45a2 52490000 		.4byte	0x4952
 9748 45a6 B0450000 		.4byte	0x45b0
 9749 45aa 36       		.uleb128 0x36
 9750 45ab 01       		.uleb128 0x1
 9751 45ac 50       		.byte	0x50
 9752 45ad 01       		.uleb128 0x1
 9753 45ae 30       		.byte	0x30
 9754 45af 00       		.byte	0
 9755 45b0 41       		.uleb128 0x41
 9756 45b1 2C020000 		.4byte	.LVL84
 9757 45b5 52490000 		.4byte	0x4952
 9758 45b9 C3450000 		.4byte	0x45c3
 9759 45bd 36       		.uleb128 0x36
 9760 45be 01       		.uleb128 0x1
 9761 45bf 50       		.byte	0x50
 9762 45c0 01       		.uleb128 0x1
 9763 45c1 31       		.byte	0x31
 9764 45c2 00       		.byte	0
 9765 45c3 41       		.uleb128 0x41
 9766 45c4 34020000 		.4byte	.LVL87
 9767 45c8 52490000 		.4byte	0x4952
 9768 45cc D6450000 		.4byte	0x45d6
 9769 45d0 36       		.uleb128 0x36
 9770 45d1 01       		.uleb128 0x1
 9771 45d2 50       		.byte	0x50
 9772 45d3 01       		.uleb128 0x1
 9773 45d4 32       		.byte	0x32
 9774 45d5 00       		.byte	0
 9775 45d6 41       		.uleb128 0x41
 9776 45d7 3C020000 		.4byte	.LVL90
 9777 45db 52490000 		.4byte	0x4952
 9778 45df E9450000 		.4byte	0x45e9
 9779 45e3 36       		.uleb128 0x36
 9780 45e4 01       		.uleb128 0x1
 9781 45e5 50       		.byte	0x50
 9782 45e6 01       		.uleb128 0x1
 9783 45e7 33       		.byte	0x33
 9784 45e8 00       		.byte	0
 9785 45e9 41       		.uleb128 0x41
 9786 45ea 42020000 		.4byte	.LVL91
 9787 45ee 52490000 		.4byte	0x4952
 9788 45f2 FC450000 		.4byte	0x45fc
 9789 45f6 36       		.uleb128 0x36
 9790 45f7 01       		.uleb128 0x1
 9791 45f8 50       		.byte	0x50
 9792 45f9 01       		.uleb128 0x1
 9793 45fa 34       		.byte	0x34
 9794 45fb 00       		.byte	0
 9795 45fc 41       		.uleb128 0x41
 9796 45fd 48020000 		.4byte	.LVL92
 9797 4601 52490000 		.4byte	0x4952
 9798 4605 0F460000 		.4byte	0x460f
ARM GAS  /tmp/cc1HOfrl.s 			page 173


 9799 4609 36       		.uleb128 0x36
 9800 460a 01       		.uleb128 0x1
 9801 460b 50       		.byte	0x50
 9802 460c 01       		.uleb128 0x1
 9803 460d 35       		.byte	0x35
 9804 460e 00       		.byte	0
 9805 460f 41       		.uleb128 0x41
 9806 4610 50020000 		.4byte	.LVL95
 9807 4614 52490000 		.4byte	0x4952
 9808 4618 22460000 		.4byte	0x4622
 9809 461c 36       		.uleb128 0x36
 9810 461d 01       		.uleb128 0x1
 9811 461e 50       		.byte	0x50
 9812 461f 01       		.uleb128 0x1
 9813 4620 36       		.byte	0x36
 9814 4621 00       		.byte	0
 9815 4622 41       		.uleb128 0x41
 9816 4623 58020000 		.4byte	.LVL98
 9817 4627 52490000 		.4byte	0x4952
 9818 462b 35460000 		.4byte	0x4635
 9819 462f 36       		.uleb128 0x36
 9820 4630 01       		.uleb128 0x1
 9821 4631 50       		.byte	0x50
 9822 4632 01       		.uleb128 0x1
 9823 4633 37       		.byte	0x37
 9824 4634 00       		.byte	0
 9825 4635 41       		.uleb128 0x41
 9826 4636 E4020000 		.4byte	.LVL110
 9827 463a 31490000 		.4byte	0x4931
 9828 463e 4A460000 		.4byte	0x464a
 9829 4642 36       		.uleb128 0x36
 9830 4643 01       		.uleb128 0x1
 9831 4644 50       		.byte	0x50
 9832 4645 03       		.uleb128 0x3
 9833 4646 0A       		.byte	0xa
 9834 4647 8A02     		.2byte	0x28a
 9835 4649 00       		.byte	0
 9836 464a 41       		.uleb128 0x41
 9837 464b EA020000 		.4byte	.LVL111
 9838 464f 3C490000 		.4byte	0x493c
 9839 4653 5F460000 		.4byte	0x465f
 9840 4657 36       		.uleb128 0x36
 9841 4658 01       		.uleb128 0x1
 9842 4659 50       		.byte	0x50
 9843 465a 03       		.uleb128 0x3
 9844 465b 0B       		.byte	0xb
 9845 465c 76FD     		.2byte	0xfd76
 9846 465e 00       		.byte	0
 9847 465f 41       		.uleb128 0x41
 9848 4660 F0020000 		.4byte	.LVL112
 9849 4664 47490000 		.4byte	0x4947
 9850 4668 73460000 		.4byte	0x4673
 9851 466c 36       		.uleb128 0x36
 9852 466d 01       		.uleb128 0x1
 9853 466e 50       		.byte	0x50
 9854 466f 02       		.uleb128 0x2
 9855 4670 08       		.byte	0x8
ARM GAS  /tmp/cc1HOfrl.s 			page 174


 9856 4671 50       		.byte	0x50
 9857 4672 00       		.byte	0
 9858 4673 41       		.uleb128 0x41
 9859 4674 F6020000 		.4byte	.LVL113
 9860 4678 52490000 		.4byte	0x4952
 9861 467c 86460000 		.4byte	0x4686
 9862 4680 36       		.uleb128 0x36
 9863 4681 01       		.uleb128 0x1
 9864 4682 50       		.byte	0x50
 9865 4683 01       		.uleb128 0x1
 9866 4684 30       		.byte	0x30
 9867 4685 00       		.byte	0
 9868 4686 41       		.uleb128 0x41
 9869 4687 FE020000 		.4byte	.LVL116
 9870 468b 52490000 		.4byte	0x4952
 9871 468f 99460000 		.4byte	0x4699
 9872 4693 36       		.uleb128 0x36
 9873 4694 01       		.uleb128 0x1
 9874 4695 50       		.byte	0x50
 9875 4696 01       		.uleb128 0x1
 9876 4697 31       		.byte	0x31
 9877 4698 00       		.byte	0
 9878 4699 41       		.uleb128 0x41
 9879 469a 06030000 		.4byte	.LVL119
 9880 469e 52490000 		.4byte	0x4952
 9881 46a2 AC460000 		.4byte	0x46ac
 9882 46a6 36       		.uleb128 0x36
 9883 46a7 01       		.uleb128 0x1
 9884 46a8 50       		.byte	0x50
 9885 46a9 01       		.uleb128 0x1
 9886 46aa 32       		.byte	0x32
 9887 46ab 00       		.byte	0
 9888 46ac 41       		.uleb128 0x41
 9889 46ad 0C030000 		.4byte	.LVL120
 9890 46b1 52490000 		.4byte	0x4952
 9891 46b5 BF460000 		.4byte	0x46bf
 9892 46b9 36       		.uleb128 0x36
 9893 46ba 01       		.uleb128 0x1
 9894 46bb 50       		.byte	0x50
 9895 46bc 01       		.uleb128 0x1
 9896 46bd 33       		.byte	0x33
 9897 46be 00       		.byte	0
 9898 46bf 41       		.uleb128 0x41
 9899 46c0 12030000 		.4byte	.LVL121
 9900 46c4 52490000 		.4byte	0x4952
 9901 46c8 D2460000 		.4byte	0x46d2
 9902 46cc 36       		.uleb128 0x36
 9903 46cd 01       		.uleb128 0x1
 9904 46ce 50       		.byte	0x50
 9905 46cf 01       		.uleb128 0x1
 9906 46d0 34       		.byte	0x34
 9907 46d1 00       		.byte	0
 9908 46d2 41       		.uleb128 0x41
 9909 46d3 18030000 		.4byte	.LVL122
 9910 46d7 52490000 		.4byte	0x4952
 9911 46db E5460000 		.4byte	0x46e5
 9912 46df 36       		.uleb128 0x36
ARM GAS  /tmp/cc1HOfrl.s 			page 175


 9913 46e0 01       		.uleb128 0x1
 9914 46e1 50       		.byte	0x50
 9915 46e2 01       		.uleb128 0x1
 9916 46e3 35       		.byte	0x35
 9917 46e4 00       		.byte	0
 9918 46e5 41       		.uleb128 0x41
 9919 46e6 1E030000 		.4byte	.LVL123
 9920 46ea 52490000 		.4byte	0x4952
 9921 46ee F8460000 		.4byte	0x46f8
 9922 46f2 36       		.uleb128 0x36
 9923 46f3 01       		.uleb128 0x1
 9924 46f4 50       		.byte	0x50
 9925 46f5 01       		.uleb128 0x1
 9926 46f6 36       		.byte	0x36
 9927 46f7 00       		.byte	0
 9928 46f8 41       		.uleb128 0x41
 9929 46f9 26030000 		.4byte	.LVL126
 9930 46fd 52490000 		.4byte	0x4952
 9931 4701 0B470000 		.4byte	0x470b
 9932 4705 36       		.uleb128 0x36
 9933 4706 01       		.uleb128 0x1
 9934 4707 50       		.byte	0x50
 9935 4708 01       		.uleb128 0x1
 9936 4709 37       		.byte	0x37
 9937 470a 00       		.byte	0
 9938 470b 41       		.uleb128 0x41
 9939 470c 6A030000 		.4byte	.LVL131
 9940 4710 47490000 		.4byte	0x4947
 9941 4714 1F470000 		.4byte	0x471f
 9942 4718 36       		.uleb128 0x36
 9943 4719 01       		.uleb128 0x1
 9944 471a 50       		.byte	0x50
 9945 471b 02       		.uleb128 0x2
 9946 471c 08       		.byte	0x8
 9947 471d 50       		.byte	0x50
 9948 471e 00       		.byte	0
 9949 471f 41       		.uleb128 0x41
 9950 4720 70030000 		.4byte	.LVL132
 9951 4724 52490000 		.4byte	0x4952
 9952 4728 34470000 		.4byte	0x4734
 9953 472c 36       		.uleb128 0x36
 9954 472d 01       		.uleb128 0x1
 9955 472e 50       		.byte	0x50
 9956 472f 03       		.uleb128 0x3
 9957 4730 91       		.byte	0x91
 9958 4731 4C       		.sleb128 -52
 9959 4732 06       		.byte	0x6
 9960 4733 00       		.byte	0
 9961 4734 41       		.uleb128 0x41
 9962 4735 78030000 		.4byte	.LVL135
 9963 4739 52490000 		.4byte	0x4952
 9964 473d 47470000 		.4byte	0x4747
 9965 4741 36       		.uleb128 0x36
 9966 4742 01       		.uleb128 0x1
 9967 4743 50       		.byte	0x50
 9968 4744 01       		.uleb128 0x1
 9969 4745 31       		.byte	0x31
ARM GAS  /tmp/cc1HOfrl.s 			page 176


 9970 4746 00       		.byte	0
 9971 4747 41       		.uleb128 0x41
 9972 4748 80030000 		.4byte	.LVL138
 9973 474c 52490000 		.4byte	0x4952
 9974 4750 5A470000 		.4byte	0x475a
 9975 4754 36       		.uleb128 0x36
 9976 4755 01       		.uleb128 0x1
 9977 4756 50       		.byte	0x50
 9978 4757 01       		.uleb128 0x1
 9979 4758 32       		.byte	0x32
 9980 4759 00       		.byte	0
 9981 475a 41       		.uleb128 0x41
 9982 475b 88030000 		.4byte	.LVL141
 9983 475f 52490000 		.4byte	0x4952
 9984 4763 6D470000 		.4byte	0x476d
 9985 4767 36       		.uleb128 0x36
 9986 4768 01       		.uleb128 0x1
 9987 4769 50       		.byte	0x50
 9988 476a 01       		.uleb128 0x1
 9989 476b 33       		.byte	0x33
 9990 476c 00       		.byte	0
 9991 476d 41       		.uleb128 0x41
 9992 476e 8E030000 		.4byte	.LVL142
 9993 4772 52490000 		.4byte	0x4952
 9994 4776 80470000 		.4byte	0x4780
 9995 477a 36       		.uleb128 0x36
 9996 477b 01       		.uleb128 0x1
 9997 477c 50       		.byte	0x50
 9998 477d 01       		.uleb128 0x1
 9999 477e 34       		.byte	0x34
 10000 477f 00       		.byte	0
 10001 4780 41       		.uleb128 0x41
 10002 4781 94030000 		.4byte	.LVL143
 10003 4785 52490000 		.4byte	0x4952
 10004 4789 93470000 		.4byte	0x4793
 10005 478d 36       		.uleb128 0x36
 10006 478e 01       		.uleb128 0x1
 10007 478f 50       		.byte	0x50
 10008 4790 01       		.uleb128 0x1
 10009 4791 35       		.byte	0x35
 10010 4792 00       		.byte	0
 10011 4793 41       		.uleb128 0x41
 10012 4794 9C030000 		.4byte	.LVL146
 10013 4798 52490000 		.4byte	0x4952
 10014 479c A6470000 		.4byte	0x47a6
 10015 47a0 36       		.uleb128 0x36
 10016 47a1 01       		.uleb128 0x1
 10017 47a2 50       		.byte	0x50
 10018 47a3 01       		.uleb128 0x1
 10019 47a4 36       		.byte	0x36
 10020 47a5 00       		.byte	0
 10021 47a6 3D       		.uleb128 0x3d
 10022 47a7 A4030000 		.4byte	.LVL149
 10023 47ab 52490000 		.4byte	0x4952
 10024 47af 36       		.uleb128 0x36
 10025 47b0 01       		.uleb128 0x1
 10026 47b1 50       		.byte	0x50
ARM GAS  /tmp/cc1HOfrl.s 			page 177


 10027 47b2 01       		.uleb128 0x1
 10028 47b3 37       		.byte	0x37
 10029 47b4 00       		.byte	0
 10030 47b5 00       		.byte	0
 10031 47b6 37       		.uleb128 0x37
 10032 47b7 12000000 		.4byte	.LVL0
 10033 47bb 5D490000 		.4byte	0x495d
 10034 47bf 37       		.uleb128 0x37
 10035 47c0 16000000 		.4byte	.LVL1
 10036 47c4 68490000 		.4byte	0x4968
 10037 47c8 37       		.uleb128 0x37
 10038 47c9 1A000000 		.4byte	.LVL2
 10039 47cd 74490000 		.4byte	0x4974
 10040 47d1 41       		.uleb128 0x41
 10041 47d2 24000000 		.4byte	.LVL3
 10042 47d6 7F490000 		.4byte	0x497f
 10043 47da FA470000 		.4byte	0x47fa
 10044 47de 36       		.uleb128 0x36
 10045 47df 01       		.uleb128 0x1
 10046 47e0 50       		.byte	0x50
 10047 47e1 05       		.uleb128 0x5
 10048 47e2 03       		.byte	0x3
 10049 47e3 00000000 		.4byte	.LANCHOR2
 10050 47e7 36       		.uleb128 0x36
 10051 47e8 01       		.uleb128 0x1
 10052 47e9 51       		.byte	0x51
 10053 47ea 05       		.uleb128 0x5
 10054 47eb 03       		.byte	0x3
 10055 47ec 00000000 		.4byte	.LANCHOR1
 10056 47f0 36       		.uleb128 0x36
 10057 47f1 01       		.uleb128 0x1
 10058 47f2 52       		.byte	0x52
 10059 47f3 05       		.uleb128 0x5
 10060 47f4 03       		.byte	0x3
 10061 47f5 00000000 		.4byte	.LANCHOR0
 10062 47f9 00       		.byte	0
 10063 47fa 37       		.uleb128 0x37
 10064 47fb 28000000 		.4byte	.LVL4
 10065 47ff 8A490000 		.4byte	0x498a
 10066 4803 37       		.uleb128 0x37
 10067 4804 2C000000 		.4byte	.LVL5
 10068 4808 95490000 		.4byte	0x4995
 10069 480c 41       		.uleb128 0x41
 10070 480d 32000000 		.4byte	.LVL6
 10071 4811 A0490000 		.4byte	0x49a0
 10072 4815 1F480000 		.4byte	0x481f
 10073 4819 36       		.uleb128 0x36
 10074 481a 01       		.uleb128 0x1
 10075 481b 50       		.byte	0x50
 10076 481c 01       		.uleb128 0x1
 10077 481d 30       		.byte	0x30
 10078 481e 00       		.byte	0
 10079 481f 37       		.uleb128 0x37
 10080 4820 36000000 		.4byte	.LVL7
 10081 4824 AB490000 		.4byte	0x49ab
 10082 4828 37       		.uleb128 0x37
 10083 4829 3A000000 		.4byte	.LVL8
ARM GAS  /tmp/cc1HOfrl.s 			page 178


 10084 482d B6490000 		.4byte	0x49b6
 10085 4831 37       		.uleb128 0x37
 10086 4832 3E000000 		.4byte	.LVL9
 10087 4836 C1490000 		.4byte	0x49c1
 10088 483a 41       		.uleb128 0x41
 10089 483b 44000000 		.4byte	.LVL10
 10090 483f 31490000 		.4byte	0x4931
 10091 4843 4D480000 		.4byte	0x484d
 10092 4847 36       		.uleb128 0x36
 10093 4848 01       		.uleb128 0x1
 10094 4849 50       		.byte	0x50
 10095 484a 01       		.uleb128 0x1
 10096 484b 30       		.byte	0x30
 10097 484c 00       		.byte	0
 10098 484d 41       		.uleb128 0x41
 10099 484e 4A000000 		.4byte	.LVL11
 10100 4852 3C490000 		.4byte	0x493c
 10101 4856 60480000 		.4byte	0x4860
 10102 485a 36       		.uleb128 0x36
 10103 485b 01       		.uleb128 0x1
 10104 485c 50       		.byte	0x50
 10105 485d 01       		.uleb128 0x1
 10106 485e 30       		.byte	0x30
 10107 485f 00       		.byte	0
 10108 4860 37       		.uleb128 0x37
 10109 4861 4E000000 		.4byte	.LVL12
 10110 4865 CC490000 		.4byte	0x49cc
 10111 4869 37       		.uleb128 0x37
 10112 486a 52000000 		.4byte	.LVL13
 10113 486e D7490000 		.4byte	0x49d7
 10114 4872 37       		.uleb128 0x37
 10115 4873 56000000 		.4byte	.LVL14
 10116 4877 E2490000 		.4byte	0x49e2
 10117 487b 37       		.uleb128 0x37
 10118 487c 5A000000 		.4byte	.LVL15
 10119 4880 ED490000 		.4byte	0x49ed
 10120 4884 00       		.byte	0
 10121 4885 42       		.uleb128 0x42
 10122 4886 D4230000 		.4byte	.LASF896
 10123 488a 01       		.byte	0x1
 10124 488b 3B       		.byte	0x3b
 10125 488c 9F000000 		.4byte	0x9f
 10126 4890 03       		.byte	0x3
 10127 4891 B4480000 		.4byte	0x48b4
 10128 4895 43       		.uleb128 0x43
 10129 4896 703100   		.ascii	"p1\000"
 10130 4899 01       		.byte	0x1
 10131 489a 3B       		.byte	0x3b
 10132 489b 9F000000 		.4byte	0x9f
 10133 489f 43       		.uleb128 0x43
 10134 48a0 703200   		.ascii	"p2\000"
 10135 48a3 01       		.byte	0x1
 10136 48a4 3B       		.byte	0x3b
 10137 48a5 9F000000 		.4byte	0x9f
 10138 48a9 43       		.uleb128 0x43
 10139 48aa 703000   		.ascii	"p0\000"
 10140 48ad 01       		.byte	0x1
ARM GAS  /tmp/cc1HOfrl.s 			page 179


 10141 48ae 3B       		.byte	0x3b
 10142 48af 9F000000 		.4byte	0x9f
 10143 48b3 00       		.byte	0
 10144 48b4 42       		.uleb128 0x42
 10145 48b5 CF200000 		.4byte	.LASF897
 10146 48b9 01       		.byte	0x1
 10147 48ba 37       		.byte	0x37
 10148 48bb 9F000000 		.4byte	0x9f
 10149 48bf 03       		.byte	0x3
 10150 48c0 E3480000 		.4byte	0x48e3
 10151 48c4 43       		.uleb128 0x43
 10152 48c5 703600   		.ascii	"p6\000"
 10153 48c8 01       		.byte	0x1
 10154 48c9 37       		.byte	0x37
 10155 48ca 9F000000 		.4byte	0x9f
 10156 48ce 43       		.uleb128 0x43
 10157 48cf 703500   		.ascii	"p5\000"
 10158 48d2 01       		.byte	0x1
 10159 48d3 37       		.byte	0x37
 10160 48d4 9F000000 		.4byte	0x9f
 10161 48d8 43       		.uleb128 0x43
 10162 48d9 703700   		.ascii	"p7\000"
 10163 48dc 01       		.byte	0x1
 10164 48dd 37       		.byte	0x37
 10165 48de 9F000000 		.4byte	0x9f
 10166 48e2 00       		.byte	0
 10167 48e3 42       		.uleb128 0x42
 10168 48e4 85040000 		.4byte	.LASF898
 10169 48e8 01       		.byte	0x1
 10170 48e9 32       		.byte	0x32
 10171 48ea 9F000000 		.4byte	0x9f
 10172 48ee 03       		.byte	0x3
 10173 48ef 1C490000 		.4byte	0x491c
 10174 48f3 43       		.uleb128 0x43
 10175 48f4 703000   		.ascii	"p0\000"
 10176 48f7 01       		.byte	0x1
 10177 48f8 32       		.byte	0x32
 10178 48f9 9F000000 		.4byte	0x9f
 10179 48fd 43       		.uleb128 0x43
 10180 48fe 703700   		.ascii	"p7\000"
 10181 4901 01       		.byte	0x1
 10182 4902 32       		.byte	0x32
 10183 4903 9F000000 		.4byte	0x9f
 10184 4907 43       		.uleb128 0x43
 10185 4908 703100   		.ascii	"p1\000"
 10186 490b 01       		.byte	0x1
 10187 490c 32       		.byte	0x32
 10188 490d 9F000000 		.4byte	0x9f
 10189 4911 43       		.uleb128 0x43
 10190 4912 703600   		.ascii	"p6\000"
 10191 4915 01       		.byte	0x1
 10192 4916 32       		.byte	0x32
 10193 4917 9F000000 		.4byte	0x9f
 10194 491b 00       		.byte	0
 10195 491c 44       		.uleb128 0x44
 10196 491d 54060000 		.4byte	.LASF899
 10197 4921 54060000 		.4byte	.LASF899
ARM GAS  /tmp/cc1HOfrl.s 			page 180


 10198 4925 3D       		.byte	0x3d
 10199 4926 1601     		.2byte	0x116
 10200 4928 45       		.uleb128 0x45
 10201 4929 B2050000 		.4byte	.LASF922
 10202 492d B2050000 		.4byte	.LASF922
 10203 4931 46       		.uleb128 0x46
 10204 4932 FA160000 		.4byte	.LASF900
 10205 4936 FA160000 		.4byte	.LASF900
 10206 493a 3C       		.byte	0x3c
 10207 493b 11       		.byte	0x11
 10208 493c 46       		.uleb128 0x46
 10209 493d 89170000 		.4byte	.LASF901
 10210 4941 89170000 		.4byte	.LASF901
 10211 4945 3C       		.byte	0x3c
 10212 4946 18       		.byte	0x18
 10213 4947 46       		.uleb128 0x46
 10214 4948 131F0000 		.4byte	.LASF902
 10215 494c 131F0000 		.4byte	.LASF902
 10216 4950 3E       		.byte	0x3e
 10217 4951 96       		.byte	0x96
 10218 4952 46       		.uleb128 0x46
 10219 4953 5D090000 		.4byte	.LASF903
 10220 4957 5D090000 		.4byte	.LASF903
 10221 495b 3F       		.byte	0x3f
 10222 495c 37       		.byte	0x37
 10223 495d 46       		.uleb128 0x46
 10224 495e 55100000 		.4byte	.LASF904
 10225 4962 55100000 		.4byte	.LASF904
 10226 4966 40       		.byte	0x40
 10227 4967 99       		.byte	0x99
 10228 4968 44       		.uleb128 0x44
 10229 4969 7B1B0000 		.4byte	.LASF905
 10230 496d 7B1B0000 		.4byte	.LASF905
 10231 4971 3D       		.byte	0x3d
 10232 4972 1501     		.2byte	0x115
 10233 4974 46       		.uleb128 0x46
 10234 4975 231B0000 		.4byte	.LASF906
 10235 4979 231B0000 		.4byte	.LASF906
 10236 497d 41       		.byte	0x41
 10237 497e 36       		.byte	0x36
 10238 497f 46       		.uleb128 0x46
 10239 4980 711A0000 		.4byte	.LASF907
 10240 4984 711A0000 		.4byte	.LASF907
 10241 4988 39       		.byte	0x39
 10242 4989 49       		.byte	0x49
 10243 498a 46       		.uleb128 0x46
 10244 498b 34220000 		.4byte	.LASF908
 10245 498f 34220000 		.4byte	.LASF908
 10246 4993 42       		.byte	0x42
 10247 4994 37       		.byte	0x37
 10248 4995 46       		.uleb128 0x46
 10249 4996 03180000 		.4byte	.LASF909
 10250 499a 03180000 		.4byte	.LASF909
 10251 499e 43       		.byte	0x43
 10252 499f 0A       		.byte	0xa
 10253 49a0 46       		.uleb128 0x46
 10254 49a1 B2080000 		.4byte	.LASF910
ARM GAS  /tmp/cc1HOfrl.s 			page 181


 10255 49a5 B2080000 		.4byte	.LASF910
 10256 49a9 3F       		.byte	0x3f
 10257 49aa 24       		.byte	0x24
 10258 49ab 46       		.uleb128 0x46
 10259 49ac DA170000 		.4byte	.LASF911
 10260 49b0 DA170000 		.4byte	.LASF911
 10261 49b4 3F       		.byte	0x3f
 10262 49b5 2E       		.byte	0x2e
 10263 49b6 46       		.uleb128 0x46
 10264 49b7 4E1C0000 		.4byte	.LASF912
 10265 49bb 4E1C0000 		.4byte	.LASF912
 10266 49bf 44       		.byte	0x44
 10267 49c0 44       		.byte	0x44
 10268 49c1 46       		.uleb128 0x46
 10269 49c2 7B190000 		.4byte	.LASF913
 10270 49c6 7B190000 		.4byte	.LASF913
 10271 49ca 3C       		.byte	0x3c
 10272 49cb 39       		.byte	0x39
 10273 49cc 46       		.uleb128 0x46
 10274 49cd 91150000 		.4byte	.LASF914
 10275 49d1 91150000 		.4byte	.LASF914
 10276 49d5 45       		.byte	0x45
 10277 49d6 24       		.byte	0x24
 10278 49d7 46       		.uleb128 0x46
 10279 49d8 8D020000 		.4byte	.LASF915
 10280 49dc 8D020000 		.4byte	.LASF915
 10281 49e0 45       		.byte	0x45
 10282 49e1 39       		.byte	0x39
 10283 49e2 46       		.uleb128 0x46
 10284 49e3 1D130000 		.4byte	.LASF916
 10285 49e7 1D130000 		.4byte	.LASF916
 10286 49eb 46       		.byte	0x46
 10287 49ec 0D       		.byte	0xd
 10288 49ed 46       		.uleb128 0x46
 10289 49ee 5F1D0000 		.4byte	.LASF917
 10290 49f2 5F1D0000 		.4byte	.LASF917
 10291 49f6 47       		.byte	0x47
 10292 49f7 96       		.byte	0x96
 10293 49f8 00       		.byte	0
 10294              		.section	.debug_abbrev,"",%progbits
 10295              	.Ldebug_abbrev0:
 10296 0000 01       		.uleb128 0x1
 10297 0001 11       		.uleb128 0x11
 10298 0002 01       		.byte	0x1
 10299 0003 25       		.uleb128 0x25
 10300 0004 0E       		.uleb128 0xe
 10301 0005 13       		.uleb128 0x13
 10302 0006 0B       		.uleb128 0xb
 10303 0007 03       		.uleb128 0x3
 10304 0008 0E       		.uleb128 0xe
 10305 0009 1B       		.uleb128 0x1b
 10306 000a 0E       		.uleb128 0xe
 10307 000b 55       		.uleb128 0x55
 10308 000c 17       		.uleb128 0x17
 10309 000d 11       		.uleb128 0x11
 10310 000e 01       		.uleb128 0x1
 10311 000f 10       		.uleb128 0x10
ARM GAS  /tmp/cc1HOfrl.s 			page 182


 10312 0010 17       		.uleb128 0x17
 10313 0011 00       		.byte	0
 10314 0012 00       		.byte	0
 10315 0013 02       		.uleb128 0x2
 10316 0014 24       		.uleb128 0x24
 10317 0015 00       		.byte	0
 10318 0016 0B       		.uleb128 0xb
 10319 0017 0B       		.uleb128 0xb
 10320 0018 3E       		.uleb128 0x3e
 10321 0019 0B       		.uleb128 0xb
 10322 001a 03       		.uleb128 0x3
 10323 001b 0E       		.uleb128 0xe
 10324 001c 00       		.byte	0
 10325 001d 00       		.byte	0
 10326 001e 03       		.uleb128 0x3
 10327 001f 16       		.uleb128 0x16
 10328 0020 00       		.byte	0
 10329 0021 03       		.uleb128 0x3
 10330 0022 0E       		.uleb128 0xe
 10331 0023 3A       		.uleb128 0x3a
 10332 0024 0B       		.uleb128 0xb
 10333 0025 3B       		.uleb128 0x3b
 10334 0026 0B       		.uleb128 0xb
 10335 0027 49       		.uleb128 0x49
 10336 0028 13       		.uleb128 0x13
 10337 0029 00       		.byte	0
 10338 002a 00       		.byte	0
 10339 002b 04       		.uleb128 0x4
 10340 002c 24       		.uleb128 0x24
 10341 002d 00       		.byte	0
 10342 002e 0B       		.uleb128 0xb
 10343 002f 0B       		.uleb128 0xb
 10344 0030 3E       		.uleb128 0x3e
 10345 0031 0B       		.uleb128 0xb
 10346 0032 03       		.uleb128 0x3
 10347 0033 08       		.uleb128 0x8
 10348 0034 00       		.byte	0
 10349 0035 00       		.byte	0
 10350 0036 05       		.uleb128 0x5
 10351 0037 26       		.uleb128 0x26
 10352 0038 00       		.byte	0
 10353 0039 49       		.uleb128 0x49
 10354 003a 13       		.uleb128 0x13
 10355 003b 00       		.byte	0
 10356 003c 00       		.byte	0
 10357 003d 06       		.uleb128 0x6
 10358 003e 0F       		.uleb128 0xf
 10359 003f 00       		.byte	0
 10360 0040 0B       		.uleb128 0xb
 10361 0041 0B       		.uleb128 0xb
 10362 0042 00       		.byte	0
 10363 0043 00       		.byte	0
 10364 0044 07       		.uleb128 0x7
 10365 0045 0F       		.uleb128 0xf
 10366 0046 00       		.byte	0
 10367 0047 0B       		.uleb128 0xb
 10368 0048 0B       		.uleb128 0xb
ARM GAS  /tmp/cc1HOfrl.s 			page 183


 10369 0049 49       		.uleb128 0x49
 10370 004a 13       		.uleb128 0x13
 10371 004b 00       		.byte	0
 10372 004c 00       		.byte	0
 10373 004d 08       		.uleb128 0x8
 10374 004e 13       		.uleb128 0x13
 10375 004f 00       		.byte	0
 10376 0050 03       		.uleb128 0x3
 10377 0051 0E       		.uleb128 0xe
 10378 0052 3C       		.uleb128 0x3c
 10379 0053 19       		.uleb128 0x19
 10380 0054 00       		.byte	0
 10381 0055 00       		.byte	0
 10382 0056 09       		.uleb128 0x9
 10383 0057 16       		.uleb128 0x16
 10384 0058 00       		.byte	0
 10385 0059 03       		.uleb128 0x3
 10386 005a 0E       		.uleb128 0xe
 10387 005b 3A       		.uleb128 0x3a
 10388 005c 0B       		.uleb128 0xb
 10389 005d 3B       		.uleb128 0x3b
 10390 005e 05       		.uleb128 0x5
 10391 005f 49       		.uleb128 0x49
 10392 0060 13       		.uleb128 0x13
 10393 0061 00       		.byte	0
 10394 0062 00       		.byte	0
 10395 0063 0A       		.uleb128 0xa
 10396 0064 17       		.uleb128 0x17
 10397 0065 01       		.byte	0x1
 10398 0066 0B       		.uleb128 0xb
 10399 0067 0B       		.uleb128 0xb
 10400 0068 3A       		.uleb128 0x3a
 10401 0069 0B       		.uleb128 0xb
 10402 006a 3B       		.uleb128 0x3b
 10403 006b 0B       		.uleb128 0xb
 10404 006c 01       		.uleb128 0x1
 10405 006d 13       		.uleb128 0x13
 10406 006e 00       		.byte	0
 10407 006f 00       		.byte	0
 10408 0070 0B       		.uleb128 0xb
 10409 0071 0D       		.uleb128 0xd
 10410 0072 00       		.byte	0
 10411 0073 03       		.uleb128 0x3
 10412 0074 0E       		.uleb128 0xe
 10413 0075 3A       		.uleb128 0x3a
 10414 0076 0B       		.uleb128 0xb
 10415 0077 3B       		.uleb128 0x3b
 10416 0078 0B       		.uleb128 0xb
 10417 0079 49       		.uleb128 0x49
 10418 007a 13       		.uleb128 0x13
 10419 007b 00       		.byte	0
 10420 007c 00       		.byte	0
 10421 007d 0C       		.uleb128 0xc
 10422 007e 01       		.uleb128 0x1
 10423 007f 01       		.byte	0x1
 10424 0080 49       		.uleb128 0x49
 10425 0081 13       		.uleb128 0x13
ARM GAS  /tmp/cc1HOfrl.s 			page 184


 10426 0082 01       		.uleb128 0x1
 10427 0083 13       		.uleb128 0x13
 10428 0084 00       		.byte	0
 10429 0085 00       		.byte	0
 10430 0086 0D       		.uleb128 0xd
 10431 0087 21       		.uleb128 0x21
 10432 0088 00       		.byte	0
 10433 0089 49       		.uleb128 0x49
 10434 008a 13       		.uleb128 0x13
 10435 008b 2F       		.uleb128 0x2f
 10436 008c 0B       		.uleb128 0xb
 10437 008d 00       		.byte	0
 10438 008e 00       		.byte	0
 10439 008f 0E       		.uleb128 0xe
 10440 0090 13       		.uleb128 0x13
 10441 0091 01       		.byte	0x1
 10442 0092 0B       		.uleb128 0xb
 10443 0093 0B       		.uleb128 0xb
 10444 0094 3A       		.uleb128 0x3a
 10445 0095 0B       		.uleb128 0xb
 10446 0096 3B       		.uleb128 0x3b
 10447 0097 0B       		.uleb128 0xb
 10448 0098 01       		.uleb128 0x1
 10449 0099 13       		.uleb128 0x13
 10450 009a 00       		.byte	0
 10451 009b 00       		.byte	0
 10452 009c 0F       		.uleb128 0xf
 10453 009d 0D       		.uleb128 0xd
 10454 009e 00       		.byte	0
 10455 009f 03       		.uleb128 0x3
 10456 00a0 0E       		.uleb128 0xe
 10457 00a1 3A       		.uleb128 0x3a
 10458 00a2 0B       		.uleb128 0xb
 10459 00a3 3B       		.uleb128 0x3b
 10460 00a4 0B       		.uleb128 0xb
 10461 00a5 49       		.uleb128 0x49
 10462 00a6 13       		.uleb128 0x13
 10463 00a7 38       		.uleb128 0x38
 10464 00a8 0B       		.uleb128 0xb
 10465 00a9 00       		.byte	0
 10466 00aa 00       		.byte	0
 10467 00ab 10       		.uleb128 0x10
 10468 00ac 13       		.uleb128 0x13
 10469 00ad 01       		.byte	0x1
 10470 00ae 03       		.uleb128 0x3
 10471 00af 0E       		.uleb128 0xe
 10472 00b0 0B       		.uleb128 0xb
 10473 00b1 0B       		.uleb128 0xb
 10474 00b2 3A       		.uleb128 0x3a
 10475 00b3 0B       		.uleb128 0xb
 10476 00b4 3B       		.uleb128 0x3b
 10477 00b5 0B       		.uleb128 0xb
 10478 00b6 01       		.uleb128 0x1
 10479 00b7 13       		.uleb128 0x13
 10480 00b8 00       		.byte	0
 10481 00b9 00       		.byte	0
 10482 00ba 11       		.uleb128 0x11
ARM GAS  /tmp/cc1HOfrl.s 			page 185


 10483 00bb 0D       		.uleb128 0xd
 10484 00bc 00       		.byte	0
 10485 00bd 03       		.uleb128 0x3
 10486 00be 08       		.uleb128 0x8
 10487 00bf 3A       		.uleb128 0x3a
 10488 00c0 0B       		.uleb128 0xb
 10489 00c1 3B       		.uleb128 0x3b
 10490 00c2 0B       		.uleb128 0xb
 10491 00c3 49       		.uleb128 0x49
 10492 00c4 13       		.uleb128 0x13
 10493 00c5 38       		.uleb128 0x38
 10494 00c6 0B       		.uleb128 0xb
 10495 00c7 00       		.byte	0
 10496 00c8 00       		.byte	0
 10497 00c9 12       		.uleb128 0x12
 10498 00ca 13       		.uleb128 0x13
 10499 00cb 01       		.byte	0x1
 10500 00cc 03       		.uleb128 0x3
 10501 00cd 0E       		.uleb128 0xe
 10502 00ce 0B       		.uleb128 0xb
 10503 00cf 05       		.uleb128 0x5
 10504 00d0 3A       		.uleb128 0x3a
 10505 00d1 0B       		.uleb128 0xb
 10506 00d2 3B       		.uleb128 0x3b
 10507 00d3 0B       		.uleb128 0xb
 10508 00d4 01       		.uleb128 0x1
 10509 00d5 13       		.uleb128 0x13
 10510 00d6 00       		.byte	0
 10511 00d7 00       		.byte	0
 10512 00d8 13       		.uleb128 0x13
 10513 00d9 0D       		.uleb128 0xd
 10514 00da 00       		.byte	0
 10515 00db 03       		.uleb128 0x3
 10516 00dc 0E       		.uleb128 0xe
 10517 00dd 3A       		.uleb128 0x3a
 10518 00de 0B       		.uleb128 0xb
 10519 00df 3B       		.uleb128 0x3b
 10520 00e0 0B       		.uleb128 0xb
 10521 00e1 49       		.uleb128 0x49
 10522 00e2 13       		.uleb128 0x13
 10523 00e3 38       		.uleb128 0x38
 10524 00e4 05       		.uleb128 0x5
 10525 00e5 00       		.byte	0
 10526 00e6 00       		.byte	0
 10527 00e7 14       		.uleb128 0x14
 10528 00e8 15       		.uleb128 0x15
 10529 00e9 00       		.byte	0
 10530 00ea 27       		.uleb128 0x27
 10531 00eb 19       		.uleb128 0x19
 10532 00ec 00       		.byte	0
 10533 00ed 00       		.byte	0
 10534 00ee 15       		.uleb128 0x15
 10535 00ef 15       		.uleb128 0x15
 10536 00f0 01       		.byte	0x1
 10537 00f1 27       		.uleb128 0x27
 10538 00f2 19       		.uleb128 0x19
 10539 00f3 49       		.uleb128 0x49
ARM GAS  /tmp/cc1HOfrl.s 			page 186


 10540 00f4 13       		.uleb128 0x13
 10541 00f5 01       		.uleb128 0x1
 10542 00f6 13       		.uleb128 0x13
 10543 00f7 00       		.byte	0
 10544 00f8 00       		.byte	0
 10545 00f9 16       		.uleb128 0x16
 10546 00fa 05       		.uleb128 0x5
 10547 00fb 00       		.byte	0
 10548 00fc 49       		.uleb128 0x49
 10549 00fd 13       		.uleb128 0x13
 10550 00fe 00       		.byte	0
 10551 00ff 00       		.byte	0
 10552 0100 17       		.uleb128 0x17
 10553 0101 13       		.uleb128 0x13
 10554 0102 01       		.byte	0x1
 10555 0103 03       		.uleb128 0x3
 10556 0104 0E       		.uleb128 0xe
 10557 0105 0B       		.uleb128 0xb
 10558 0106 05       		.uleb128 0x5
 10559 0107 3A       		.uleb128 0x3a
 10560 0108 0B       		.uleb128 0xb
 10561 0109 3B       		.uleb128 0x3b
 10562 010a 05       		.uleb128 0x5
 10563 010b 01       		.uleb128 0x1
 10564 010c 13       		.uleb128 0x13
 10565 010d 00       		.byte	0
 10566 010e 00       		.byte	0
 10567 010f 18       		.uleb128 0x18
 10568 0110 0D       		.uleb128 0xd
 10569 0111 00       		.byte	0
 10570 0112 03       		.uleb128 0x3
 10571 0113 0E       		.uleb128 0xe
 10572 0114 3A       		.uleb128 0x3a
 10573 0115 0B       		.uleb128 0xb
 10574 0116 3B       		.uleb128 0x3b
 10575 0117 05       		.uleb128 0x5
 10576 0118 49       		.uleb128 0x49
 10577 0119 13       		.uleb128 0x13
 10578 011a 38       		.uleb128 0x38
 10579 011b 0B       		.uleb128 0xb
 10580 011c 00       		.byte	0
 10581 011d 00       		.byte	0
 10582 011e 19       		.uleb128 0x19
 10583 011f 0D       		.uleb128 0xd
 10584 0120 00       		.byte	0
 10585 0121 03       		.uleb128 0x3
 10586 0122 0E       		.uleb128 0xe
 10587 0123 3A       		.uleb128 0x3a
 10588 0124 0B       		.uleb128 0xb
 10589 0125 3B       		.uleb128 0x3b
 10590 0126 05       		.uleb128 0x5
 10591 0127 49       		.uleb128 0x49
 10592 0128 13       		.uleb128 0x13
 10593 0129 38       		.uleb128 0x38
 10594 012a 05       		.uleb128 0x5
 10595 012b 00       		.byte	0
 10596 012c 00       		.byte	0
ARM GAS  /tmp/cc1HOfrl.s 			page 187


 10597 012d 1A       		.uleb128 0x1a
 10598 012e 35       		.uleb128 0x35
 10599 012f 00       		.byte	0
 10600 0130 49       		.uleb128 0x49
 10601 0131 13       		.uleb128 0x13
 10602 0132 00       		.byte	0
 10603 0133 00       		.byte	0
 10604 0134 1B       		.uleb128 0x1b
 10605 0135 13       		.uleb128 0x13
 10606 0136 01       		.byte	0x1
 10607 0137 03       		.uleb128 0x3
 10608 0138 0E       		.uleb128 0xe
 10609 0139 0B       		.uleb128 0xb
 10610 013a 0B       		.uleb128 0xb
 10611 013b 3A       		.uleb128 0x3a
 10612 013c 0B       		.uleb128 0xb
 10613 013d 3B       		.uleb128 0x3b
 10614 013e 05       		.uleb128 0x5
 10615 013f 01       		.uleb128 0x1
 10616 0140 13       		.uleb128 0x13
 10617 0141 00       		.byte	0
 10618 0142 00       		.byte	0
 10619 0143 1C       		.uleb128 0x1c
 10620 0144 13       		.uleb128 0x13
 10621 0145 01       		.byte	0x1
 10622 0146 0B       		.uleb128 0xb
 10623 0147 0B       		.uleb128 0xb
 10624 0148 3A       		.uleb128 0x3a
 10625 0149 0B       		.uleb128 0xb
 10626 014a 3B       		.uleb128 0x3b
 10627 014b 05       		.uleb128 0x5
 10628 014c 01       		.uleb128 0x1
 10629 014d 13       		.uleb128 0x13
 10630 014e 00       		.byte	0
 10631 014f 00       		.byte	0
 10632 0150 1D       		.uleb128 0x1d
 10633 0151 17       		.uleb128 0x17
 10634 0152 01       		.byte	0x1
 10635 0153 0B       		.uleb128 0xb
 10636 0154 0B       		.uleb128 0xb
 10637 0155 3A       		.uleb128 0x3a
 10638 0156 0B       		.uleb128 0xb
 10639 0157 3B       		.uleb128 0x3b
 10640 0158 05       		.uleb128 0x5
 10641 0159 01       		.uleb128 0x1
 10642 015a 13       		.uleb128 0x13
 10643 015b 00       		.byte	0
 10644 015c 00       		.byte	0
 10645 015d 1E       		.uleb128 0x1e
 10646 015e 0D       		.uleb128 0xd
 10647 015f 00       		.byte	0
 10648 0160 03       		.uleb128 0x3
 10649 0161 0E       		.uleb128 0xe
 10650 0162 3A       		.uleb128 0x3a
 10651 0163 0B       		.uleb128 0xb
 10652 0164 3B       		.uleb128 0x3b
 10653 0165 05       		.uleb128 0x5
ARM GAS  /tmp/cc1HOfrl.s 			page 188


 10654 0166 49       		.uleb128 0x49
 10655 0167 13       		.uleb128 0x13
 10656 0168 00       		.byte	0
 10657 0169 00       		.byte	0
 10658 016a 1F       		.uleb128 0x1f
 10659 016b 15       		.uleb128 0x15
 10660 016c 01       		.byte	0x1
 10661 016d 27       		.uleb128 0x27
 10662 016e 19       		.uleb128 0x19
 10663 016f 01       		.uleb128 0x1
 10664 0170 13       		.uleb128 0x13
 10665 0171 00       		.byte	0
 10666 0172 00       		.byte	0
 10667 0173 20       		.uleb128 0x20
 10668 0174 34       		.uleb128 0x34
 10669 0175 00       		.byte	0
 10670 0176 03       		.uleb128 0x3
 10671 0177 0E       		.uleb128 0xe
 10672 0178 3A       		.uleb128 0x3a
 10673 0179 0B       		.uleb128 0xb
 10674 017a 3B       		.uleb128 0x3b
 10675 017b 05       		.uleb128 0x5
 10676 017c 49       		.uleb128 0x49
 10677 017d 13       		.uleb128 0x13
 10678 017e 3F       		.uleb128 0x3f
 10679 017f 19       		.uleb128 0x19
 10680 0180 3C       		.uleb128 0x3c
 10681 0181 19       		.uleb128 0x19
 10682 0182 00       		.byte	0
 10683 0183 00       		.byte	0
 10684 0184 21       		.uleb128 0x21
 10685 0185 26       		.uleb128 0x26
 10686 0186 00       		.byte	0
 10687 0187 00       		.byte	0
 10688 0188 00       		.byte	0
 10689 0189 22       		.uleb128 0x22
 10690 018a 34       		.uleb128 0x34
 10691 018b 00       		.byte	0
 10692 018c 03       		.uleb128 0x3
 10693 018d 0E       		.uleb128 0xe
 10694 018e 3A       		.uleb128 0x3a
 10695 018f 0B       		.uleb128 0xb
 10696 0190 3B       		.uleb128 0x3b
 10697 0191 0B       		.uleb128 0xb
 10698 0192 49       		.uleb128 0x49
 10699 0193 13       		.uleb128 0x13
 10700 0194 3F       		.uleb128 0x3f
 10701 0195 19       		.uleb128 0x19
 10702 0196 3C       		.uleb128 0x3c
 10703 0197 19       		.uleb128 0x19
 10704 0198 00       		.byte	0
 10705 0199 00       		.byte	0
 10706 019a 23       		.uleb128 0x23
 10707 019b 04       		.uleb128 0x4
 10708 019c 01       		.byte	0x1
 10709 019d 03       		.uleb128 0x3
 10710 019e 0E       		.uleb128 0xe
ARM GAS  /tmp/cc1HOfrl.s 			page 189


 10711 019f 3E       		.uleb128 0x3e
 10712 01a0 0B       		.uleb128 0xb
 10713 01a1 0B       		.uleb128 0xb
 10714 01a2 0B       		.uleb128 0xb
 10715 01a3 49       		.uleb128 0x49
 10716 01a4 13       		.uleb128 0x13
 10717 01a5 3A       		.uleb128 0x3a
 10718 01a6 0B       		.uleb128 0xb
 10719 01a7 3B       		.uleb128 0x3b
 10720 01a8 05       		.uleb128 0x5
 10721 01a9 01       		.uleb128 0x1
 10722 01aa 13       		.uleb128 0x13
 10723 01ab 00       		.byte	0
 10724 01ac 00       		.byte	0
 10725 01ad 24       		.uleb128 0x24
 10726 01ae 28       		.uleb128 0x28
 10727 01af 00       		.byte	0
 10728 01b0 03       		.uleb128 0x3
 10729 01b1 0E       		.uleb128 0xe
 10730 01b2 1C       		.uleb128 0x1c
 10731 01b3 0D       		.uleb128 0xd
 10732 01b4 00       		.byte	0
 10733 01b5 00       		.byte	0
 10734 01b6 25       		.uleb128 0x25
 10735 01b7 28       		.uleb128 0x28
 10736 01b8 00       		.byte	0
 10737 01b9 03       		.uleb128 0x3
 10738 01ba 0E       		.uleb128 0xe
 10739 01bb 1C       		.uleb128 0x1c
 10740 01bc 0B       		.uleb128 0xb
 10741 01bd 00       		.byte	0
 10742 01be 00       		.byte	0
 10743 01bf 26       		.uleb128 0x26
 10744 01c0 0D       		.uleb128 0xd
 10745 01c1 00       		.byte	0
 10746 01c2 03       		.uleb128 0x3
 10747 01c3 08       		.uleb128 0x8
 10748 01c4 3A       		.uleb128 0x3a
 10749 01c5 0B       		.uleb128 0xb
 10750 01c6 3B       		.uleb128 0x3b
 10751 01c7 05       		.uleb128 0x5
 10752 01c8 49       		.uleb128 0x49
 10753 01c9 13       		.uleb128 0x13
 10754 01ca 38       		.uleb128 0x38
 10755 01cb 0B       		.uleb128 0xb
 10756 01cc 00       		.byte	0
 10757 01cd 00       		.byte	0
 10758 01ce 27       		.uleb128 0x27
 10759 01cf 0D       		.uleb128 0xd
 10760 01d0 00       		.byte	0
 10761 01d1 03       		.uleb128 0x3
 10762 01d2 08       		.uleb128 0x8
 10763 01d3 3A       		.uleb128 0x3a
 10764 01d4 0B       		.uleb128 0xb
 10765 01d5 3B       		.uleb128 0x3b
 10766 01d6 05       		.uleb128 0x5
 10767 01d7 49       		.uleb128 0x49
ARM GAS  /tmp/cc1HOfrl.s 			page 190


 10768 01d8 13       		.uleb128 0x13
 10769 01d9 38       		.uleb128 0x38
 10770 01da 05       		.uleb128 0x5
 10771 01db 00       		.byte	0
 10772 01dc 00       		.byte	0
 10773 01dd 28       		.uleb128 0x28
 10774 01de 13       		.uleb128 0x13
 10775 01df 01       		.byte	0x1
 10776 01e0 0B       		.uleb128 0xb
 10777 01e1 05       		.uleb128 0x5
 10778 01e2 3A       		.uleb128 0x3a
 10779 01e3 0B       		.uleb128 0xb
 10780 01e4 3B       		.uleb128 0x3b
 10781 01e5 05       		.uleb128 0x5
 10782 01e6 01       		.uleb128 0x1
 10783 01e7 13       		.uleb128 0x13
 10784 01e8 00       		.byte	0
 10785 01e9 00       		.byte	0
 10786 01ea 29       		.uleb128 0x29
 10787 01eb 13       		.uleb128 0x13
 10788 01ec 01       		.byte	0x1
 10789 01ed 0B       		.uleb128 0xb
 10790 01ee 05       		.uleb128 0x5
 10791 01ef 3A       		.uleb128 0x3a
 10792 01f0 0B       		.uleb128 0xb
 10793 01f1 3B       		.uleb128 0x3b
 10794 01f2 0B       		.uleb128 0xb
 10795 01f3 01       		.uleb128 0x1
 10796 01f4 13       		.uleb128 0x13
 10797 01f5 00       		.byte	0
 10798 01f6 00       		.byte	0
 10799 01f7 2A       		.uleb128 0x2a
 10800 01f8 34       		.uleb128 0x34
 10801 01f9 00       		.byte	0
 10802 01fa 03       		.uleb128 0x3
 10803 01fb 08       		.uleb128 0x8
 10804 01fc 3A       		.uleb128 0x3a
 10805 01fd 0B       		.uleb128 0xb
 10806 01fe 3B       		.uleb128 0x3b
 10807 01ff 05       		.uleb128 0x5
 10808 0200 49       		.uleb128 0x49
 10809 0201 13       		.uleb128 0x13
 10810 0202 3F       		.uleb128 0x3f
 10811 0203 19       		.uleb128 0x19
 10812 0204 3C       		.uleb128 0x3c
 10813 0205 19       		.uleb128 0x19
 10814 0206 00       		.byte	0
 10815 0207 00       		.byte	0
 10816 0208 2B       		.uleb128 0x2b
 10817 0209 04       		.uleb128 0x4
 10818 020a 01       		.byte	0x1
 10819 020b 3E       		.uleb128 0x3e
 10820 020c 0B       		.uleb128 0xb
 10821 020d 0B       		.uleb128 0xb
 10822 020e 0B       		.uleb128 0xb
 10823 020f 49       		.uleb128 0x49
 10824 0210 13       		.uleb128 0x13
ARM GAS  /tmp/cc1HOfrl.s 			page 191


 10825 0211 3A       		.uleb128 0x3a
 10826 0212 0B       		.uleb128 0xb
 10827 0213 3B       		.uleb128 0x3b
 10828 0214 0B       		.uleb128 0xb
 10829 0215 01       		.uleb128 0x1
 10830 0216 13       		.uleb128 0x13
 10831 0217 00       		.byte	0
 10832 0218 00       		.byte	0
 10833 0219 2C       		.uleb128 0x2c
 10834 021a 0D       		.uleb128 0xd
 10835 021b 00       		.byte	0
 10836 021c 03       		.uleb128 0x3
 10837 021d 08       		.uleb128 0x8
 10838 021e 3A       		.uleb128 0x3a
 10839 021f 0B       		.uleb128 0xb
 10840 0220 3B       		.uleb128 0x3b
 10841 0221 0B       		.uleb128 0xb
 10842 0222 49       		.uleb128 0x49
 10843 0223 13       		.uleb128 0x13
 10844 0224 00       		.byte	0
 10845 0225 00       		.byte	0
 10846 0226 2D       		.uleb128 0x2d
 10847 0227 04       		.uleb128 0x4
 10848 0228 01       		.byte	0x1
 10849 0229 3E       		.uleb128 0x3e
 10850 022a 0B       		.uleb128 0xb
 10851 022b 0B       		.uleb128 0xb
 10852 022c 0B       		.uleb128 0xb
 10853 022d 49       		.uleb128 0x49
 10854 022e 13       		.uleb128 0x13
 10855 022f 3A       		.uleb128 0x3a
 10856 0230 0B       		.uleb128 0xb
 10857 0231 3B       		.uleb128 0x3b
 10858 0232 05       		.uleb128 0x5
 10859 0233 01       		.uleb128 0x1
 10860 0234 13       		.uleb128 0x13
 10861 0235 00       		.byte	0
 10862 0236 00       		.byte	0
 10863 0237 2E       		.uleb128 0x2e
 10864 0238 13       		.uleb128 0x13
 10865 0239 01       		.byte	0x1
 10866 023a 0B       		.uleb128 0xb
 10867 023b 06       		.uleb128 0x6
 10868 023c 3A       		.uleb128 0x3a
 10869 023d 0B       		.uleb128 0xb
 10870 023e 3B       		.uleb128 0x3b
 10871 023f 0B       		.uleb128 0xb
 10872 0240 01       		.uleb128 0x1
 10873 0241 13       		.uleb128 0x13
 10874 0242 00       		.byte	0
 10875 0243 00       		.byte	0
 10876 0244 2F       		.uleb128 0x2f
 10877 0245 0D       		.uleb128 0xd
 10878 0246 00       		.byte	0
 10879 0247 03       		.uleb128 0x3
 10880 0248 08       		.uleb128 0x8
 10881 0249 3A       		.uleb128 0x3a
ARM GAS  /tmp/cc1HOfrl.s 			page 192


 10882 024a 0B       		.uleb128 0xb
 10883 024b 3B       		.uleb128 0x3b
 10884 024c 0B       		.uleb128 0xb
 10885 024d 49       		.uleb128 0x49
 10886 024e 13       		.uleb128 0x13
 10887 024f 38       		.uleb128 0x38
 10888 0250 05       		.uleb128 0x5
 10889 0251 00       		.byte	0
 10890 0252 00       		.byte	0
 10891 0253 30       		.uleb128 0x30
 10892 0254 21       		.uleb128 0x21
 10893 0255 00       		.byte	0
 10894 0256 49       		.uleb128 0x49
 10895 0257 13       		.uleb128 0x13
 10896 0258 2F       		.uleb128 0x2f
 10897 0259 05       		.uleb128 0x5
 10898 025a 00       		.byte	0
 10899 025b 00       		.byte	0
 10900 025c 31       		.uleb128 0x31
 10901 025d 34       		.uleb128 0x34
 10902 025e 00       		.byte	0
 10903 025f 03       		.uleb128 0x3
 10904 0260 08       		.uleb128 0x8
 10905 0261 3A       		.uleb128 0x3a
 10906 0262 0B       		.uleb128 0xb
 10907 0263 3B       		.uleb128 0x3b
 10908 0264 0B       		.uleb128 0xb
 10909 0265 49       		.uleb128 0x49
 10910 0266 13       		.uleb128 0x13
 10911 0267 3F       		.uleb128 0x3f
 10912 0268 19       		.uleb128 0x19
 10913 0269 3C       		.uleb128 0x3c
 10914 026a 19       		.uleb128 0x19
 10915 026b 00       		.byte	0
 10916 026c 00       		.byte	0
 10917 026d 32       		.uleb128 0x32
 10918 026e 34       		.uleb128 0x34
 10919 026f 00       		.byte	0
 10920 0270 47       		.uleb128 0x47
 10921 0271 13       		.uleb128 0x13
 10922 0272 3A       		.uleb128 0x3a
 10923 0273 0B       		.uleb128 0xb
 10924 0274 3B       		.uleb128 0x3b
 10925 0275 0B       		.uleb128 0xb
 10926 0276 02       		.uleb128 0x2
 10927 0277 18       		.uleb128 0x18
 10928 0278 00       		.byte	0
 10929 0279 00       		.byte	0
 10930 027a 33       		.uleb128 0x33
 10931 027b 34       		.uleb128 0x34
 10932 027c 00       		.byte	0
 10933 027d 03       		.uleb128 0x3
 10934 027e 0E       		.uleb128 0xe
 10935 027f 3A       		.uleb128 0x3a
 10936 0280 0B       		.uleb128 0xb
 10937 0281 3B       		.uleb128 0x3b
 10938 0282 0B       		.uleb128 0xb
ARM GAS  /tmp/cc1HOfrl.s 			page 193


 10939 0283 49       		.uleb128 0x49
 10940 0284 13       		.uleb128 0x13
 10941 0285 3F       		.uleb128 0x3f
 10942 0286 19       		.uleb128 0x19
 10943 0287 02       		.uleb128 0x2
 10944 0288 18       		.uleb128 0x18
 10945 0289 00       		.byte	0
 10946 028a 00       		.byte	0
 10947 028b 34       		.uleb128 0x34
 10948 028c 2E       		.uleb128 0x2e
 10949 028d 01       		.byte	0x1
 10950 028e 3F       		.uleb128 0x3f
 10951 028f 19       		.uleb128 0x19
 10952 0290 03       		.uleb128 0x3
 10953 0291 0E       		.uleb128 0xe
 10954 0292 3A       		.uleb128 0x3a
 10955 0293 0B       		.uleb128 0xb
 10956 0294 3B       		.uleb128 0x3b
 10957 0295 0B       		.uleb128 0xb
 10958 0296 27       		.uleb128 0x27
 10959 0297 19       		.uleb128 0x19
 10960 0298 11       		.uleb128 0x11
 10961 0299 01       		.uleb128 0x1
 10962 029a 12       		.uleb128 0x12
 10963 029b 06       		.uleb128 0x6
 10964 029c 40       		.uleb128 0x40
 10965 029d 18       		.uleb128 0x18
 10966 029e 9742     		.uleb128 0x2117
 10967 02a0 19       		.uleb128 0x19
 10968 02a1 01       		.uleb128 0x1
 10969 02a2 13       		.uleb128 0x13
 10970 02a3 00       		.byte	0
 10971 02a4 00       		.byte	0
 10972 02a5 35       		.uleb128 0x35
 10973 02a6 898201   		.uleb128 0x4109
 10974 02a9 01       		.byte	0x1
 10975 02aa 11       		.uleb128 0x11
 10976 02ab 01       		.uleb128 0x1
 10977 02ac 9542     		.uleb128 0x2115
 10978 02ae 19       		.uleb128 0x19
 10979 02af 31       		.uleb128 0x31
 10980 02b0 13       		.uleb128 0x13
 10981 02b1 01       		.uleb128 0x1
 10982 02b2 13       		.uleb128 0x13
 10983 02b3 00       		.byte	0
 10984 02b4 00       		.byte	0
 10985 02b5 36       		.uleb128 0x36
 10986 02b6 8A8201   		.uleb128 0x410a
 10987 02b9 00       		.byte	0
 10988 02ba 02       		.uleb128 0x2
 10989 02bb 18       		.uleb128 0x18
 10990 02bc 9142     		.uleb128 0x2111
 10991 02be 18       		.uleb128 0x18
 10992 02bf 00       		.byte	0
 10993 02c0 00       		.byte	0
 10994 02c1 37       		.uleb128 0x37
 10995 02c2 898201   		.uleb128 0x4109
ARM GAS  /tmp/cc1HOfrl.s 			page 194


 10996 02c5 00       		.byte	0
 10997 02c6 11       		.uleb128 0x11
 10998 02c7 01       		.uleb128 0x1
 10999 02c8 31       		.uleb128 0x31
 11000 02c9 13       		.uleb128 0x13
 11001 02ca 00       		.byte	0
 11002 02cb 00       		.byte	0
 11003 02cc 38       		.uleb128 0x38
 11004 02cd 2E       		.uleb128 0x2e
 11005 02ce 01       		.byte	0x1
 11006 02cf 3F       		.uleb128 0x3f
 11007 02d0 19       		.uleb128 0x19
 11008 02d1 03       		.uleb128 0x3
 11009 02d2 0E       		.uleb128 0xe
 11010 02d3 3A       		.uleb128 0x3a
 11011 02d4 0B       		.uleb128 0xb
 11012 02d5 3B       		.uleb128 0x3b
 11013 02d6 0B       		.uleb128 0xb
 11014 02d7 27       		.uleb128 0x27
 11015 02d8 19       		.uleb128 0x19
 11016 02d9 49       		.uleb128 0x49
 11017 02da 13       		.uleb128 0x13
 11018 02db 11       		.uleb128 0x11
 11019 02dc 01       		.uleb128 0x1
 11020 02dd 12       		.uleb128 0x12
 11021 02de 06       		.uleb128 0x6
 11022 02df 40       		.uleb128 0x40
 11023 02e0 18       		.uleb128 0x18
 11024 02e1 9742     		.uleb128 0x2117
 11025 02e3 19       		.uleb128 0x19
 11026 02e4 01       		.uleb128 0x1
 11027 02e5 13       		.uleb128 0x13
 11028 02e6 00       		.byte	0
 11029 02e7 00       		.byte	0
 11030 02e8 39       		.uleb128 0x39
 11031 02e9 34       		.uleb128 0x34
 11032 02ea 00       		.byte	0
 11033 02eb 03       		.uleb128 0x3
 11034 02ec 0E       		.uleb128 0xe
 11035 02ed 3A       		.uleb128 0x3a
 11036 02ee 0B       		.uleb128 0xb
 11037 02ef 3B       		.uleb128 0x3b
 11038 02f0 0B       		.uleb128 0xb
 11039 02f1 49       		.uleb128 0x49
 11040 02f2 13       		.uleb128 0x13
 11041 02f3 02       		.uleb128 0x2
 11042 02f4 17       		.uleb128 0x17
 11043 02f5 00       		.byte	0
 11044 02f6 00       		.byte	0
 11045 02f7 3A       		.uleb128 0x3a
 11046 02f8 0B       		.uleb128 0xb
 11047 02f9 01       		.byte	0x1
 11048 02fa 55       		.uleb128 0x55
 11049 02fb 17       		.uleb128 0x17
 11050 02fc 01       		.uleb128 0x1
 11051 02fd 13       		.uleb128 0x13
 11052 02fe 00       		.byte	0
ARM GAS  /tmp/cc1HOfrl.s 			page 195


 11053 02ff 00       		.byte	0
 11054 0300 3B       		.uleb128 0x3b
 11055 0301 34       		.uleb128 0x34
 11056 0302 00       		.byte	0
 11057 0303 03       		.uleb128 0x3
 11058 0304 08       		.uleb128 0x8
 11059 0305 3A       		.uleb128 0x3a
 11060 0306 0B       		.uleb128 0xb
 11061 0307 3B       		.uleb128 0x3b
 11062 0308 0B       		.uleb128 0xb
 11063 0309 49       		.uleb128 0x49
 11064 030a 13       		.uleb128 0x13
 11065 030b 02       		.uleb128 0x2
 11066 030c 17       		.uleb128 0x17
 11067 030d 00       		.byte	0
 11068 030e 00       		.byte	0
 11069 030f 3C       		.uleb128 0x3c
 11070 0310 34       		.uleb128 0x34
 11071 0311 00       		.byte	0
 11072 0312 03       		.uleb128 0x3
 11073 0313 08       		.uleb128 0x8
 11074 0314 3A       		.uleb128 0x3a
 11075 0315 0B       		.uleb128 0xb
 11076 0316 3B       		.uleb128 0x3b
 11077 0317 0B       		.uleb128 0xb
 11078 0318 49       		.uleb128 0x49
 11079 0319 13       		.uleb128 0x13
 11080 031a 00       		.byte	0
 11081 031b 00       		.byte	0
 11082 031c 3D       		.uleb128 0x3d
 11083 031d 898201   		.uleb128 0x4109
 11084 0320 01       		.byte	0x1
 11085 0321 11       		.uleb128 0x11
 11086 0322 01       		.uleb128 0x1
 11087 0323 31       		.uleb128 0x31
 11088 0324 13       		.uleb128 0x13
 11089 0325 00       		.byte	0
 11090 0326 00       		.byte	0
 11091 0327 3E       		.uleb128 0x3e
 11092 0328 1D       		.uleb128 0x1d
 11093 0329 01       		.byte	0x1
 11094 032a 31       		.uleb128 0x31
 11095 032b 13       		.uleb128 0x13
 11096 032c 52       		.uleb128 0x52
 11097 032d 01       		.uleb128 0x1
 11098 032e 55       		.uleb128 0x55
 11099 032f 17       		.uleb128 0x17
 11100 0330 58       		.uleb128 0x58
 11101 0331 0B       		.uleb128 0xb
 11102 0332 59       		.uleb128 0x59
 11103 0333 0B       		.uleb128 0xb
 11104 0334 01       		.uleb128 0x1
 11105 0335 13       		.uleb128 0x13
 11106 0336 00       		.byte	0
 11107 0337 00       		.byte	0
 11108 0338 3F       		.uleb128 0x3f
 11109 0339 05       		.uleb128 0x5
ARM GAS  /tmp/cc1HOfrl.s 			page 196


 11110 033a 00       		.byte	0
 11111 033b 31       		.uleb128 0x31
 11112 033c 13       		.uleb128 0x13
 11113 033d 02       		.uleb128 0x2
 11114 033e 17       		.uleb128 0x17
 11115 033f 00       		.byte	0
 11116 0340 00       		.byte	0
 11117 0341 40       		.uleb128 0x40
 11118 0342 05       		.uleb128 0x5
 11119 0343 00       		.byte	0
 11120 0344 31       		.uleb128 0x31
 11121 0345 13       		.uleb128 0x13
 11122 0346 00       		.byte	0
 11123 0347 00       		.byte	0
 11124 0348 41       		.uleb128 0x41
 11125 0349 898201   		.uleb128 0x4109
 11126 034c 01       		.byte	0x1
 11127 034d 11       		.uleb128 0x11
 11128 034e 01       		.uleb128 0x1
 11129 034f 31       		.uleb128 0x31
 11130 0350 13       		.uleb128 0x13
 11131 0351 01       		.uleb128 0x1
 11132 0352 13       		.uleb128 0x13
 11133 0353 00       		.byte	0
 11134 0354 00       		.byte	0
 11135 0355 42       		.uleb128 0x42
 11136 0356 2E       		.uleb128 0x2e
 11137 0357 01       		.byte	0x1
 11138 0358 03       		.uleb128 0x3
 11139 0359 0E       		.uleb128 0xe
 11140 035a 3A       		.uleb128 0x3a
 11141 035b 0B       		.uleb128 0xb
 11142 035c 3B       		.uleb128 0x3b
 11143 035d 0B       		.uleb128 0xb
 11144 035e 27       		.uleb128 0x27
 11145 035f 19       		.uleb128 0x19
 11146 0360 49       		.uleb128 0x49
 11147 0361 13       		.uleb128 0x13
 11148 0362 20       		.uleb128 0x20
 11149 0363 0B       		.uleb128 0xb
 11150 0364 01       		.uleb128 0x1
 11151 0365 13       		.uleb128 0x13
 11152 0366 00       		.byte	0
 11153 0367 00       		.byte	0
 11154 0368 43       		.uleb128 0x43
 11155 0369 05       		.uleb128 0x5
 11156 036a 00       		.byte	0
 11157 036b 03       		.uleb128 0x3
 11158 036c 08       		.uleb128 0x8
 11159 036d 3A       		.uleb128 0x3a
 11160 036e 0B       		.uleb128 0xb
 11161 036f 3B       		.uleb128 0x3b
 11162 0370 0B       		.uleb128 0xb
 11163 0371 49       		.uleb128 0x49
 11164 0372 13       		.uleb128 0x13
 11165 0373 00       		.byte	0
 11166 0374 00       		.byte	0
ARM GAS  /tmp/cc1HOfrl.s 			page 197


 11167 0375 44       		.uleb128 0x44
 11168 0376 2E       		.uleb128 0x2e
 11169 0377 00       		.byte	0
 11170 0378 3F       		.uleb128 0x3f
 11171 0379 19       		.uleb128 0x19
 11172 037a 3C       		.uleb128 0x3c
 11173 037b 19       		.uleb128 0x19
 11174 037c 6E       		.uleb128 0x6e
 11175 037d 0E       		.uleb128 0xe
 11176 037e 03       		.uleb128 0x3
 11177 037f 0E       		.uleb128 0xe
 11178 0380 3A       		.uleb128 0x3a
 11179 0381 0B       		.uleb128 0xb
 11180 0382 3B       		.uleb128 0x3b
 11181 0383 05       		.uleb128 0x5
 11182 0384 00       		.byte	0
 11183 0385 00       		.byte	0
 11184 0386 45       		.uleb128 0x45
 11185 0387 2E       		.uleb128 0x2e
 11186 0388 00       		.byte	0
 11187 0389 3F       		.uleb128 0x3f
 11188 038a 19       		.uleb128 0x19
 11189 038b 3C       		.uleb128 0x3c
 11190 038c 19       		.uleb128 0x19
 11191 038d 6E       		.uleb128 0x6e
 11192 038e 0E       		.uleb128 0xe
 11193 038f 03       		.uleb128 0x3
 11194 0390 0E       		.uleb128 0xe
 11195 0391 00       		.byte	0
 11196 0392 00       		.byte	0
 11197 0393 46       		.uleb128 0x46
 11198 0394 2E       		.uleb128 0x2e
 11199 0395 00       		.byte	0
 11200 0396 3F       		.uleb128 0x3f
 11201 0397 19       		.uleb128 0x19
 11202 0398 3C       		.uleb128 0x3c
 11203 0399 19       		.uleb128 0x19
 11204 039a 6E       		.uleb128 0x6e
 11205 039b 0E       		.uleb128 0xe
 11206 039c 03       		.uleb128 0x3
 11207 039d 0E       		.uleb128 0xe
 11208 039e 3A       		.uleb128 0x3a
 11209 039f 0B       		.uleb128 0xb
 11210 03a0 3B       		.uleb128 0x3b
 11211 03a1 0B       		.uleb128 0xb
 11212 03a2 00       		.byte	0
 11213 03a3 00       		.byte	0
 11214 03a4 00       		.byte	0
 11215              		.section	.debug_loc,"",%progbits
 11216              	.Ldebug_loc0:
 11217              	.LLST0:
 11218 0000 5A000000 		.4byte	.LVL15
 11219 0004 62000000 		.4byte	.LVL16
 11220 0008 0200     		.2byte	0x2
 11221 000a 30       		.byte	0x30
 11222 000b 9F       		.byte	0x9f
 11223 000c 62000000 		.4byte	.LVL16
ARM GAS  /tmp/cc1HOfrl.s 			page 198


 11224 0010 A4000000 		.4byte	.LVL22
 11225 0014 0100     		.2byte	0x1
 11226 0016 56       		.byte	0x56
 11227 0017 B6000000 		.4byte	.LVL23
 11228 001b 24010000 		.4byte	.LVL44
 11229 001f 0200     		.2byte	0x2
 11230 0021 31       		.byte	0x31
 11231 0022 9F       		.byte	0x9f
 11232 0023 4A010000 		.4byte	.LVL47
 11233 0027 BA010000 		.4byte	.LVL68
 11234 002b 0100     		.2byte	0x1
 11235 002d 56       		.byte	0x56
 11236 002e 18020000 		.4byte	.LVL79
 11237 0032 BC020000 		.4byte	.LVL105
 11238 0036 0200     		.2byte	0x2
 11239 0038 30       		.byte	0x30
 11240 0039 9F       		.byte	0x9f
 11241 003a EA020000 		.4byte	.LVL111
 11242 003e 64030000 		.4byte	.LVL130
 11243 0042 0200     		.2byte	0x2
 11244 0044 32       		.byte	0x32
 11245 0045 9F       		.byte	0x9f
 11246 0046 64030000 		.4byte	.LVL130
 11247 004a 08040000 		.4byte	.LFE262
 11248 004e 0200     		.2byte	0x2
 11249 0050 30       		.byte	0x30
 11250 0051 9F       		.byte	0x9f
 11251 0052 00000000 		.4byte	0
 11252 0056 00000000 		.4byte	0
 11253              	.LLST1:
 11254 005a 5A000000 		.4byte	.LVL15
 11255 005e 62000000 		.4byte	.LVL16
 11256 0062 0200     		.2byte	0x2
 11257 0064 30       		.byte	0x30
 11258 0065 9F       		.byte	0x9f
 11259 0066 62000000 		.4byte	.LVL16
 11260 006a A4000000 		.4byte	.LVL22
 11261 006e 0200     		.2byte	0x2
 11262 0070 91       		.byte	0x91
 11263 0071 4C       		.sleb128 -52
 11264 0072 B6000000 		.4byte	.LVL23
 11265 0076 24010000 		.4byte	.LVL44
 11266 007a 0200     		.2byte	0x2
 11267 007c 33       		.byte	0x33
 11268 007d 9F       		.byte	0x9f
 11269 007e 4A010000 		.4byte	.LVL47
 11270 0082 BA010000 		.4byte	.LVL68
 11271 0086 0200     		.2byte	0x2
 11272 0088 91       		.byte	0x91
 11273 0089 4C       		.sleb128 -52
 11274 008a EA020000 		.4byte	.LVL111
 11275 008e 64030000 		.4byte	.LVL130
 11276 0092 0200     		.2byte	0x2
 11277 0094 33       		.byte	0x33
 11278 0095 9F       		.byte	0x9f
 11279 0096 64030000 		.4byte	.LVL130
 11280 009a 08040000 		.4byte	.LFE262
ARM GAS  /tmp/cc1HOfrl.s 			page 199


 11281 009e 0200     		.2byte	0x2
 11282 00a0 30       		.byte	0x30
 11283 00a1 9F       		.byte	0x9f
 11284 00a2 00000000 		.4byte	0
 11285 00a6 00000000 		.4byte	0
 11286              	.LLST2:
 11287 00aa 62000000 		.4byte	.LVL16
 11288 00ae A4000000 		.4byte	.LVL22
 11289 00b2 0100     		.2byte	0x1
 11290 00b4 58       		.byte	0x58
 11291 00b5 D2000000 		.4byte	.LVL28
 11292 00b9 D4000000 		.4byte	.LVL29
 11293 00bd 0100     		.2byte	0x1
 11294 00bf 50       		.byte	0x50
 11295 00c0 D4000000 		.4byte	.LVL29
 11296 00c4 24010000 		.4byte	.LVL44
 11297 00c8 0100     		.2byte	0x1
 11298 00ca 54       		.byte	0x54
 11299 00cb 58010000 		.4byte	.LVL50
 11300 00cf 5A010000 		.4byte	.LVL51
 11301 00d3 0100     		.2byte	0x1
 11302 00d5 50       		.byte	0x50
 11303 00d6 5A010000 		.4byte	.LVL51
 11304 00da BA010000 		.4byte	.LVL68
 11305 00de 0100     		.2byte	0x1
 11306 00e0 58       		.byte	0x58
 11307 00e1 26020000 		.4byte	.LVL82
 11308 00e5 28020000 		.4byte	.LVL83
 11309 00e9 0100     		.2byte	0x1
 11310 00eb 50       		.byte	0x50
 11311 00ec 28020000 		.4byte	.LVL83
 11312 00f0 8E020000 		.4byte	.LVL100
 11313 00f4 0100     		.2byte	0x1
 11314 00f6 54       		.byte	0x54
 11315 00f7 F8020000 		.4byte	.LVL114
 11316 00fb FA020000 		.4byte	.LVL115
 11317 00ff 0100     		.2byte	0x1
 11318 0101 50       		.byte	0x50
 11319 0102 FA020000 		.4byte	.LVL115
 11320 0106 64030000 		.4byte	.LVL130
 11321 010a 0100     		.2byte	0x1
 11322 010c 54       		.byte	0x54
 11323 010d 72030000 		.4byte	.LVL133
 11324 0111 74030000 		.4byte	.LVL134
 11325 0115 0100     		.2byte	0x1
 11326 0117 50       		.byte	0x50
 11327 0118 74030000 		.4byte	.LVL134
 11328 011c DA030000 		.4byte	.LVL153
 11329 0120 0100     		.2byte	0x1
 11330 0122 5A       		.byte	0x5a
 11331 0123 00000000 		.4byte	0
 11332 0127 00000000 		.4byte	0
 11333              	.LLST3:
 11334 012b 62000000 		.4byte	.LVL16
 11335 012f 6A000000 		.4byte	.LVL18
 11336 0133 0100     		.2byte	0x1
 11337 0135 5A       		.byte	0x5a
ARM GAS  /tmp/cc1HOfrl.s 			page 200


 11338 0136 DA000000 		.4byte	.LVL31
 11339 013a DC000000 		.4byte	.LVL32
 11340 013e 0100     		.2byte	0x1
 11341 0140 50       		.byte	0x50
 11342 0141 DC000000 		.4byte	.LVL32
 11343 0145 14010000 		.4byte	.LVL42
 11344 0149 0100     		.2byte	0x1
 11345 014b 56       		.byte	0x56
 11346 014c 60010000 		.4byte	.LVL53
 11347 0150 62010000 		.4byte	.LVL54
 11348 0154 0100     		.2byte	0x1
 11349 0156 50       		.byte	0x50
 11350 0157 62010000 		.4byte	.LVL54
 11351 015b BA010000 		.4byte	.LVL68
 11352 015f 0100     		.2byte	0x1
 11353 0161 5A       		.byte	0x5a
 11354 0162 2E020000 		.4byte	.LVL85
 11355 0166 30020000 		.4byte	.LVL86
 11356 016a 0100     		.2byte	0x1
 11357 016c 50       		.byte	0x50
 11358 016d 30020000 		.4byte	.LVL86
 11359 0171 BC020000 		.4byte	.LVL105
 11360 0175 0100     		.2byte	0x1
 11361 0177 58       		.byte	0x58
 11362 0178 00030000 		.4byte	.LVL117
 11363 017c 02030000 		.4byte	.LVL118
 11364 0180 0100     		.2byte	0x1
 11365 0182 50       		.byte	0x50
 11366 0183 02030000 		.4byte	.LVL118
 11367 0187 3A030000 		.4byte	.LVL128
 11368 018b 0100     		.2byte	0x1
 11369 018d 56       		.byte	0x56
 11370 018e 7A030000 		.4byte	.LVL136
 11371 0192 7C030000 		.4byte	.LVL137
 11372 0196 0100     		.2byte	0x1
 11373 0198 50       		.byte	0x50
 11374 0199 7C030000 		.4byte	.LVL137
 11375 019d 08040000 		.4byte	.LFE262
 11376 01a1 0100     		.2byte	0x1
 11377 01a3 58       		.byte	0x58
 11378 01a4 00000000 		.4byte	0
 11379 01a8 00000000 		.4byte	0
 11380              	.LLST4:
 11381 01ac 62000000 		.4byte	.LVL16
 11382 01b0 78000000 		.4byte	.LVL20
 11383 01b4 0100     		.2byte	0x1
 11384 01b6 57       		.byte	0x57
 11385 01b7 68010000 		.4byte	.LVL56
 11386 01bb 6A010000 		.4byte	.LVL57
 11387 01bf 0100     		.2byte	0x1
 11388 01c1 50       		.byte	0x50
 11389 01c2 6A010000 		.4byte	.LVL57
 11390 01c6 BA010000 		.4byte	.LVL68
 11391 01ca 0100     		.2byte	0x1
 11392 01cc 57       		.byte	0x57
 11393 01cd 36020000 		.4byte	.LVL88
 11394 01d1 38020000 		.4byte	.LVL89
ARM GAS  /tmp/cc1HOfrl.s 			page 201


 11395 01d5 0100     		.2byte	0x1
 11396 01d7 50       		.byte	0x50
 11397 01d8 38020000 		.4byte	.LVL89
 11398 01dc 66020000 		.4byte	.LVL99
 11399 01e0 0100     		.2byte	0x1
 11400 01e2 5B       		.byte	0x5b
 11401 01e3 82030000 		.4byte	.LVL139
 11402 01e7 84030000 		.4byte	.LVL140
 11403 01eb 0100     		.2byte	0x1
 11404 01ed 50       		.byte	0x50
 11405 01ee 84030000 		.4byte	.LVL140
 11406 01f2 08040000 		.4byte	.LFE262
 11407 01f6 0100     		.2byte	0x1
 11408 01f8 5B       		.byte	0x5b
 11409 01f9 00000000 		.4byte	0
 11410 01fd 00000000 		.4byte	0
 11411              	.LLST5:
 11412 0201 62000000 		.4byte	.LVL16
 11413 0205 66000000 		.4byte	.LVL17
 11414 0209 0100     		.2byte	0x1
 11415 020b 54       		.byte	0x54
 11416 020c 7C010000 		.4byte	.LVL61
 11417 0210 7E010000 		.4byte	.LVL62
 11418 0214 0100     		.2byte	0x1
 11419 0216 50       		.byte	0x50
 11420 0217 7E010000 		.4byte	.LVL62
 11421 021b BA010000 		.4byte	.LVL68
 11422 021f 0100     		.2byte	0x1
 11423 0221 54       		.byte	0x54
 11424 0222 4A020000 		.4byte	.LVL93
 11425 0226 4C020000 		.4byte	.LVL94
 11426 022a 0100     		.2byte	0x1
 11427 022c 50       		.byte	0x50
 11428 022d 4C020000 		.4byte	.LVL94
 11429 0231 B2020000 		.4byte	.LVL102
 11430 0235 0100     		.2byte	0x1
 11431 0237 59       		.byte	0x59
 11432 0238 96030000 		.4byte	.LVL144
 11433 023c 98030000 		.4byte	.LVL145
 11434 0240 0100     		.2byte	0x1
 11435 0242 50       		.byte	0x50
 11436 0243 98030000 		.4byte	.LVL145
 11437 0247 C4030000 		.4byte	.LVL151
 11438 024b 0100     		.2byte	0x1
 11439 024d 57       		.byte	0x57
 11440 024e 00000000 		.4byte	0
 11441 0252 00000000 		.4byte	0
 11442              	.LLST6:
 11443 0256 62000000 		.4byte	.LVL16
 11444 025a 74000000 		.4byte	.LVL19
 11445 025e 0100     		.2byte	0x1
 11446 0260 5B       		.byte	0x5b
 11447 0261 FA000000 		.4byte	.LVL38
 11448 0265 FC000000 		.4byte	.LVL39
 11449 0269 0100     		.2byte	0x1
 11450 026b 50       		.byte	0x50
 11451 026c FC000000 		.4byte	.LVL39
ARM GAS  /tmp/cc1HOfrl.s 			page 202


 11452 0270 24010000 		.4byte	.LVL44
 11453 0274 0100     		.2byte	0x1
 11454 0276 57       		.byte	0x57
 11455 0277 84010000 		.4byte	.LVL64
 11456 027b 86010000 		.4byte	.LVL65
 11457 027f 0100     		.2byte	0x1
 11458 0281 50       		.byte	0x50
 11459 0282 86010000 		.4byte	.LVL65
 11460 0286 BA010000 		.4byte	.LVL68
 11461 028a 0100     		.2byte	0x1
 11462 028c 5B       		.byte	0x5b
 11463 028d 52020000 		.4byte	.LVL96
 11464 0291 54020000 		.4byte	.LVL97
 11465 0295 0100     		.2byte	0x1
 11466 0297 50       		.byte	0x50
 11467 0298 54020000 		.4byte	.LVL97
 11468 029c BC020000 		.4byte	.LVL105
 11469 02a0 0100     		.2byte	0x1
 11470 02a2 5A       		.byte	0x5a
 11471 02a3 20030000 		.4byte	.LVL124
 11472 02a7 22030000 		.4byte	.LVL125
 11473 02ab 0100     		.2byte	0x1
 11474 02ad 50       		.byte	0x50
 11475 02ae 22030000 		.4byte	.LVL125
 11476 02b2 64030000 		.4byte	.LVL130
 11477 02b6 0100     		.2byte	0x1
 11478 02b8 57       		.byte	0x57
 11479 02b9 9E030000 		.4byte	.LVL147
 11480 02bd A0030000 		.4byte	.LVL148
 11481 02c1 0100     		.2byte	0x1
 11482 02c3 50       		.byte	0x50
 11483 02c4 A0030000 		.4byte	.LVL148
 11484 02c8 C0030000 		.4byte	.LVL150
 11485 02cc 0100     		.2byte	0x1
 11486 02ce 56       		.byte	0x56
 11487 02cf 00000000 		.4byte	0
 11488 02d3 00000000 		.4byte	0
 11489              	.LLST7:
 11490 02d7 62000000 		.4byte	.LVL16
 11491 02db 84000000 		.4byte	.LVL21
 11492 02df 0100     		.2byte	0x1
 11493 02e1 50       		.byte	0x50
 11494 02e2 00010000 		.4byte	.LVL40
 11495 02e6 02010000 		.4byte	.LVL41
 11496 02ea 0100     		.2byte	0x1
 11497 02ec 50       		.byte	0x50
 11498 02ed 8A010000 		.4byte	.LVL66
 11499 02f1 BA010000 		.4byte	.LVL68
 11500 02f5 0100     		.2byte	0x1
 11501 02f7 50       		.byte	0x50
 11502 02f8 58020000 		.4byte	.LVL98
 11503 02fc 92020000 		.4byte	.LVL101
 11504 0300 0100     		.2byte	0x1
 11505 0302 50       		.byte	0x50
 11506 0303 26030000 		.4byte	.LVL126
 11507 0307 28030000 		.4byte	.LVL127
 11508 030b 0100     		.2byte	0x1
ARM GAS  /tmp/cc1HOfrl.s 			page 203


 11509 030d 50       		.byte	0x50
 11510 030e A4030000 		.4byte	.LVL149
 11511 0312 CC030000 		.4byte	.LVL152
 11512 0316 0100     		.2byte	0x1
 11513 0318 50       		.byte	0x50
 11514 0319 00000000 		.4byte	0
 11515 031d 00000000 		.4byte	0
 11516              	.LLST15:
 11517 0321 D8010000 		.4byte	.LVL71
 11518 0325 E6010000 		.4byte	.LVL72
 11519 0329 0400     		.2byte	0x4
 11520 032b 0A       		.byte	0xa
 11521 032c 2602     		.2byte	0x226
 11522 032e 9F       		.byte	0x9f
 11523 032f E6010000 		.4byte	.LVL72
 11524 0333 EA010000 		.4byte	.LVL73
 11525 0337 0300     		.2byte	0x3
 11526 0339 71       		.byte	0x71
 11527 033a 4E       		.sleb128 -50
 11528 033b 9F       		.byte	0x9f
 11529 033c EA010000 		.4byte	.LVL73
 11530 0340 F6010000 		.4byte	.LVL74
 11531 0344 0100     		.2byte	0x1
 11532 0346 50       		.byte	0x50
 11533 0347 F6010000 		.4byte	.LVL74
 11534 034b FC010000 		.4byte	.LVL75
 11535 034f 0300     		.2byte	0x3
 11536 0351 71       		.byte	0x71
 11537 0352 4E       		.sleb128 -50
 11538 0353 9F       		.byte	0x9f
 11539 0354 FC010000 		.4byte	.LVL75
 11540 0358 11020000 		.4byte	.LVL78-1
 11541 035c 0100     		.2byte	0x1
 11542 035e 50       		.byte	0x50
 11543 035f BC020000 		.4byte	.LVL105
 11544 0363 CE020000 		.4byte	.LVL106
 11545 0367 0400     		.2byte	0x4
 11546 0369 0A       		.byte	0xa
 11547 036a 2602     		.2byte	0x226
 11548 036c 9F       		.byte	0x9f
 11549 036d CE020000 		.4byte	.LVL106
 11550 0371 D4020000 		.4byte	.LVL108
 11551 0375 0100     		.2byte	0x1
 11552 0377 50       		.byte	0x50
 11553 0378 D4020000 		.4byte	.LVL108
 11554 037c DC020000 		.4byte	.LVL109
 11555 0380 0400     		.2byte	0x4
 11556 0382 0A       		.byte	0xa
 11557 0383 2602     		.2byte	0x226
 11558 0385 9F       		.byte	0x9f
 11559 0386 00000000 		.4byte	0
 11560 038a 00000000 		.4byte	0
 11561              	.LLST16:
 11562 038e D8010000 		.4byte	.LVL71
 11563 0392 F6010000 		.4byte	.LVL74
 11564 0396 0400     		.2byte	0x4
 11565 0398 0A       		.byte	0xa
ARM GAS  /tmp/cc1HOfrl.s 			page 204


 11566 0399 2602     		.2byte	0x226
 11567 039b 9F       		.byte	0x9f
 11568 039c F6010000 		.4byte	.LVL74
 11569 03a0 FC010000 		.4byte	.LVL75
 11570 03a4 0100     		.2byte	0x1
 11571 03a6 54       		.byte	0x54
 11572 03a7 FC010000 		.4byte	.LVL75
 11573 03ab 06020000 		.4byte	.LVL76
 11574 03af 0F00     		.2byte	0xf
 11575 03b1 74       		.byte	0x74
 11576 03b2 00       		.sleb128 0
 11577 03b3 12       		.byte	0x12
 11578 03b4 0A       		.byte	0xa
 11579 03b5 E803     		.2byte	0x3e8
 11580 03b7 16       		.byte	0x16
 11581 03b8 14       		.byte	0x14
 11582 03b9 2D       		.byte	0x2d
 11583 03ba 28       		.byte	0x28
 11584 03bb 0100     		.2byte	0x1
 11585 03bd 16       		.byte	0x16
 11586 03be 13       		.byte	0x13
 11587 03bf 9F       		.byte	0x9f
 11588 03c0 BC020000 		.4byte	.LVL105
 11589 03c4 D2020000 		.4byte	.LVL107
 11590 03c8 0400     		.2byte	0x4
 11591 03ca 0A       		.byte	0xa
 11592 03cb 2602     		.2byte	0x226
 11593 03cd 9F       		.byte	0x9f
 11594 03ce D2020000 		.4byte	.LVL107
 11595 03d2 D4020000 		.4byte	.LVL108
 11596 03d6 0100     		.2byte	0x1
 11597 03d8 54       		.byte	0x54
 11598 03d9 D4020000 		.4byte	.LVL108
 11599 03dd DC020000 		.4byte	.LVL109
 11600 03e1 0400     		.2byte	0x4
 11601 03e3 0A       		.byte	0xa
 11602 03e4 2602     		.2byte	0x226
 11603 03e6 9F       		.byte	0x9f
 11604 03e7 00000000 		.4byte	0
 11605 03eb 00000000 		.4byte	0
 11606              	.LLST8:
 11607 03ef 00010000 		.4byte	.LVL40
 11608 03f3 20010000 		.4byte	.LVL43
 11609 03f7 0100     		.2byte	0x1
 11610 03f9 57       		.byte	0x57
 11611 03fa 8A010000 		.4byte	.LVL66
 11612 03fe B2010000 		.4byte	.LVL67
 11613 0402 0100     		.2byte	0x1
 11614 0404 5B       		.byte	0x5b
 11615 0405 58020000 		.4byte	.LVL98
 11616 0409 B2020000 		.4byte	.LVL102
 11617 040d 0100     		.2byte	0x1
 11618 040f 5A       		.byte	0x5a
 11619 0410 26030000 		.4byte	.LVL126
 11620 0414 46030000 		.4byte	.LVL129
 11621 0418 0100     		.2byte	0x1
 11622 041a 57       		.byte	0x57
ARM GAS  /tmp/cc1HOfrl.s 			page 205


 11623 041b A4030000 		.4byte	.LVL149
 11624 041f C0030000 		.4byte	.LVL150
 11625 0423 0100     		.2byte	0x1
 11626 0425 56       		.byte	0x56
 11627 0426 00000000 		.4byte	0
 11628 042a 00000000 		.4byte	0
 11629              	.LLST9:
 11630 042e 00010000 		.4byte	.LVL40
 11631 0432 14010000 		.4byte	.LVL42
 11632 0436 0100     		.2byte	0x1
 11633 0438 56       		.byte	0x56
 11634 0439 8A010000 		.4byte	.LVL66
 11635 043d B2010000 		.4byte	.LVL67
 11636 0441 0100     		.2byte	0x1
 11637 0443 5A       		.byte	0x5a
 11638 0444 58020000 		.4byte	.LVL98
 11639 0448 B2020000 		.4byte	.LVL102
 11640 044c 0100     		.2byte	0x1
 11641 044e 58       		.byte	0x58
 11642 044f 26030000 		.4byte	.LVL126
 11643 0453 3A030000 		.4byte	.LVL128
 11644 0457 0100     		.2byte	0x1
 11645 0459 56       		.byte	0x56
 11646 045a A4030000 		.4byte	.LVL149
 11647 045e FE030000 		.4byte	.LVL154
 11648 0462 0100     		.2byte	0x1
 11649 0464 58       		.byte	0x58
 11650 0465 00000000 		.4byte	0
 11651 0469 00000000 		.4byte	0
 11652              	.LLST10:
 11653 046d 00010000 		.4byte	.LVL40
 11654 0471 02010000 		.4byte	.LVL41
 11655 0475 0100     		.2byte	0x1
 11656 0477 50       		.byte	0x50
 11657 0478 8A010000 		.4byte	.LVL66
 11658 047c B2010000 		.4byte	.LVL67
 11659 0480 0100     		.2byte	0x1
 11660 0482 50       		.byte	0x50
 11661 0483 58020000 		.4byte	.LVL98
 11662 0487 92020000 		.4byte	.LVL101
 11663 048b 0100     		.2byte	0x1
 11664 048d 50       		.byte	0x50
 11665 048e 26030000 		.4byte	.LVL126
 11666 0492 28030000 		.4byte	.LVL127
 11667 0496 0100     		.2byte	0x1
 11668 0498 50       		.byte	0x50
 11669 0499 A4030000 		.4byte	.LVL149
 11670 049d CC030000 		.4byte	.LVL152
 11671 04a1 0100     		.2byte	0x1
 11672 04a3 50       		.byte	0x50
 11673 04a4 00000000 		.4byte	0
 11674 04a8 00000000 		.4byte	0
 11675              	.LLST11:
 11676 04ac 00010000 		.4byte	.LVL40
 11677 04b0 20010000 		.4byte	.LVL43
 11678 04b4 0100     		.2byte	0x1
 11679 04b6 54       		.byte	0x54
ARM GAS  /tmp/cc1HOfrl.s 			page 206


 11680 04b7 8A010000 		.4byte	.LVL66
 11681 04bb B2010000 		.4byte	.LVL67
 11682 04bf 0100     		.2byte	0x1
 11683 04c1 58       		.byte	0x58
 11684 04c2 58020000 		.4byte	.LVL98
 11685 04c6 8E020000 		.4byte	.LVL100
 11686 04ca 0100     		.2byte	0x1
 11687 04cc 54       		.byte	0x54
 11688 04cd 26030000 		.4byte	.LVL126
 11689 04d1 46030000 		.4byte	.LVL129
 11690 04d5 0100     		.2byte	0x1
 11691 04d7 54       		.byte	0x54
 11692 04d8 A4030000 		.4byte	.LVL149
 11693 04dc DA030000 		.4byte	.LVL153
 11694 04e0 0100     		.2byte	0x1
 11695 04e2 5A       		.byte	0x5a
 11696 04e3 00000000 		.4byte	0
 11697 04e7 00000000 		.4byte	0
 11698              	.LLST12:
 11699 04eb B2020000 		.4byte	.LVL102
 11700 04ef B6020000 		.4byte	.LVL103
 11701 04f3 0100     		.2byte	0x1
 11702 04f5 5A       		.byte	0x5a
 11703 04f6 00000000 		.4byte	0
 11704 04fa 00000000 		.4byte	0
 11705              	.LLST13:
 11706 04fe 02040000 		.4byte	.LVL155
 11707 0502 06040000 		.4byte	.LVL156
 11708 0506 0100     		.2byte	0x1
 11709 0508 5B       		.byte	0x5b
 11710 0509 00000000 		.4byte	0
 11711 050d 00000000 		.4byte	0
 11712              	.LLST14:
 11713 0511 B6020000 		.4byte	.LVL103
 11714 0515 BA020000 		.4byte	.LVL104
 11715 0519 0100     		.2byte	0x1
 11716 051b 58       		.byte	0x58
 11717 051c 02040000 		.4byte	.LVL155
 11718 0520 06040000 		.4byte	.LVL156
 11719 0524 0100     		.2byte	0x1
 11720 0526 58       		.byte	0x58
 11721 0527 00000000 		.4byte	0
 11722 052b 00000000 		.4byte	0
 11723              		.section	.debug_aranges,"",%progbits
 11724 0000 24000000 		.4byte	0x24
 11725 0004 0200     		.2byte	0x2
 11726 0006 00000000 		.4byte	.Ldebug_info0
 11727 000a 04       		.byte	0x4
 11728 000b 00       		.byte	0
 11729 000c 0000     		.2byte	0
 11730 000e 0000     		.2byte	0
 11731 0010 00000000 		.4byte	.LFB262
 11732 0014 08040000 		.4byte	.LFE262-.LFB262
 11733 0018 00000000 		.4byte	.LFB263
 11734 001c 2C000000 		.4byte	.LFE263-.LFB263
 11735 0020 00000000 		.4byte	0
 11736 0024 00000000 		.4byte	0
ARM GAS  /tmp/cc1HOfrl.s 			page 207


 11737              		.section	.debug_ranges,"",%progbits
 11738              	.Ldebug_ranges0:
 11739 0000 06000000 		.4byte	.LBB10
 11740 0004 08000000 		.4byte	.LBE10
 11741 0008 62000000 		.4byte	.LBB166
 11742 000c 08040000 		.4byte	.LBE166
 11743 0010 00000000 		.4byte	0
 11744 0014 00000000 		.4byte	0
 11745 0018 06000000 		.4byte	.LBB11
 11746 001c 08000000 		.4byte	.LBE11
 11747 0020 00010000 		.4byte	.LBB107
 11748 0024 20010000 		.4byte	.LBE107
 11749 0028 8A010000 		.4byte	.LBB108
 11750 002c A2010000 		.4byte	.LBE108
 11751 0030 A4010000 		.4byte	.LBB109
 11752 0034 A8010000 		.4byte	.LBE109
 11753 0038 AA010000 		.4byte	.LBB110
 11754 003c B2010000 		.4byte	.LBE110
 11755 0040 58020000 		.4byte	.LBB112
 11756 0044 5A020000 		.4byte	.LBE112
 11757 0048 5E020000 		.4byte	.LBB114
 11758 004c 62020000 		.4byte	.LBE114
 11759 0050 6E020000 		.4byte	.LBB117
 11760 0054 72020000 		.4byte	.LBE117
 11761 0058 74020000 		.4byte	.LBB119
 11762 005c 78020000 		.4byte	.LBE119
 11763 0060 80020000 		.4byte	.LBB122
 11764 0064 86020000 		.4byte	.LBE122
 11765 0068 96020000 		.4byte	.LBB127
 11766 006c 98020000 		.4byte	.LBE127
 11767 0070 9C020000 		.4byte	.LBB129
 11768 0074 A0020000 		.4byte	.LBE129
 11769 0078 A4020000 		.4byte	.LBB131
 11770 007c A6020000 		.4byte	.LBE131
 11771 0080 AE020000 		.4byte	.LBB135
 11772 0084 B2020000 		.4byte	.LBE135
 11773 0088 26030000 		.4byte	.LBB139
 11774 008c 46030000 		.4byte	.LBE139
 11775 0090 A4030000 		.4byte	.LBB140
 11776 0094 A8030000 		.4byte	.LBE140
 11777 0098 B0030000 		.4byte	.LBB143
 11778 009c B4030000 		.4byte	.LBE143
 11779 00a0 B8030000 		.4byte	.LBB145
 11780 00a4 C0030000 		.4byte	.LBE145
 11781 00a8 D4030000 		.4byte	.LBB151
 11782 00ac D6030000 		.4byte	.LBE151
 11783 00b0 DA030000 		.4byte	.LBB153
 11784 00b4 DE030000 		.4byte	.LBE153
 11785 00b8 E2030000 		.4byte	.LBB155
 11786 00bc E4030000 		.4byte	.LBE155
 11787 00c0 E8030000 		.4byte	.LBB157
 11788 00c4 EC030000 		.4byte	.LBE157
 11789 00c8 F0030000 		.4byte	.LBB159
 11790 00cc F2030000 		.4byte	.LBE159
 11791 00d0 FA030000 		.4byte	.LBB163
 11792 00d4 FE030000 		.4byte	.LBE163
 11793 00d8 00000000 		.4byte	0
ARM GAS  /tmp/cc1HOfrl.s 			page 208


 11794 00dc 00000000 		.4byte	0
 11795 00e0 62000000 		.4byte	.LBB36
 11796 00e4 66000000 		.4byte	.LBE36
 11797 00e8 6A000000 		.4byte	.LBB90
 11798 00ec 6C000000 		.4byte	.LBE90
 11799 00f0 70000000 		.4byte	.LBB92
 11800 00f4 74000000 		.4byte	.LBE92
 11801 00f8 78000000 		.4byte	.LBB94
 11802 00fc 7C000000 		.4byte	.LBE94
 11803 0100 80000000 		.4byte	.LBB96
 11804 0104 84000000 		.4byte	.LBE96
 11805 0108 88000000 		.4byte	.LBB98
 11806 010c 8C000000 		.4byte	.LBE98
 11807 0110 90000000 		.4byte	.LBB100
 11808 0114 94000000 		.4byte	.LBE100
 11809 0118 98000000 		.4byte	.LBB102
 11810 011c 9A000000 		.4byte	.LBE102
 11811 0120 9C000000 		.4byte	.LBB104
 11812 0124 A0000000 		.4byte	.LBE104
 11813 0128 62020000 		.4byte	.LBB115
 11814 012c 6A020000 		.4byte	.LBE115
 11815 0130 78020000 		.4byte	.LBB120
 11816 0134 7C020000 		.4byte	.LBE120
 11817 0138 86020000 		.4byte	.LBB123
 11818 013c 8A020000 		.4byte	.LBE123
 11819 0140 8E020000 		.4byte	.LBB125
 11820 0144 92020000 		.4byte	.LBE125
 11821 0148 98020000 		.4byte	.LBB128
 11822 014c 9C020000 		.4byte	.LBE128
 11823 0150 A0020000 		.4byte	.LBB130
 11824 0154 A4020000 		.4byte	.LBE130
 11825 0158 AA020000 		.4byte	.LBB133
 11826 015c AC020000 		.4byte	.LBE133
 11827 0160 B2020000 		.4byte	.LBB136
 11828 0164 B6020000 		.4byte	.LBE136
 11829 0168 A8030000 		.4byte	.LBB141
 11830 016c AC030000 		.4byte	.LBE141
 11831 0170 B4030000 		.4byte	.LBB144
 11832 0174 B8030000 		.4byte	.LBE144
 11833 0178 C4030000 		.4byte	.LBB147
 11834 017c C6030000 		.4byte	.LBE147
 11835 0180 C8030000 		.4byte	.LBB149
 11836 0184 D0030000 		.4byte	.LBE149
 11837 0188 DE030000 		.4byte	.LBB154
 11838 018c E2030000 		.4byte	.LBE154
 11839 0190 EC030000 		.4byte	.LBB158
 11840 0194 F0030000 		.4byte	.LBE158
 11841 0198 F6030000 		.4byte	.LBB161
 11842 019c F8030000 		.4byte	.LBE161
 11843 01a0 FE030000 		.4byte	.LBB164
 11844 01a4 02040000 		.4byte	.LBE164
 11845 01a8 00000000 		.4byte	0
 11846 01ac 00000000 		.4byte	0
 11847 01b0 66000000 		.4byte	.LBB62
 11848 01b4 6A000000 		.4byte	.LBE62
 11849 01b8 6C000000 		.4byte	.LBB91
 11850 01bc 70000000 		.4byte	.LBE91
ARM GAS  /tmp/cc1HOfrl.s 			page 209


 11851 01c0 74000000 		.4byte	.LBB93
 11852 01c4 78000000 		.4byte	.LBE93
 11853 01c8 7C000000 		.4byte	.LBB95
 11854 01cc 80000000 		.4byte	.LBE95
 11855 01d0 84000000 		.4byte	.LBB97
 11856 01d4 88000000 		.4byte	.LBE97
 11857 01d8 8C000000 		.4byte	.LBB99
 11858 01dc 90000000 		.4byte	.LBE99
 11859 01e0 94000000 		.4byte	.LBB101
 11860 01e4 98000000 		.4byte	.LBE101
 11861 01e8 9A000000 		.4byte	.LBB103
 11862 01ec 9C000000 		.4byte	.LBE103
 11863 01f0 A0000000 		.4byte	.LBB105
 11864 01f4 A4000000 		.4byte	.LBE105
 11865 01f8 5A020000 		.4byte	.LBB113
 11866 01fc 5E020000 		.4byte	.LBE113
 11867 0200 6A020000 		.4byte	.LBB116
 11868 0204 6E020000 		.4byte	.LBE116
 11869 0208 72020000 		.4byte	.LBB118
 11870 020c 74020000 		.4byte	.LBE118
 11871 0210 7C020000 		.4byte	.LBB121
 11872 0214 80020000 		.4byte	.LBE121
 11873 0218 8A020000 		.4byte	.LBB124
 11874 021c 8E020000 		.4byte	.LBE124
 11875 0220 92020000 		.4byte	.LBB126
 11876 0224 96020000 		.4byte	.LBE126
 11877 0228 A6020000 		.4byte	.LBB132
 11878 022c AA020000 		.4byte	.LBE132
 11879 0230 AC020000 		.4byte	.LBB134
 11880 0234 AE020000 		.4byte	.LBE134
 11881 0238 B6020000 		.4byte	.LBB137
 11882 023c BC020000 		.4byte	.LBE137
 11883 0240 AC030000 		.4byte	.LBB142
 11884 0244 B0030000 		.4byte	.LBE142
 11885 0248 C0030000 		.4byte	.LBB146
 11886 024c C4030000 		.4byte	.LBE146
 11887 0250 C6030000 		.4byte	.LBB148
 11888 0254 C8030000 		.4byte	.LBE148
 11889 0258 D0030000 		.4byte	.LBB150
 11890 025c D4030000 		.4byte	.LBE150
 11891 0260 D6030000 		.4byte	.LBB152
 11892 0264 DA030000 		.4byte	.LBE152
 11893 0268 E4030000 		.4byte	.LBB156
 11894 026c E8030000 		.4byte	.LBE156
 11895 0270 F2030000 		.4byte	.LBB160
 11896 0274 F6030000 		.4byte	.LBE160
 11897 0278 F8030000 		.4byte	.LBB162
 11898 027c FA030000 		.4byte	.LBE162
 11899 0280 02040000 		.4byte	.LBB165
 11900 0284 08040000 		.4byte	.LBE165
 11901 0288 00000000 		.4byte	0
 11902 028c 00000000 		.4byte	0
 11903 0290 A4000000 		.4byte	.LBB106
 11904 0294 A8000000 		.4byte	.LBE106
 11905 0298 D8010000 		.4byte	.LBB111
 11906 029c 18020000 		.4byte	.LBE111
 11907 02a0 BC020000 		.4byte	.LBB138
ARM GAS  /tmp/cc1HOfrl.s 			page 210


 11908 02a4 DC020000 		.4byte	.LBE138
 11909 02a8 00000000 		.4byte	0
 11910 02ac 00000000 		.4byte	0
 11911 02b0 00000000 		.4byte	.LFB262
 11912 02b4 08040000 		.4byte	.LFE262
 11913 02b8 00000000 		.4byte	.LFB263
 11914 02bc 2C000000 		.4byte	.LFE263
 11915 02c0 00000000 		.4byte	0
 11916 02c4 00000000 		.4byte	0
 11917              		.section	.debug_line,"",%progbits
 11918              	.Ldebug_line0:
 11919 0000 050B0000 		.section	.debug_str,"MS",%progbits,1
 11919      0200E309 
 11919      00000201 
 11919      FB0E0D00 
 11919      01010101 
 11920              	.LASF696:
 11921 0000 5553425F 		.ascii	"USB_STOP\000"
 11921      53544F50 
 11921      00
 11922              	.LASF307:
 11923 0009 706F7274 		.ascii	"port_intctx\000"
 11923      5F696E74 
 11923      63747800 
 11924              	.LASF316:
 11925 0015 63685F74 		.ascii	"ch_trace_buffer_t\000"
 11925      72616365 
 11925      5F627566 
 11925      6665725F 
 11925      7400
 11926              	.LASF348:
 11927 0027 63685F70 		.ascii	"ch_ptrsize\000"
 11927      74727369 
 11927      7A6500
 11928              	.LASF847:
 11929 0032 6D657373 		.ascii	"messagebus_watcher_s\000"
 11929      61676562 
 11929      75735F77 
 11929      61746368 
 11929      65725F73 
 11930              	.LASF564:
 11931 0047 47505444 		.ascii	"GPTD14\000"
 11931      313400
 11932              	.LASF632:
 11933 004e 6576656E 		.ascii	"event\000"
 11933      7400
 11934              	.LASF482:
 11935 0054 43414E5F 		.ascii	"CAN_STARTING\000"
 11935      53544152 
 11935      54494E47 
 11935      00
 11936              	.LASF151:
 11937 0061 6D73675F 		.ascii	"msg_t\000"
 11937      7400
 11938              	.LASF427:
 11939 0067 61667268 		.ascii	"afrh\000"
 11939      00
ARM GAS  /tmp/cc1HOfrl.s 			page 211


 11940              	.LASF575:
 11941 006c 4F504D4F 		.ascii	"OPMODE_SMBUS_DEVICE\000"
 11941      44455F53 
 11941      4D425553 
 11941      5F444556 
 11941      49434500 
 11942              	.LASF327:
 11943 0080 6D5F6372 		.ascii	"m_crit_isr\000"
 11943      69745F69 
 11943      737200
 11944              	.LASF648:
 11945 008b 73646366 		.ascii	"sdcflags_t\000"
 11945      6C616773 
 11945      5F7400
 11946              	.LASF873:
 11947 0096 76656374 		.ascii	"vect\000"
 11947      00
 11948              	.LASF755:
 11949 009b 44494550 		.ascii	"DIEPTXF0\000"
 11949      54584630 
 11949      00
 11950              	.LASF141:
 11951 00a4 5F5F6664 		.ascii	"__fdlibm_xopen\000"
 11951      6C69626D 
 11951      5F786F70 
 11951      656E00
 11952              	.LASF481:
 11953 00b3 43414E5F 		.ascii	"CAN_STOP\000"
 11953      53544F50 
 11953      00
 11954              	.LASF367:
 11955 00bc 636F6E64 		.ascii	"condition_variable_t\000"
 11955      6974696F 
 11955      6E5F7661 
 11955      72696162 
 11955      6C655F74 
 11956              	.LASF361:
 11957 00d1 63665F6F 		.ascii	"cf_off_time\000"
 11957      66665F74 
 11957      696D6500 
 11958              	.LASF210:
 11959 00dd 63685F73 		.ascii	"ch_system_t\000"
 11959      79737465 
 11959      6D5F7400 
 11960              	.LASF2:
 11961 00e9 5F5F7569 		.ascii	"__uint8_t\000"
 11961      6E74385F 
 11961      7400
 11962              	.LASF333:
 11963 00f3 77747365 		.ascii	"wtsemp\000"
 11963      6D7000
 11964              	.LASF411:
 11965 00fa 5F426F6F 		.ascii	"_Bool\000"
 11965      6C00
 11966              	.LASF523:
 11967 0100 64617461 		.ascii	"datamode\000"
 11967      6D6F6465 
ARM GAS  /tmp/cc1HOfrl.s 			page 212


 11967      00
 11968              	.LASF591:
 11969 0109 646D6172 		.ascii	"dmarx\000"
 11969      7800
 11970              	.LASF70:
 11971 010f 5F6D6273 		.ascii	"_mbstate\000"
 11971      74617465 
 11971      00
 11972              	.LASF49:
 11973 0118 5F617465 		.ascii	"_atexit\000"
 11973      78697400 
 11974              	.LASF858:
 11975 0120 6368616E 		.ascii	"changed_cnt\000"
 11975      6765645F 
 11975      636E7400 
 11976              	.LASF471:
 11977 012c 73717231 		.ascii	"sqr1\000"
 11977      00
 11978              	.LASF844:
 11979 0131 7075626C 		.ascii	"published\000"
 11979      69736865 
 11979      6400
 11980              	.LASF398:
 11981 013b 424C4B5F 		.ascii	"BLK_UNINIT\000"
 11981      554E494E 
 11981      495400
 11982              	.LASF603:
 11983 0146 72785F62 		.ascii	"rx_buffer\000"
 11983      75666665 
 11983      7200
 11984              	.LASF587:
 11985 0150 6572726F 		.ascii	"errors\000"
 11985      727300
 11986              	.LASF320:
 11987 0157 776F7273 		.ascii	"worst\000"
 11987      7400
 11988              	.LASF203:
 11989 015d 76745F73 		.ascii	"vt_systime\000"
 11989      79737469 
 11989      6D6500
 11990              	.LASF269:
 11991 0168 444F5231 		.ascii	"DOR1\000"
 11991      00
 11992              	.LASF270:
 11993 016d 444F5232 		.ascii	"DOR2\000"
 11993      00
 11994              	.LASF366:
 11995 0172 635F7175 		.ascii	"c_queue\000"
 11995      65756500 
 11996              	.LASF602:
 11997 017a 74785F62 		.ascii	"tx_buffer\000"
 11997      75666665 
 11997      7200
 11998              	.LASF879:
 11999 0184 6275735F 		.ascii	"bus_condvar\000"
 11999      636F6E64 
 11999      76617200 
ARM GAS  /tmp/cc1HOfrl.s 			page 213


 12000              	.LASF39:
 12001 0190 5F5F746D 		.ascii	"__tm_mon\000"
 12001      5F6D6F6E 
 12001      00
 12002              	.LASF47:
 12003 0199 5F666E74 		.ascii	"_fntypes\000"
 12003      79706573 
 12003      00
 12004              	.LASF342:
 12005 01a2 6D5F6E65 		.ascii	"m_next\000"
 12005      787400
 12006              	.LASF431:
 12007 01a9 50434461 		.ascii	"PCData\000"
 12007      746100
 12008              	.LASF77:
 12009 01b0 5F696E63 		.ascii	"_inc\000"
 12009      00
 12010              	.LASF50:
 12011 01b5 5F696E64 		.ascii	"_ind\000"
 12011      00
 12012              	.LASF292:
 12013 01ba 4D41534B 		.ascii	"MASK\000"
 12013      00
 12014              	.LASF456:
 12015 01bf 73616D70 		.ascii	"samples\000"
 12015      6C657300 
 12016              	.LASF759:
 12017 01c7 47434346 		.ascii	"GCCFG\000"
 12017      4700
 12018              	.LASF552:
 12019 01cd 42445452 		.ascii	"BDTR\000"
 12019      00
 12020              	.LASF505:
 12021 01d2 7265676D 		.ascii	"regmask\000"
 12021      61736B00 
 12022              	.LASF585:
 12023 01da 49324343 		.ascii	"I2CConfig\000"
 12023      6F6E6669 
 12023      6700
 12024              	.LASF131:
 12025 01e4 75696E74 		.ascii	"uint16_t\000"
 12025      31365F74 
 12025      00
 12026              	.LASF888:
 12027 01ed 5049564F 		.ascii	"PIVOT_SPEED\000"
 12027      545F5350 
 12027      45454400 
 12028              	.LASF592:
 12029 01f9 646D6174 		.ascii	"dmatx\000"
 12029      7800
 12030              	.LASF829:
 12031 01ff 736F665F 		.ascii	"sof_cb\000"
 12031      636200
 12032              	.LASF528:
 12033 0206 4558545F 		.ascii	"EXT_ACTIVE\000"
 12033      41435449 
 12033      564500
ARM GAS  /tmp/cc1HOfrl.s 			page 214


 12034              	.LASF56:
 12035 0211 5F666C61 		.ascii	"_flags\000"
 12035      677300
 12036              	.LASF846:
 12037 0218 6E657874 		.ascii	"next\000"
 12037      00
 12038              	.LASF424:
 12039 021d 6F737065 		.ascii	"ospeedr\000"
 12039      65647200 
 12040              	.LASF762:
 12041 0225 44494550 		.ascii	"DIEPTXF\000"
 12041      54584600 
 12042              	.LASF370:
 12043 022d 656C5F6E 		.ascii	"el_next\000"
 12043      65787400 
 12044              	.LASF451:
 12045 0235 4144435F 		.ascii	"ADC_ERR_OVERFLOW\000"
 12045      4552525F 
 12045      4F564552 
 12045      464C4F57 
 12045      00
 12046              	.LASF87:
 12047 0246 5F637674 		.ascii	"_cvtlen\000"
 12047      6C656E00 
 12048              	.LASF208:
 12049 024e 6C6F636B 		.ascii	"lock_cnt\000"
 12049      5F636E74 
 12049      00
 12050              	.LASF184:
 12051 0257 63685F74 		.ascii	"ch_threads_queue\000"
 12051      68726561 
 12051      64735F71 
 12051      75657565 
 12051      00
 12052              	.LASF140:
 12053 0268 5F5F6664 		.ascii	"__fdlibm_svid\000"
 12053      6C69626D 
 12053      5F737669 
 12053      6400
 12054              	.LASF91:
 12055 0276 5F736967 		.ascii	"_sig_func\000"
 12055      5F66756E 
 12055      6300
 12056              	.LASF163:
 12057 0280 705F6E65 		.ascii	"p_newer\000"
 12057      77657200 
 12058              	.LASF772:
 12059 0288 48505254 		.ascii	"HPRT\000"
 12059      00
 12060              	.LASF915:
 12061 028d 6765745F 		.ascii	"get_battery_percentage\000"
 12061      62617474 
 12061      6572795F 
 12061      70657263 
 12061      656E7461 
 12062              	.LASF726:
 12063 02a4 4843494E 		.ascii	"HCINT\000"
ARM GAS  /tmp/cc1HOfrl.s 			page 215


 12063      5400
 12064              	.LASF219:
 12065 02aa 534D5052 		.ascii	"SMPR1\000"
 12065      3100
 12066              	.LASF220:
 12067 02b0 534D5052 		.ascii	"SMPR2\000"
 12067      3200
 12068              	.LASF358:
 12069 02b6 63665F6F 		.ascii	"cf_off_flags\000"
 12069      66665F66 
 12069      6C616773 
 12069      00
 12070              	.LASF69:
 12071 02c3 5F6C6F63 		.ascii	"_lock\000"
 12071      6B00
 12072              	.LASF65:
 12073 02c9 5F6E6275 		.ascii	"_nbuf\000"
 12073      6600
 12074              	.LASF665:
 12075 02cf 5350495F 		.ascii	"SPI_STOP\000"
 12075      53544F50 
 12075      00
 12076              	.LASF124:
 12077 02d8 5F756E75 		.ascii	"_unused\000"
 12077      73656400 
 12078              	.LASF430:
 12079 02e0 50424461 		.ascii	"PBData\000"
 12079      746100
 12080              	.LASF346:
 12081 02e7 63685F73 		.ascii	"ch_size\000"
 12081      697A6500 
 12082              	.LASF768:
 12083 02ef 48505458 		.ascii	"HPTXSTS\000"
 12083      53545300 
 12084              	.LASF423:
 12085 02f7 6F747970 		.ascii	"otyper\000"
 12085      657200
 12086              	.LASF414:
 12087 02fe 4F545950 		.ascii	"OTYPER\000"
 12087      455200
 12088              	.LASF507:
 12089 0305 64616370 		.ascii	"dacparams_t\000"
 12089      6172616D 
 12089      735F7400 
 12090              	.LASF643:
 12091 0311 5344435F 		.ascii	"SDC_MODE_1BIT\000"
 12091      4D4F4445 
 12091      5F314249 
 12091      5400
 12092              	.LASF724:
 12093 031f 48434348 		.ascii	"HCCHAR\000"
 12093      415200
 12094              	.LASF569:
 12095 0326 4932435F 		.ascii	"I2C_ACTIVE_RX\000"
 12095      41435449 
 12095      56455F52 
 12095      5800
ARM GAS  /tmp/cc1HOfrl.s 			page 216


 12096              	.LASF157:
 12097 0334 74687265 		.ascii	"thread_t\000"
 12097      61645F74 
 12097      00
 12098              	.LASF372:
 12099 033d 656C5F65 		.ascii	"el_events\000"
 12099      76656E74 
 12099      7300
 12100              	.LASF612:
 12101 0347 70776D73 		.ascii	"pwmstate_t\000"
 12101      74617465 
 12101      5F7400
 12102              	.LASF492:
 12103 0352 736C6565 		.ascii	"sleep_event\000"
 12103      705F6576 
 12103      656E7400 
 12104              	.LASF202:
 12105 035e 63685F76 		.ascii	"ch_virtual_timers_list\000"
 12105      69727475 
 12105      616C5F74 
 12105      696D6572 
 12105      735F6C69 
 12106              	.LASF395:
 12107 0375 76656374 		.ascii	"vector\000"
 12107      6F7200
 12108              	.LASF750:
 12109 037c 47494E54 		.ascii	"GINTSTS\000"
 12109      53545300 
 12110              	.LASF132:
 12111 0384 696E7433 		.ascii	"int32_t\000"
 12111      325F7400 
 12112              	.LASF583:
 12113 038c 636C6F63 		.ascii	"clock_speed\000"
 12113      6B5F7370 
 12113      65656400 
 12114              	.LASF156:
 12115 0398 73797374 		.ascii	"systime_t\000"
 12115      696D655F 
 12115      7400
 12116              	.LASF525:
 12117 03a2 44414344 		.ascii	"DACD2\000"
 12117      3200
 12118              	.LASF494:
 12119 03a8 43414E44 		.ascii	"CANDriver\000"
 12119      72697665 
 12119      7200
 12120              	.LASF102:
 12121 03b2 5F616464 		.ascii	"_add\000"
 12121      00
 12122              	.LASF273:
 12123 03b7 4D304152 		.ascii	"M0AR\000"
 12123      00
 12124              	.LASF731:
 12125 03bc 72657376 		.ascii	"resvd1c\000"
 12125      64316300 
 12126              	.LASF573:
 12127 03c4 69326366 		.ascii	"i2cflags_t\000"
ARM GAS  /tmp/cc1HOfrl.s 			page 217


 12127      6C616773 
 12127      5F7400
 12128              	.LASF769:
 12129 03cf 4841494E 		.ascii	"HAINT\000"
 12129      5400
 12130              	.LASF255:
 12131 03d5 46413152 		.ascii	"FA1R\000"
 12131      00
 12132              	.LASF766:
 12133 03da 48464E55 		.ascii	"HFNUM\000"
 12133      4D00
 12134              	.LASF388:
 12135 03e0 716E6F74 		.ascii	"qnotify_t\000"
 12135      6966795F 
 12135      7400
 12136              	.LASF447:
 12137 03ea 61646373 		.ascii	"adcstate_t\000"
 12137      74617465 
 12137      5F7400
 12138              	.LASF854:
 12139 03f5 7075626C 		.ascii	"published_topic\000"
 12139      69736865 
 12139      645F746F 
 12139      70696300 
 12140              	.LASF651:
 12141 0405 63617264 		.ascii	"cardmode\000"
 12141      6D6F6465 
 12141      00
 12142              	.LASF393:
 12143 040e 69736869 		.ascii	"ishift\000"
 12143      667400
 12144              	.LASF878:
 12145 0415 6275735F 		.ascii	"bus_lock\000"
 12145      6C6F636B 
 12145      00
 12146              	.LASF542:
 12147 041e 4750545F 		.ascii	"GPT_ONESHOT\000"
 12147      4F4E4553 
 12147      484F5400 
 12148              	.LASF383:
 12149 042a 715F746F 		.ascii	"q_top\000"
 12149      7000
 12150              	.LASF58:
 12151 0430 5F6C6266 		.ascii	"_lbfsize\000"
 12151      73697A65 
 12151      00
 12152              	.LASF717:
 12153 0439 75645F73 		.ascii	"ud_string\000"
 12153      7472696E 
 12153      6700
 12154              	.LASF586:
 12155 0443 49324344 		.ascii	"I2CDriver\000"
 12155      72697665 
 12155      7200
 12156              	.LASF568:
 12157 044d 4932435F 		.ascii	"I2C_ACTIVE_TX\000"
 12157      41435449 
ARM GAS  /tmp/cc1HOfrl.s 			page 218


 12157      56455F54 
 12157      5800
 12158              	.LASF638:
 12159 045b 72656164 		.ascii	"read\000"
 12159      00
 12160              	.LASF574:
 12161 0460 4F504D4F 		.ascii	"OPMODE_I2C\000"
 12161      44455F49 
 12161      324300
 12162              	.LASF778:
 12163 046b 72657376 		.ascii	"resvd80C\000"
 12163      64383043 
 12163      00
 12164              	.LASF826:
 12165 0474 6576656E 		.ascii	"event_cb\000"
 12165      745F6362 
 12165      00
 12166              	.LASF745:
 12167 047d 474F5447 		.ascii	"GOTGCTL\000"
 12167      43544C00 
 12168              	.LASF898:
 12169 0485 66726F6E 		.ascii	"front_read\000"
 12169      745F7265 
 12169      616400
 12170              	.LASF720:
 12171 0490 75736265 		.ascii	"usbepcallback_t\000"
 12171      7063616C 
 12171      6C626163 
 12171      6B5F7400 
 12172              	.LASF68:
 12173 04a0 5F646174 		.ascii	"_data\000"
 12173      6100
 12174              	.LASF213:
 12175 04a6 76746C69 		.ascii	"vtlist\000"
 12175      737400
 12176              	.LASF278:
 12177 04ad 54524953 		.ascii	"TRISE\000"
 12177      4500
 12178              	.LASF784:
 12179 04b3 72657376 		.ascii	"resvd824\000"
 12179      64383234 
 12179      00
 12180              	.LASF172:
 12181 04bc 705F7761 		.ascii	"p_waiting\000"
 12181      6974696E 
 12181      6700
 12182              	.LASF328:
 12183 04c6 6B65726E 		.ascii	"kernel_stats_t\000"
 12183      656C5F73 
 12183      74617473 
 12183      5F7400
 12184              	.LASF380:
 12185 04d5 715F7761 		.ascii	"q_waiting\000"
 12185      6974696E 
 12185      6700
 12186              	.LASF237:
 12187 04df 43414E5F 		.ascii	"CAN_TxMailBox_TypeDef\000"
ARM GAS  /tmp/cc1HOfrl.s 			page 219


 12187      54784D61 
 12187      696C426F 
 12187      785F5479 
 12187      70654465 
 12188              	.LASF212:
 12189 04f5 726C6973 		.ascii	"rlist\000"
 12189      7400
 12190              	.LASF181:
 12191 04fb 74687265 		.ascii	"threads_list_t\000"
 12191      6164735F 
 12191      6C697374 
 12191      5F7400
 12192              	.LASF318:
 12193 050a 746D5F63 		.ascii	"tm_calibration_t\000"
 12193      616C6962 
 12193      72617469 
 12193      6F6E5F74 
 12193      00
 12194              	.LASF389:
 12195 051b 696E7075 		.ascii	"input_queue_t\000"
 12195      745F7175 
 12195      6575655F 
 12195      7400
 12196              	.LASF474:
 12197 0529 41444343 		.ascii	"ADCConversionGroup\000"
 12197      6F6E7665 
 12197      7273696F 
 12197      6E47726F 
 12197      757000
 12198              	.LASF777:
 12199 053c 44535453 		.ascii	"DSTS\000"
 12199      00
 12200              	.LASF125:
 12201 0541 5F5F6C6F 		.ascii	"__lock\000"
 12201      636B00
 12202              	.LASF578:
 12203 0548 5354445F 		.ascii	"STD_DUTY_CYCLE\000"
 12203      44555459 
 12203      5F435943 
 12203      4C4500
 12204              	.LASF72:
 12205 0557 5F726565 		.ascii	"_reent\000"
 12205      6E7400
 12206              	.LASF354:
 12207 055e 63665F6F 		.ascii	"cf_off_older\000"
 12207      66665F6F 
 12207      6C646572 
 12207      00
 12208              	.LASF145:
 12209 056b 72747469 		.ascii	"rttime_t\000"
 12209      6D655F74 
 12209      00
 12210              	.LASF537:
 12211 0574 45585444 		.ascii	"EXTD1\000"
 12211      3100
 12212              	.LASF811:
 12213 057a 72787175 		.ascii	"rxqueued\000"
ARM GAS  /tmp/cc1HOfrl.s 			page 220


 12213      65756564 
 12213      00
 12214              	.LASF485:
 12215 0583 63616E73 		.ascii	"canstate_t\000"
 12215      74617465 
 12215      5F7400
 12216              	.LASF257:
 12217 058e 7346696C 		.ascii	"sFilterRegister\000"
 12217      74657252 
 12217      65676973 
 12217      74657200 
 12218              	.LASF93:
 12219 059e 5F5F7366 		.ascii	"__sf\000"
 12219      00
 12220              	.LASF783:
 12221 05a3 72657376 		.ascii	"resvd820\000"
 12221      64383230 
 12221      00
 12222              	.LASF53:
 12223 05ac 5F626173 		.ascii	"_base\000"
 12223      6500
 12224              	.LASF922:
 12225 05b2 5F5F7374 		.ascii	"__stack_chk_fail\000"
 12225      61636B5F 
 12225      63686B5F 
 12225      6661696C 
 12225      00
 12226              	.LASF284:
 12227 05c3 52455350 		.ascii	"RESP1\000"
 12227      3100
 12228              	.LASF285:
 12229 05c9 52455350 		.ascii	"RESP2\000"
 12229      3200
 12230              	.LASF286:
 12231 05cf 52455350 		.ascii	"RESP3\000"
 12231      3300
 12232              	.LASF287:
 12233 05d5 52455350 		.ascii	"RESP4\000"
 12233      3400
 12234              	.LASF111:
 12235 05db 5F6D6274 		.ascii	"_mbtowc_state\000"
 12235      6F77635F 
 12235      73746174 
 12235      6500
 12236              	.LASF565:
 12237 05e9 4932435F 		.ascii	"I2C_UNINIT\000"
 12237      554E494E 
 12237      495400
 12238              	.LASF365:
 12239 05f4 636F6E64 		.ascii	"condition_variable\000"
 12239      6974696F 
 12239      6E5F7661 
 12239      72696162 
 12239      6C6500
 12240              	.LASF722:
 12241 0607 75736272 		.ascii	"usbreqhandler_t\000"
 12241      65716861 
ARM GAS  /tmp/cc1HOfrl.s 			page 221


 12241      6E646C65 
 12241      725F7400 
 12242              	.LASF445:
 12243 0617 4144435F 		.ascii	"ADC_COMPLETE\000"
 12243      434F4D50 
 12243      4C455445 
 12243      00
 12244              	.LASF561:
 12245 0624 47505443 		.ascii	"GPTConfig\000"
 12245      6F6E6669 
 12245      6700
 12246              	.LASF627:
 12247 062e 53445F55 		.ascii	"SD_UNINIT\000"
 12247      4E494E49 
 12247      5400
 12248              	.LASF150:
 12249 0638 74707269 		.ascii	"tprio_t\000"
 12249      6F5F7400 
 12250              	.LASF324:
 12251 0640 6E5F6972 		.ascii	"n_irq\000"
 12251      7100
 12252              	.LASF842:
 12253 0646 636F6E64 		.ascii	"condvar\000"
 12253      76617200 
 12254              	.LASF606:
 12255 064e 69327370 		.ascii	"i2spr\000"
 12255      7200
 12256              	.LASF899:
 12257 0654 63685379 		.ascii	"chSysHalt\000"
 12257      7348616C 
 12257      7400
 12258              	.LASF787:
 12259 065e 72657376 		.ascii	"resvd830\000"
 12259      64383330 
 12259      00
 12260              	.LASF34:
 12261 0667 5F5F746D 		.ascii	"__tm\000"
 12261      00
 12262              	.LASF789:
 12263 066c 72657376 		.ascii	"resvd838\000"
 12263      64383338 
 12263      00
 12264              	.LASF581:
 12265 0675 69326364 		.ascii	"i2cdutycycle_t\000"
 12265      75747963 
 12265      79636C65 
 12265      5F7400
 12266              	.LASF833:
 12267 0684 6F707461 		.ascii	"optarg\000"
 12267      726700
 12268              	.LASF790:
 12269 068b 72657376 		.ascii	"resvd83C\000"
 12269      64383343 
 12269      00
 12270              	.LASF459:
 12271 0694 74687265 		.ascii	"thread\000"
 12271      616400
ARM GAS  /tmp/cc1HOfrl.s 			page 222


 12272              	.LASF504:
 12273 069b 72656773 		.ascii	"regshift\000"
 12273      68696674 
 12273      00
 12274              	.LASF685:
 12275 06a4 73657475 		.ascii	"setup\000"
 12275      7000
 12276              	.LASF664:
 12277 06aa 5350495F 		.ascii	"SPI_UNINIT\000"
 12277      554E494E 
 12277      495400
 12278              	.LASF738:
 12279 06b5 44545846 		.ascii	"DTXFSTS\000"
 12279      53545300 
 12280              	.LASF408:
 12281 06bd 626C6B5F 		.ascii	"blk_size\000"
 12281      73697A65 
 12281      00
 12282              	.LASF567:
 12283 06c6 4932435F 		.ascii	"I2C_READY\000"
 12283      52454144 
 12283      5900
 12284              	.LASF42:
 12285 06d0 5F5F746D 		.ascii	"__tm_yday\000"
 12285      5F796461 
 12285      7900
 12286              	.LASF679:
 12287 06da 696E5F70 		.ascii	"in_params\000"
 12287      6172616D 
 12287      7300
 12288              	.LASF551:
 12289 06e4 43434552 		.ascii	"CCER\000"
 12289      00
 12290              	.LASF300:
 12291 06e9 49325350 		.ascii	"I2SPR\000"
 12291      5200
 12292              	.LASF609:
 12293 06ef 50574D5F 		.ascii	"PWM_UNINIT\000"
 12293      554E494E 
 12293      495400
 12294              	.LASF319:
 12295 06fa 62657374 		.ascii	"best\000"
 12295      00
 12296              	.LASF866:
 12297 06ff 74797065 		.ascii	"type\000"
 12297      00
 12298              	.LASF747:
 12299 0704 47414842 		.ascii	"GAHBCFG\000"
 12299      43464700 
 12300              	.LASF514:
 12301 070c 64616363 		.ascii	"daccallback_t\000"
 12301      616C6C62 
 12301      61636B5F 
 12301      7400
 12302              	.LASF18:
 12303 071a 5F4C4F43 		.ascii	"_LOCK_T\000"
 12303      4B5F5400 
ARM GAS  /tmp/cc1HOfrl.s 			page 223


 12304              	.LASF791:
 12305 0722 72657376 		.ascii	"resvd840\000"
 12305      64383430 
 12305      00
 12306              	.LASF296:
 12307 072b 43524350 		.ascii	"CRCPR\000"
 12307      5200
 12308              	.LASF403:
 12309 0731 424C4B5F 		.ascii	"BLK_READY\000"
 12309      52454144 
 12309      5900
 12310              	.LASF3:
 12311 073b 5F5F696E 		.ascii	"__int16_t\000"
 12311      7431365F 
 12311      7400
 12312              	.LASF5:
 12313 0745 5F5F7569 		.ascii	"__uint16_t\000"
 12313      6E743136 
 12313      5F7400
 12314              	.LASF541:
 12315 0750 4750545F 		.ascii	"GPT_CONTINUOUS\000"
 12315      434F4E54 
 12315      494E554F 
 12315      555300
 12316              	.LASF805:
 12317 075f 74787175 		.ascii	"txqueued\000"
 12317      65756564 
 12317      00
 12318              	.LASF174:
 12319 0768 705F6D73 		.ascii	"p_msg\000"
 12319      6700
 12320              	.LASF103:
 12321 076e 5F756E75 		.ascii	"_unused_rand\000"
 12321      7365645F 
 12321      72616E64 
 12321      00
 12322              	.LASF744:
 12323 077b 73746D33 		.ascii	"stm32_otg_out_ep_t\000"
 12323      325F6F74 
 12323      675F6F75 
 12323      745F6570 
 12323      5F7400
 12324              	.LASF753:
 12325 078e 47525853 		.ascii	"GRXSTSP\000"
 12325      54535000 
 12326              	.LASF752:
 12327 0796 47525853 		.ascii	"GRXSTSR\000"
 12327      54535200 
 12328              	.LASF330:
 12329 079e 65786974 		.ascii	"exitcode\000"
 12329      636F6465 
 12329      00
 12330              	.LASF274:
 12331 07a7 4D314152 		.ascii	"M1AR\000"
 12331      00
 12332              	.LASF692:
 12333 07ac 77616974 		.ascii	"wait\000"
ARM GAS  /tmp/cc1HOfrl.s 			page 224


 12333      00
 12334              	.LASF275:
 12335 07b1 444D415F 		.ascii	"DMA_Stream_TypeDef\000"
 12335      53747265 
 12335      616D5F54 
 12335      79706544 
 12335      656600
 12336              	.LASF699:
 12337 07c4 5553425F 		.ascii	"USB_ACTIVE\000"
 12337      41435449 
 12337      564500
 12338              	.LASF875:
 12339 07cf 73746570 		.ascii	"stepper_motor_s\000"
 12339      7065725F 
 12339      6D6F746F 
 12339      725F7300 
 12340              	.LASF837:
 12341 07df 6F707472 		.ascii	"optreset\000"
 12341      65736574 
 12341      00
 12342              	.LASF740:
 12343 07e8 73746D33 		.ascii	"stm32_otg_in_ep_t\000"
 12343      325F6F74 
 12343      675F696E 
 12343      5F65705F 
 12343      7400
 12344              	.LASF813:
 12345 07fa 7278636E 		.ascii	"rxcnt\000"
 12345      7400
 12346              	.LASF441:
 12347 0800 4144435F 		.ascii	"ADC_UNINIT\000"
 12347      554E494E 
 12347      495400
 12348              	.LASF589:
 12349 080b 7278646D 		.ascii	"rxdmamode\000"
 12349      616D6F64 
 12349      6500
 12350              	.LASF84:
 12351 0815 5F726573 		.ascii	"_result_k\000"
 12351      756C745F 
 12351      6B00
 12352              	.LASF533:
 12353 081f 6D6F6465 		.ascii	"mode\000"
 12353      00
 12354              	.LASF76:
 12355 0824 5F737464 		.ascii	"_stderr\000"
 12355      65727200 
 12356              	.LASF83:
 12357 082c 5F726573 		.ascii	"_result\000"
 12357      756C7400 
 12358              	.LASF343:
 12359 0834 6D5F636E 		.ascii	"m_cnt\000"
 12359      7400
 12360              	.LASF530:
 12361 083a 45585444 		.ascii	"EXTDriver\000"
 12361      72697665 
 12361      7200
ARM GAS  /tmp/cc1HOfrl.s 			page 225


 12362              	.LASF46:
 12363 0844 5F64736F 		.ascii	"_dso_handle\000"
 12363      5F68616E 
 12363      646C6500 
 12364              	.LASF601:
 12365 0850 69327363 		.ascii	"i2scallback_t\000"
 12365      616C6C62 
 12365      61636B5F 
 12365      7400
 12366              	.LASF673:
 12367 085e 73737061 		.ascii	"sspad\000"
 12367      6400
 12368              	.LASF590:
 12369 0864 7478646D 		.ascii	"txdmamode\000"
 12369      616D6F64 
 12369      6500
 12370              	.LASF871:
 12371 086e 6275665F 		.ascii	"buf_dim\000"
 12371      64696D00 
 12372              	.LASF557:
 12373 0876 67707466 		.ascii	"gptfreq_t\000"
 12373      7265715F 
 12373      7400
 12374              	.LASF41:
 12375 0880 5F5F746D 		.ascii	"__tm_wday\000"
 12375      5F776461 
 12375      7900
 12376              	.LASF43:
 12377 088a 5F5F746D 		.ascii	"__tm_isdst\000"
 12377      5F697364 
 12377      737400
 12378              	.LASF798:
 12379 0895 72785F66 		.ascii	"rx_fifo_size\000"
 12379      69666F5F 
 12379      73697A65 
 12379      00
 12380              	.LASF143:
 12381 08a2 5F5F6664 		.ascii	"__fdlib_version\000"
 12381      6C69625F 
 12381      76657273 
 12381      696F6E00 
 12382              	.LASF910:
 12383 08b2 70726F78 		.ascii	"proximity_start\000"
 12383      696D6974 
 12383      795F7374 
 12383      61727400 
 12384              	.LASF832:
 12385 08c2 656E7669 		.ascii	"environ\000"
 12385      726F6E00 
 12386              	.LASF512:
 12387 08ca 4441435F 		.ascii	"DAC_ERR_UNDERFLOW\000"
 12387      4552525F 
 12387      554E4445 
 12387      52464C4F 
 12387      5700
 12388              	.LASF493:
 12389 08dc 77616B65 		.ascii	"wakeup_event\000"
ARM GAS  /tmp/cc1HOfrl.s 			page 226


 12389      75705F65 
 12389      76656E74 
 12389      00
 12390              	.LASF197:
 12391 08e9 76745F70 		.ascii	"vt_prev\000"
 12391      72657600 
 12392              	.LASF467:
 12393 08f1 656E645F 		.ascii	"end_cb\000"
 12393      636200
 12394              	.LASF816:
 12395 08f8 73657475 		.ascii	"setup_cb\000"
 12395      705F6362 
 12395      00
 12396              	.LASF1:
 12397 0901 756E7369 		.ascii	"unsigned char\000"
 12397      676E6564 
 12397      20636861 
 12397      7200
 12398              	.LASF75:
 12399 090f 5F737464 		.ascii	"_stdout\000"
 12399      6F757400 
 12400              	.LASF294:
 12401 0917 4649464F 		.ascii	"FIFO\000"
 12401      00
 12402              	.LASF315:
 12403 091c 74625F62 		.ascii	"tb_buffer\000"
 12403      75666665 
 12403      7200
 12404              	.LASF487:
 12405 0926 74787175 		.ascii	"txqueue\000"
 12405      65756500 
 12406              	.LASF338:
 12407 092e 735F636E 		.ascii	"s_cnt\000"
 12407      7400
 12408              	.LASF185:
 12409 0934 72656164 		.ascii	"ready_list_t\000"
 12409      795F6C69 
 12409      73745F74 
 12409      00
 12410              	.LASF158:
 12411 0941 63685F74 		.ascii	"ch_thread\000"
 12411      68726561 
 12411      6400
 12412              	.LASF576:
 12413 094b 4F504D4F 		.ascii	"OPMODE_SMBUS_HOST\000"
 12413      44455F53 
 12413      4D425553 
 12413      5F484F53 
 12413      5400
 12414              	.LASF903:
 12415 095d 6765745F 		.ascii	"get_prox\000"
 12415      70726F78 
 12415      00
 12416              	.LASF118:
 12417 0966 5F6D6273 		.ascii	"_mbsrtowcs_state\000"
 12417      72746F77 
 12417      63735F73 
ARM GAS  /tmp/cc1HOfrl.s 			page 227


 12417      74617465 
 12417      00
 12418              	.LASF694:
 12419 0977 75736265 		.ascii	"usbep_t\000"
 12419      705F7400 
 12420              	.LASF32:
 12421 097f 5F776473 		.ascii	"_wds\000"
 12421      00
 12422              	.LASF137:
 12423 0984 666C6F61 		.ascii	"float\000"
 12423      7400
 12424              	.LASF526:
 12425 098a 4558545F 		.ascii	"EXT_UNINIT\000"
 12425      554E494E 
 12425      495400
 12426              	.LASF484:
 12427 0995 43414E5F 		.ascii	"CAN_SLEEP\000"
 12427      534C4545 
 12427      5000
 12428              	.LASF311:
 12429 099f 73655F73 		.ascii	"se_state\000"
 12429      74617465 
 12429      00
 12430              	.LASF54:
 12431 09a8 5F73697A 		.ascii	"_size\000"
 12431      6500
 12432              	.LASF663:
 12433 09ae 53444344 		.ascii	"SDCD1\000"
 12433      3100
 12434              	.LASF204:
 12435 09b4 73797374 		.ascii	"system_debug_t\000"
 12435      656D5F64 
 12435      65627567 
 12435      5F7400
 12436              	.LASF262:
 12437 09c3 44485238 		.ascii	"DHR8R1\000"
 12437      523100
 12438              	.LASF265:
 12439 09ca 44485238 		.ascii	"DHR8R2\000"
 12439      523200
 12440              	.LASF548:
 12441 09d1 44494552 		.ascii	"DIER\000"
 12441      00
 12442              	.LASF850:
 12443 09d6 68656164 		.ascii	"head\000"
 12443      00
 12444              	.LASF162:
 12445 09db 705F6374 		.ascii	"p_ctx\000"
 12445      7800
 12446              	.LASF200:
 12447 09e1 76745F70 		.ascii	"vt_par\000"
 12447      617200
 12448              	.LASF221:
 12449 09e8 4A4F4652 		.ascii	"JOFR1\000"
 12449      3100
 12450              	.LASF222:
 12451 09ee 4A4F4652 		.ascii	"JOFR2\000"
ARM GAS  /tmp/cc1HOfrl.s 			page 228


 12451      3200
 12452              	.LASF224:
 12453 09f4 4A4F4652 		.ascii	"JOFR4\000"
 12453      3400
 12454              	.LASF61:
 12455 09fa 5F777269 		.ascii	"_write\000"
 12455      746500
 12456              	.LASF298:
 12457 0a01 54584352 		.ascii	"TXCRCR\000"
 12457      435200
 12458              	.LASF519:
 12459 0a08 64616364 		.ascii	"dacdhrmode_t\000"
 12459      68726D6F 
 12459      64655F74 
 12459      00
 12460              	.LASF461:
 12461 0a15 646D6173 		.ascii	"dmastp\000"
 12461      747000
 12462              	.LASF841:
 12463 0a1c 6C6F636B 		.ascii	"lock\000"
 12463      00
 12464              	.LASF580:
 12465 0a21 46415354 		.ascii	"FAST_DUTY_CYCLE_16_9\000"
 12465      5F445554 
 12465      595F4359 
 12465      434C455F 
 12465      31365F39 
 12466              	.LASF134:
 12467 0a36 75696E74 		.ascii	"uint64_t\000"
 12467      36345F74 
 12467      00
 12468              	.LASF325:
 12469 0a3f 6E5F6374 		.ascii	"n_ctxswc\000"
 12469      78737763 
 12469      00
 12470              	.LASF363:
 12471 0a48 63685F64 		.ascii	"ch_debug\000"
 12471      65627567 
 12471      00
 12472              	.LASF522:
 12473 0a51 696E6974 		.ascii	"init\000"
 12473      00
 12474              	.LASF249:
 12475 0a56 464D3152 		.ascii	"FM1R\000"
 12475      00
 12476              	.LASF438:
 12477 0a5b 50414C43 		.ascii	"PALConfig\000"
 12477      6F6E6669 
 12477      6700
 12478              	.LASF807:
 12479 0a65 7478636E 		.ascii	"txcnt\000"
 12479      7400
 12480              	.LASF860:
 12481 0a6b 73756273 		.ascii	"subspaces\000"
 12481      70616365 
 12481      7300
 12482              	.LASF721:
ARM GAS  /tmp/cc1HOfrl.s 			page 229


 12483 0a75 75736265 		.ascii	"usbeventcb_t\000"
 12483      76656E74 
 12483      63625F74 
 12483      00
 12484              	.LASF400:
 12485 0a82 424C4B5F 		.ascii	"BLK_ACTIVE\000"
 12485      41435449 
 12485      564500
 12486              	.LASF40:
 12487 0a8d 5F5F746D 		.ascii	"__tm_year\000"
 12487      5F796561 
 12487      7200
 12488              	.LASF368:
 12489 0a97 6576656E 		.ascii	"event_listener_t\000"
 12489      745F6C69 
 12489      7374656E 
 12489      65725F74 
 12489      00
 12490              	.LASF799:
 12491 0aa8 6F74675F 		.ascii	"otg_ram_size\000"
 12491      72616D5F 
 12491      73697A65 
 12491      00
 12492              	.LASF801:
 12493 0ab5 73746D33 		.ascii	"stm32_otg_params_t\000"
 12493      325F6F74 
 12493      675F7061 
 12493      72616D73 
 12493      5F7400
 12494              	.LASF794:
 12495 0ac8 72657376 		.ascii	"resvdD00\000"
 12495      64443030 
 12495      00
 12496              	.LASF297:
 12497 0ad1 52584352 		.ascii	"RXCRCR\000"
 12497      435200
 12498              	.LASF810:
 12499 0ad8 72786275 		.ascii	"rxbuf\000"
 12499      6600
 12500              	.LASF101:
 12501 0ade 5F6D756C 		.ascii	"_mult\000"
 12501      7400
 12502              	.LASF339:
 12503 0ae4 63685F6D 		.ascii	"ch_mutex\000"
 12503      75746578 
 12503      00
 12504              	.LASF490:
 12505 0aed 7478656D 		.ascii	"txempty_event\000"
 12505      7074795F 
 12505      6576656E 
 12505      7400
 12506              	.LASF613:
 12507 0afb 50574D44 		.ascii	"PWMDriver\000"
 12507      72697665 
 12507      7200
 12508              	.LASF435:
 12509 0b05 50474461 		.ascii	"PGData\000"
ARM GAS  /tmp/cc1HOfrl.s 			page 230


 12509      746100
 12510              	.LASF622:
 12511 0b0c 50574D43 		.ascii	"PWMConfig\000"
 12511      6F6E6669 
 12511      6700
 12512              	.LASF116:
 12513 0b16 5F6D6272 		.ascii	"_mbrlen_state\000"
 12513      6C656E5F 
 12513      73746174 
 12513      6500
 12514              	.LASF867:
 12515 0b24 76616C75 		.ascii	"value\000"
 12515      6500
 12516              	.LASF353:
 12517 0b2a 63665F6F 		.ascii	"cf_off_newer\000"
 12517      66665F6E 
 12517      65776572 
 12517      00
 12518              	.LASF779:
 12519 0b37 44494550 		.ascii	"DIEPMSK\000"
 12519      4D534B00 
 12520              	.LASF746:
 12521 0b3f 474F5447 		.ascii	"GOTGINT\000"
 12521      494E5400 
 12522              	.LASF818:
 12523 0b47 6F75745F 		.ascii	"out_cb\000"
 12523      636200
 12524              	.LASF770:
 12525 0b4e 4841494E 		.ascii	"HAINTMSK\000"
 12525      544D534B 
 12525      00
 12526              	.LASF680:
 12527 0b57 6F75745F 		.ascii	"out_params\000"
 12527      70617261 
 12527      6D7300
 12528              	.LASF310:
 12529 0b62 73655F77 		.ascii	"se_wtobjp\000"
 12529      746F626A 
 12529      7000
 12530              	.LASF228:
 12531 0b6c 4A535152 		.ascii	"JSQR\000"
 12531      00
 12532              	.LASF74:
 12533 0b71 5F737464 		.ascii	"_stdin\000"
 12533      696E00
 12534              	.LASF123:
 12535 0b78 5F6E6D61 		.ascii	"_nmalloc\000"
 12535      6C6C6F63 
 12535      00
 12536              	.LASF560:
 12537 0b81 64696572 		.ascii	"dier\000"
 12537      00
 12538              	.LASF658:
 12539 0b86 69735F70 		.ascii	"is_protected\000"
 12539      726F7465 
 12539      63746564 
 12539      00
ARM GAS  /tmp/cc1HOfrl.s 			page 231


 12540              	.LASF194:
 12541 0b93 76697274 		.ascii	"virtual_timer_t\000"
 12541      75616C5F 
 12541      74696D65 
 12541      725F7400 
 12542              	.LASF820:
 12543 0ba3 6F75745F 		.ascii	"out_maxsize\000"
 12543      6D617873 
 12543      697A6500 
 12544              	.LASF189:
 12545 0baf 725F6374 		.ascii	"r_ctx\000"
 12545      7800
 12546              	.LASF196:
 12547 0bb5 76745F6E 		.ascii	"vt_next\000"
 12547      65787400 
 12548              	.LASF595:
 12549 0bbd 4932535F 		.ascii	"I2S_STOP\000"
 12549      53544F50 
 12549      00
 12550              	.LASF230:
 12551 0bc6 4A445232 		.ascii	"JDR2\000"
 12551      00
 12552              	.LASF610:
 12553 0bcb 50574D5F 		.ascii	"PWM_STOP\000"
 12553      53544F50 
 12553      00
 12554              	.LASF144:
 12555 0bd4 7274636E 		.ascii	"rtcnt_t\000"
 12555      745F7400 
 12556              	.LASF460:
 12557 0bdc 6D757465 		.ascii	"mutex\000"
 12557      7800
 12558              	.LASF604:
 12559 0be2 73697A65 		.ascii	"size\000"
 12559      00
 12560              	.LASF508:
 12561 0be7 44414344 		.ascii	"DACDriver\000"
 12561      72697665 
 12561      7200
 12562              	.LASF524:
 12563 0bf1 44414343 		.ascii	"DACConfig\000"
 12563      6F6E6669 
 12563      6700
 12564              	.LASF691:
 12565 0bfb 74787065 		.ascii	"txpending\000"
 12565      6E64696E 
 12565      6700
 12566              	.LASF545:
 12567 0c05 636C6F63 		.ascii	"clock\000"
 12567      6B00
 12568              	.LASF886:
 12569 0c0b 5448525F 		.ascii	"THR_SIDE\000"
 12569      53494445 
 12569      00
 12570              	.LASF412:
 12571 0c14 636C6561 		.ascii	"clear\000"
 12571      7200
ARM GAS  /tmp/cc1HOfrl.s 			page 232


 12572              	.LASF555:
 12573 0c1a 43435852 		.ascii	"CCXR\000"
 12573      00
 12574              	.LASF258:
 12575 0c1f 43414E5F 		.ascii	"CAN_TypeDef\000"
 12575      54797065 
 12575      44656600 
 12576              	.LASF19:
 12577 0c2b 5F6F6666 		.ascii	"_off_t\000"
 12577      5F7400
 12578              	.LASF305:
 12579 0c32 73746B61 		.ascii	"stkalign_t\000"
 12579      6C69676E 
 12579      5F7400
 12580              	.LASF312:
 12581 0c3d 63685F73 		.ascii	"ch_swc_event_t\000"
 12581      77635F65 
 12581      76656E74 
 12581      5F7400
 12582              	.LASF628:
 12583 0c4c 53445F53 		.ascii	"SD_STOP\000"
 12583      544F5000 
 12584              	.LASF725:
 12585 0c54 72657376 		.ascii	"resvd8\000"
 12585      643800
 12586              	.LASF16:
 12587 0c5b 73697A65 		.ascii	"size_t\000"
 12587      5F7400
 12588              	.LASF106:
 12589 0c62 5F6C6F63 		.ascii	"_localtime_buf\000"
 12589      616C7469 
 12589      6D655F62 
 12589      756600
 12590              	.LASF792:
 12591 0c71 72657376 		.ascii	"resvd880\000"
 12591      64383830 
 12591      00
 12592              	.LASF874:
 12593 0c7a 70617261 		.ascii	"parameter_root\000"
 12593      6D657465 
 12593      725F726F 
 12593      6F7400
 12594              	.LASF24:
 12595 0c89 5F5F636F 		.ascii	"__count\000"
 12595      756E7400 
 12596              	.LASF129:
 12597 0c91 75696E74 		.ascii	"uint8_t\000"
 12597      385F7400 
 12598              	.LASF729:
 12599 0c99 72657376 		.ascii	"resvd14\000"
 12599      64313400 
 12600              	.LASF480:
 12601 0ca1 43414E5F 		.ascii	"CAN_UNINIT\000"
 12601      554E494E 
 12601      495400
 12602              	.LASF730:
 12603 0cac 72657376 		.ascii	"resvd18\000"
ARM GAS  /tmp/cc1HOfrl.s 			page 233


 12603      64313800 
 12604              	.LASF891:
 12605 0cb4 4C4F4F50 		.ascii	"LOOP_DT_MS\000"
 12605      5F44545F 
 12605      4D5300
 12606              	.LASF191:
 12607 0cbf 725F6F6C 		.ascii	"r_older\000"
 12607      64657200 
 12608              	.LASF160:
 12609 0cc7 705F7072 		.ascii	"p_prev\000"
 12609      657600
 12610              	.LASF355:
 12611 0cce 63665F6F 		.ascii	"cf_off_name\000"
 12611      66665F6E 
 12611      616D6500 
 12612              	.LASF621:
 12613 0cda 50574D43 		.ascii	"PWMChannelConfig\000"
 12613      68616E6E 
 12613      656C436F 
 12613      6E666967 
 12613      00
 12614              	.LASF620:
 12615 0ceb 70776D63 		.ascii	"pwmcnt_t\000"
 12615      6E745F74 
 12615      00
 12616              	.LASF788:
 12617 0cf4 44494550 		.ascii	"DIEPEMPMSK\000"
 12617      454D504D 
 12617      534B00
 12618              	.LASF733:
 12619 0cff 44494550 		.ascii	"DIEPCTL\000"
 12619      43544C00 
 12620              	.LASF374:
 12621 0d07 656C5F77 		.ascii	"el_wflags\000"
 12621      666C6167 
 12621      7300
 12622              	.LASF689:
 12623 0d11 6F746770 		.ascii	"otgparams\000"
 12623      6172616D 
 12623      7300
 12624              	.LASF313:
 12625 0d1b 74625F73 		.ascii	"tb_size\000"
 12625      697A6500 
 12626              	.LASF432:
 12627 0d23 50444461 		.ascii	"PDData\000"
 12627      746100
 12628              	.LASF653:
 12629 0d2a 73637261 		.ascii	"scratchpad\000"
 12629      74636870 
 12629      616400
 12630              	.LASF88:
 12631 0d35 5F637674 		.ascii	"_cvtbuf\000"
 12631      62756600 
 12632              	.LASF822:
 12633 0d3d 6F75745F 		.ascii	"out_state\000"
 12633      73746174 
 12633      6500
ARM GAS  /tmp/cc1HOfrl.s 			page 234


 12634              	.LASF378:
 12635 0d47 696F5F71 		.ascii	"io_queue_t\000"
 12635      75657565 
 12635      5F7400
 12636              	.LASF881:
 12637 0d52 5049564F 		.ascii	"PIVOT_LEFT\000"
 12637      545F4C45 
 12637      465400
 12638              	.LASF669:
 12639 0d5d 73706973 		.ascii	"spistate_t\000"
 12639      74617465 
 12639      5F7400
 12640              	.LASF566:
 12641 0d68 4932435F 		.ascii	"I2C_STOP\000"
 12641      53544F50 
 12641      00
 12642              	.LASF588:
 12643 0d71 61646472 		.ascii	"addr\000"
 12643      00
 12644              	.LASF243:
 12645 0d76 52463052 		.ascii	"RF0R\000"
 12645      00
 12646              	.LASF450:
 12647 0d7b 4144435F 		.ascii	"ADC_ERR_DMAFAILURE\000"
 12647      4552525F 
 12647      444D4146 
 12647      41494C55 
 12647      524500
 12648              	.LASF667:
 12649 0d8e 5350495F 		.ascii	"SPI_ACTIVE\000"
 12649      41435449 
 12649      564500
 12650              	.LASF302:
 12651 0d99 47545052 		.ascii	"GTPR\000"
 12651      00
 12652              	.LASF534:
 12653 0d9e 45585443 		.ascii	"EXTChannelConfig\000"
 12653      68616E6E 
 12653      656C436F 
 12653      6E666967 
 12653      00
 12654              	.LASF415:
 12655 0daf 4F535045 		.ascii	"OSPEEDR\000"
 12655      45445200 
 12656              	.LASF498:
 12657 0db7 4441435F 		.ascii	"DAC_READY\000"
 12657      52454144 
 12657      5900
 12658              	.LASF757:
 12659 0dc1 72657376 		.ascii	"resvd30\000"
 12659      64333000 
 12660              	.LASF23:
 12661 0dc9 5F5F7763 		.ascii	"__wchb\000"
 12661      686200
 12662              	.LASF117:
 12663 0dd0 5F6D6272 		.ascii	"_mbrtowc_state\000"
 12663      746F7763 
ARM GAS  /tmp/cc1HOfrl.s 			page 235


 12663      5F737461 
 12663      746500
 12664              	.LASF786:
 12665 0ddf 44564255 		.ascii	"DVBUSPULSE\000"
 12665      5350554C 
 12665      534500
 12666              	.LASF37:
 12667 0dea 5F5F746D 		.ascii	"__tm_hour\000"
 12667      5F686F75 
 12667      7200
 12668              	.LASF399:
 12669 0df4 424C4B5F 		.ascii	"BLK_STOP\000"
 12669      53544F50 
 12669      00
 12670              	.LASF636:
 12671 0dfd 53657269 		.ascii	"SerialDriverVMT\000"
 12671      616C4472 
 12671      69766572 
 12671      564D5400 
 12672              	.LASF707:
 12673 0e0d 5553425F 		.ascii	"USB_EP0_ERROR\000"
 12673      4550305F 
 12673      4552524F 
 12673      5200
 12674              	.LASF21:
 12675 0e1b 77696E74 		.ascii	"wint_t\000"
 12675      5F7400
 12676              	.LASF659:
 12677 0e22 636F6E6E 		.ascii	"connect\000"
 12677      65637400 
 12678              	.LASF89:
 12679 0e2a 5F6E6577 		.ascii	"_new\000"
 12679      00
 12680              	.LASF453:
 12681 0e2f 41444344 		.ascii	"ADCDriver\000"
 12681      72697665 
 12681      7200
 12682              	.LASF800:
 12683 0e39 6E756D5F 		.ascii	"num_endpoints\000"
 12683      656E6470 
 12683      6F696E74 
 12683      7300
 12684              	.LASF476:
 12685 0e47 41444343 		.ascii	"ADCConfig\000"
 12685      6F6E6669 
 12685      6700
 12686              	.LASF808:
 12687 0e51 746F7473 		.ascii	"totsize\000"
 12687      697A6500 
 12688              	.LASF872:
 12689 0e59 5F706172 		.ascii	"_param_val_matrix_s\000"
 12689      616D5F76 
 12689      616C5F6D 
 12689      61747269 
 12689      785F7300 
 12690              	.LASF97:
 12691 0e6d 5F6E696F 		.ascii	"_niobs\000"
ARM GAS  /tmp/cc1HOfrl.s 			page 236


 12691      627300
 12692              	.LASF889:
 12693 0e74 53494445 		.ascii	"SIDE_TURN_GAIN\000"
 12693      5F545552 
 12693      4E5F4741 
 12693      494E00
 12694              	.LASF356:
 12695 0e83 63665F6F 		.ascii	"cf_off_stklimit\000"
 12695      66665F73 
 12695      746B6C69 
 12695      6D697400 
 12696              	.LASF629:
 12697 0e93 53445F52 		.ascii	"SD_READY\000"
 12697      45414459 
 12697      00
 12698              	.LASF723:
 12699 0e9c 75736267 		.ascii	"usbgetdescriptor_t\000"
 12699      65746465 
 12699      73637269 
 12699      70746F72 
 12699      5F7400
 12700              	.LASF918:
 12701 0eaf 474E5520 		.ascii	"GNU C11 7.2.1 20170904 (release) [ARM/embedded-7-br"
 12701      43313120 
 12701      372E322E 
 12701      31203230 
 12701      31373039 
 12702 0ee2 616E6368 		.ascii	"anch revision 255204] -mcpu=cortex-m4 -mfloat-abi=h"
 12702      20726576 
 12702      6973696F 
 12702      6E203235 
 12702      35323034 
 12703 0f15 61726420 		.ascii	"ard -mfpu=fpv4-sp-d16 -mno-thumb-interwork -mthumb "
 12703      2D6D6670 
 12703      753D6670 
 12703      76342D73 
 12703      702D6431 
 12704 0f48 2D676764 		.ascii	"-ggdb -O2 -fomit-frame-pointer -falign-functions=16"
 12704      62202D4F 
 12704      32202D66 
 12704      6F6D6974 
 12704      2D667261 
 12705 0f7b 202D666E 		.ascii	" -fno-strict-aliasing -fstack-protector-all -ffunct"
 12705      6F2D7374 
 12705      72696374 
 12705      2D616C69 
 12705      6173696E 
 12706 0fae 696F6E2D 		.ascii	"ion-sections -fdata-sections -fno-common -fsingle-p"
 12706      73656374 
 12706      696F6E73 
 12706      202D6664 
 12706      6174612D 
 12707 0fe1 72656369 		.ascii	"recision-constant\000"
 12707      73696F6E 
 12707      2D636F6E 
 12707      7374616E 
 12707      7400
ARM GAS  /tmp/cc1HOfrl.s 			page 237


 12708              	.LASF501:
 12709 0ff3 4441435F 		.ascii	"DAC_ERROR\000"
 12709      4552524F 
 12709      5200
 12710              	.LASF192:
 12711 0ffd 725F6375 		.ascii	"r_current\000"
 12711      7272656E 
 12711      7400
 12712              	.LASF73:
 12713 1007 5F657272 		.ascii	"_errno\000"
 12713      6E6F00
 12714              	.LASF852:
 12715 100e 6D657373 		.ascii	"messagebus_t\000"
 12715      61676562 
 12715      75735F74 
 12715      00
 12716              	.LASF702:
 12717 101b 5553425F 		.ascii	"USB_EP0_TX\000"
 12717      4550305F 
 12717      545800
 12718              	.LASF681:
 12719 1026 65703073 		.ascii	"ep0state\000"
 12719      74617465 
 12719      00
 12720              	.LASF863:
 12721 102f 70617261 		.ascii	"parameter_s\000"
 12721      6D657465 
 12721      725F7300 
 12722              	.LASF38:
 12723 103b 5F5F746D 		.ascii	"__tm_mday\000"
 12723      5F6D6461 
 12723      7900
 12724              	.LASF392:
 12725 1045 69666372 		.ascii	"ifcr\000"
 12725      00
 12726              	.LASF594:
 12727 104a 4932535F 		.ascii	"I2S_UNINIT\000"
 12727      554E494E 
 12727      495400
 12728              	.LASF904:
 12729 1055 68616C49 		.ascii	"halInit\000"
 12729      6E697400 
 12730              	.LASF421:
 12731 105d 73746D33 		.ascii	"stm32_gpio_t\000"
 12731      325F6770 
 12731      696F5F74 
 12731      00
 12732              	.LASF329:
 12733 106a 7264796D 		.ascii	"rdymsg\000"
 12733      736700
 12734              	.LASF45:
 12735 1071 5F666E61 		.ascii	"_fnargs\000"
 12735      72677300 
 12736              	.LASF611:
 12737 1079 50574D5F 		.ascii	"PWM_READY\000"
 12737      52454144 
 12737      5900
ARM GAS  /tmp/cc1HOfrl.s 			page 238


 12738              	.LASF234:
 12739 1083 54445452 		.ascii	"TDTR\000"
 12739      00
 12740              	.LASF882:
 12741 1088 5049564F 		.ascii	"PIVOT_RIGHT\000"
 12741      545F5249 
 12741      47485400 
 12742              	.LASF242:
 12743 1094 43414E5F 		.ascii	"CAN_FilterRegister_TypeDef\000"
 12743      46696C74 
 12743      65725265 
 12743      67697374 
 12743      65725F54 
 12744              	.LASF491:
 12745 10af 6572726F 		.ascii	"error_event\000"
 12745      725F6576 
 12745      656E7400 
 12746              	.LASF466:
 12747 10bb 6E756D5F 		.ascii	"num_channels\000"
 12747      6368616E 
 12747      6E656C73 
 12747      00
 12748              	.LASF223:
 12749 10c8 4A4F4652 		.ascii	"JOFR3\000"
 12749      3300
 12750              	.LASF760:
 12751 10ce 72657376 		.ascii	"resvd58\000"
 12751      64353800 
 12752              	.LASF809:
 12753 10d6 55534249 		.ascii	"USBInEndpointState\000"
 12753      6E456E64 
 12753      706F696E 
 12753      74537461 
 12753      746500
 12754              	.LASF161:
 12755 10e9 705F7072 		.ascii	"p_prio\000"
 12755      696F00
 12756              	.LASF865:
 12757 10f0 64656669 		.ascii	"defined\000"
 12757      6E656400 
 12758              	.LASF379:
 12759 10f8 696F5F71 		.ascii	"io_queue\000"
 12759      75657565 
 12759      00
 12760              	.LASF429:
 12761 1101 50414461 		.ascii	"PAData\000"
 12761      746100
 12762              	.LASF12:
 12763 1108 5F5F7569 		.ascii	"__uint64_t\000"
 12763      6E743634 
 12763      5F7400
 12764              	.LASF29:
 12765 1113 5F6E6578 		.ascii	"_next\000"
 12765      7400
 12766              	.LASF616:
 12767 1119 70776D63 		.ascii	"pwmcallback_t\000"
 12767      616C6C62 
ARM GAS  /tmp/cc1HOfrl.s 			page 239


 12767      61636B5F 
 12767      7400
 12768              	.LASF509:
 12769 1127 70617261 		.ascii	"params\000"
 12769      6D7300
 12770              	.LASF706:
 12771 112e 5553425F 		.ascii	"USB_EP0_SENDING_STS\000"
 12771      4550305F 
 12771      53454E44 
 12771      494E475F 
 12771      53545300 
 12772              	.LASF114:
 12773 1142 5F736967 		.ascii	"_signal_buf\000"
 12773      6E616C5F 
 12773      62756600 
 12774              	.LASF876:
 12775 114e 72696768 		.ascii	"right_motor\000"
 12775      745F6D6F 
 12775      746F7200 
 12776              	.LASF571:
 12777 115a 69326373 		.ascii	"i2cstate_t\000"
 12777      74617465 
 12777      5F7400
 12778              	.LASF59:
 12779 1165 5F636F6F 		.ascii	"_cookie\000"
 12779      6B696500 
 12780              	.LASF856:
 12781 116d 70617261 		.ascii	"parameter_namespace_t\000"
 12781      6D657465 
 12781      725F6E61 
 12781      6D657370 
 12781      6163655F 
 12782              	.LASF894:
 12783 1183 6C656674 		.ascii	"left_speed\000"
 12783      5F737065 
 12783      656400
 12784              	.LASF708:
 12785 118e 75736265 		.ascii	"usbep0state_t\000"
 12785      70307374 
 12785      6174655F 
 12785      7400
 12786              	.LASF513:
 12787 119c 64616365 		.ascii	"dacerror_t\000"
 12787      72726F72 
 12787      5F7400
 12788              	.LASF246:
 12789 11a7 7354784D 		.ascii	"sTxMailBox\000"
 12789      61696C42 
 12789      6F7800
 12790              	.LASF448:
 12791 11b2 61646373 		.ascii	"adcsample_t\000"
 12791      616D706C 
 12791      655F7400 
 12792              	.LASF546:
 12793 11be 67707463 		.ascii	"gptcallback_t\000"
 12793      616C6C62 
 12793      61636B5F 
ARM GAS  /tmp/cc1HOfrl.s 			page 240


 12793      7400
 12794              	.LASF382:
 12795 11cc 715F6275 		.ascii	"q_buffer\000"
 12795      66666572 
 12795      00
 12796              	.LASF159:
 12797 11d5 705F6E65 		.ascii	"p_next\000"
 12797      787400
 12798              	.LASF593:
 12799 11dc 49324344 		.ascii	"I2CD1\000"
 12799      3100
 12800              	.LASF734:
 12801 11e2 72657376 		.ascii	"resvd4\000"
 12801      643400
 12802              	.LASF676:
 12803 11e9 55534244 		.ascii	"USBDriver\000"
 12803      72697665 
 12803      7200
 12804              	.LASF793:
 12805 11f3 72657376 		.ascii	"resvd8C0\000"
 12805      64384330 
 12805      00
 12806              	.LASF830:
 12807 11fc 55534243 		.ascii	"USBConfig\000"
 12807      6F6E6669 
 12807      6700
 12808              	.LASF736:
 12809 1206 72657376 		.ascii	"resvdC\000"
 12809      644300
 12810              	.LASF623:
 12811 120d 50574D44 		.ascii	"PWMD2\000"
 12811      3200
 12812              	.LASF624:
 12813 1213 50574D44 		.ascii	"PWMD3\000"
 12813      3300
 12814              	.LASF625:
 12815 1219 50574D44 		.ascii	"PWMD4\000"
 12815      3400
 12816              	.LASF626:
 12817 121f 50574D44 		.ascii	"PWMD5\000"
 12817      3500
 12818              	.LASF80:
 12819 1225 5F6C6F63 		.ascii	"_locale\000"
 12819      616C6500 
 12820              	.LASF634:
 12821 122d 6F717565 		.ascii	"oqueue\000"
 12821      756500
 12822              	.LASF148:
 12823 1234 74726566 		.ascii	"trefs_t\000"
 12823      735F7400 
 12824              	.LASF178:
 12825 123c 705F6D70 		.ascii	"p_mpool\000"
 12825      6F6F6C00 
 12826              	.LASF280:
 12827 1244 4932435F 		.ascii	"I2C_TypeDef\000"
 12827      54797065 
 12827      44656600 
ARM GAS  /tmp/cc1HOfrl.s 			page 241


 12828              	.LASF521:
 12829 1250 44414343 		.ascii	"DACConversionGroup\000"
 12829      6F6E7665 
 12829      7273696F 
 12829      6E47726F 
 12829      757000
 12830              	.LASF35:
 12831 1263 5F5F746D 		.ascii	"__tm_sec\000"
 12831      5F736563 
 12831      00
 12832              	.LASF823:
 12833 126c 696E5F6D 		.ascii	"in_multiplier\000"
 12833      756C7469 
 12833      706C6965 
 12833      7200
 12834              	.LASF446:
 12835 127a 4144435F 		.ascii	"ADC_ERROR\000"
 12835      4552524F 
 12835      5200
 12836              	.LASF44:
 12837 1284 5F6F6E5F 		.ascii	"_on_exit_args\000"
 12837      65786974 
 12837      5F617267 
 12837      7300
 12838              	.LASF306:
 12839 1292 636F6E74 		.ascii	"context\000"
 12839      65787400 
 12840              	.LASF146:
 12841 129a 746D6F64 		.ascii	"tmode_t\000"
 12841      655F7400 
 12842              	.LASF444:
 12843 12a2 4144435F 		.ascii	"ADC_ACTIVE\000"
 12843      41435449 
 12843      564500
 12844              	.LASF225:
 12845 12ad 53515231 		.ascii	"SQR1\000"
 12845      00
 12846              	.LASF226:
 12847 12b2 53515232 		.ascii	"SQR2\000"
 12847      00
 12848              	.LASF227:
 12849 12b7 53515233 		.ascii	"SQR3\000"
 12849      00
 12850              	.LASF417:
 12851 12bc 42535252 		.ascii	"BSRR\000"
 12851      00
 12852              	.LASF396:
 12853 12c1 73746D33 		.ascii	"stm32_dma_stream_t\000"
 12853      325F646D 
 12853      615F7374 
 12853      7265616D 
 12853      5F7400
 12854              	.LASF828:
 12855 12d4 72657175 		.ascii	"requests_hook_cb\000"
 12855      65737473 
 12855      5F686F6F 
 12855      6B5F6362 
ARM GAS  /tmp/cc1HOfrl.s 			page 242


 12855      00
 12856              	.LASF119:
 12857 12e5 5F776372 		.ascii	"_wcrtomb_state\000"
 12857      746F6D62 
 12857      5F737461 
 12857      746500
 12858              	.LASF645:
 12859 12f4 5344435F 		.ascii	"SDC_MODE_8BIT\000"
 12859      4D4F4445 
 12859      5F384249 
 12859      5400
 12860              	.LASF806:
 12861 1302 74787369 		.ascii	"txsize\000"
 12861      7A6500
 12862              	.LASF517:
 12863 1309 4441435F 		.ascii	"DAC_DHRM_12BIT_LEFT\000"
 12863      4448524D 
 12863      5F313242 
 12863      49545F4C 
 12863      45465400 
 12864              	.LASF916:
 12865 131d 6461635F 		.ascii	"dac_start\000"
 12865      73746172 
 12865      7400
 12866              	.LASF614:
 12867 1327 70657269 		.ascii	"period\000"
 12867      6F6400
 12868              	.LASF340:
 12869 132e 6D5F7175 		.ascii	"m_queue\000"
 12869      65756500 
 12870              	.LASF570:
 12871 1336 4932435F 		.ascii	"I2C_LOCKED\000"
 12871      4C4F434B 
 12871      454400
 12872              	.LASF207:
 12873 1341 6973725F 		.ascii	"isr_cnt\000"
 12873      636E7400 
 12874              	.LASF697:
 12875 1349 5553425F 		.ascii	"USB_READY\000"
 12875      52454144 
 12875      5900
 12876              	.LASF642:
 12877 1353 72656164 		.ascii	"readt\000"
 12877      7400
 12878              	.LASF749:
 12879 1359 47525354 		.ascii	"GRSTCTL\000"
 12879      43544C00 
 12880              	.LASF543:
 12881 1361 67707473 		.ascii	"gptstate_t\000"
 12881      74617465 
 12881      5F7400
 12882              	.LASF28:
 12883 136c 5F5F554C 		.ascii	"__ULong\000"
 12883      6F6E6700 
 12884              	.LASF206:
 12885 1374 70616E69 		.ascii	"panic_msg\000"
 12885      635F6D73 
ARM GAS  /tmp/cc1HOfrl.s 			page 243


 12885      6700
 12886              	.LASF668:
 12887 137e 5350495F 		.ascii	"SPI_COMPLETE\000"
 12887      434F4D50 
 12887      4C455445 
 12887      00
 12888              	.LASF288:
 12889 138b 4454494D 		.ascii	"DTIMER\000"
 12889      455200
 12890              	.LASF190:
 12891 1392 725F6E65 		.ascii	"r_newer\000"
 12891      77657200 
 12892              	.LASF714:
 12893 139a 5553425F 		.ascii	"USB_EVENT_STALLED\000"
 12893      4556454E 
 12893      545F5354 
 12893      414C4C45 
 12893      4400
 12894              	.LASF362:
 12895 13ac 63686465 		.ascii	"chdebug_t\000"
 12895      6275675F 
 12895      7400
 12896              	.LASF812:
 12897 13b6 72787369 		.ascii	"rxsize\000"
 12897      7A6500
 12898              	.LASF728:
 12899 13bd 48435453 		.ascii	"HCTSIZ\000"
 12899      495A00
 12900              	.LASF711:
 12901 13c4 5553425F 		.ascii	"USB_EVENT_CONFIGURED\000"
 12901      4556454E 
 12901      545F434F 
 12901      4E464947 
 12901      55524544 
 12902              	.LASF660:
 12903 13d9 64697363 		.ascii	"disconnect\000"
 12903      6F6E6E65 
 12903      637400
 12904              	.LASF836:
 12905 13e4 6F70746F 		.ascii	"optopt\000"
 12905      707400
 12906              	.LASF639:
 12907 13eb 70757474 		.ascii	"putt\000"
 12907      00
 12908              	.LASF149:
 12909 13f0 74736C69 		.ascii	"tslices_t\000"
 12909      6365735F 
 12909      7400
 12910              	.LASF104:
 12911 13fa 5F737472 		.ascii	"_strtok_last\000"
 12911      746F6B5F 
 12911      6C617374 
 12911      00
 12912              	.LASF349:
 12913 1407 63685F74 		.ascii	"ch_timesize\000"
 12913      696D6573 
 12913      697A6500 
ARM GAS  /tmp/cc1HOfrl.s 			page 244


 12914              	.LASF693:
 12915 1413 77615F70 		.ascii	"wa_pump\000"
 12915      756D7000 
 12916              	.LASF293:
 12917 141b 4649464F 		.ascii	"FIFOCNT\000"
 12917      434E5400 
 12918              	.LASF377:
 12919 1423 6576656E 		.ascii	"event_source_t\000"
 12919      745F736F 
 12919      75726365 
 12919      5F7400
 12920              	.LASF763:
 12921 1432 72657376 		.ascii	"resvd140\000"
 12921      64313430 
 12921      00
 12922              	.LASF198:
 12923 143b 76745F64 		.ascii	"vt_delta\000"
 12923      656C7461 
 12923      00
 12924              	.LASF100:
 12925 1444 5F736565 		.ascii	"_seed\000"
 12925      6400
 12926              	.LASF314:
 12927 144a 74625F70 		.ascii	"tb_ptr\000"
 12927      747200
 12928              	.LASF520:
 12929 1451 74726967 		.ascii	"trigger\000"
 12929      67657200 
 12930              	.LASF62:
 12931 1459 5F736565 		.ascii	"_seek\000"
 12931      6B00
 12932              	.LASF712:
 12933 145f 5553425F 		.ascii	"USB_EVENT_SUSPEND\000"
 12933      4556454E 
 12933      545F5355 
 12933      5350454E 
 12933      4400
 12934              	.LASF130:
 12935 1471 696E7431 		.ascii	"int16_t\000"
 12935      365F7400 
 12936              	.LASF539:
 12937 1479 4750545F 		.ascii	"GPT_STOP\000"
 12937      53544F50 
 12937      00
 12938              	.LASF233:
 12939 1482 4144435F 		.ascii	"ADC_TypeDef\000"
 12939      54797065 
 12939      44656600 
 12940              	.LASF741:
 12941 148e 444F4550 		.ascii	"DOEPCTL\000"
 12941      43544C00 
 12942              	.LASF6:
 12943 1496 73686F72 		.ascii	"short unsigned int\000"
 12943      7420756E 
 12943      7369676E 
 12943      65642069 
 12943      6E7400
ARM GAS  /tmp/cc1HOfrl.s 			page 245


 12944              	.LASF582:
 12945 14a9 6F705F6D 		.ascii	"op_mode\000"
 12945      6F646500 
 12946              	.LASF0:
 12947 14b1 7369676E 		.ascii	"signed char\000"
 12947      65642063 
 12947      68617200 
 12948              	.LASF862:
 12949 14bd 70617261 		.ascii	"parameter_t\000"
 12949      6D657465 
 12949      725F7400 
 12950              	.LASF619:
 12951 14c9 70776D63 		.ascii	"pwmchnmsk_t\000"
 12951      686E6D73 
 12951      6B5F7400 
 12952              	.LASF170:
 12953 14d5 705F7072 		.ascii	"p_preempt\000"
 12953      65656D70 
 12953      7400
 12954              	.LASF596:
 12955 14df 4932535F 		.ascii	"I2S_READY\000"
 12955      52454144 
 12955      5900
 12956              	.LASF155:
 12957 14e9 75636E74 		.ascii	"ucnt_t\000"
 12957      5F7400
 12958              	.LASF236:
 12959 14f0 54444852 		.ascii	"TDHR\000"
 12959      00
 12960              	.LASF442:
 12961 14f5 4144435F 		.ascii	"ADC_STOP\000"
 12961      53544F50 
 12961      00
 12962              	.LASF705:
 12963 14fe 5553425F 		.ascii	"USB_EP0_RX\000"
 12963      4550305F 
 12963      525800
 12964              	.LASF139:
 12965 1509 5F5F6664 		.ascii	"__fdlibm_ieee\000"
 12965      6C69626D 
 12965      5F696565 
 12965      6500
 12966              	.LASF877:
 12967 1517 6C656674 		.ascii	"left_motor\000"
 12967      5F6D6F74 
 12967      6F7200
 12968              	.LASF617:
 12969 1522 70776D6D 		.ascii	"pwmmode_t\000"
 12969      6F64655F 
 12969      7400
 12970              	.LASF686:
 12971 152c 73746174 		.ascii	"status\000"
 12971      757300
 12972              	.LASF289:
 12973 1533 444C454E 		.ascii	"DLEN\000"
 12973      00
 12974              	.LASF644:
ARM GAS  /tmp/cc1HOfrl.s 			page 246


 12975 1538 5344435F 		.ascii	"SDC_MODE_4BIT\000"
 12975      4D4F4445 
 12975      5F344249 
 12975      5400
 12976              	.LASF718:
 12977 1546 55534244 		.ascii	"USBDescriptor\000"
 12977      65736372 
 12977      6970746F 
 12977      7200
 12978              	.LASF831:
 12979 1554 55534244 		.ascii	"USBD1\000"
 12979      3100
 12980              	.LASF671:
 12981 155a 73706963 		.ascii	"spicallback_t\000"
 12981      616C6C62 
 12981      61636B5F 
 12981      7400
 12982              	.LASF86:
 12983 1568 5F667265 		.ascii	"_freelist\000"
 12983      656C6973 
 12983      7400
 12984              	.LASF687:
 12985 1572 61646472 		.ascii	"address\000"
 12985      65737300 
 12986              	.LASF173:
 12987 157a 705F6D73 		.ascii	"p_msgqueue\000"
 12987      67717565 
 12987      756500
 12988              	.LASF359:
 12989 1585 63665F6F 		.ascii	"cf_off_refs\000"
 12989      66665F72 
 12989      65667300 
 12990              	.LASF914:
 12991 1591 62617474 		.ascii	"battery_level_start\000"
 12991      6572795F 
 12991      6C657665 
 12991      6C5F7374 
 12991      61727400 
 12992              	.LASF357:
 12993 15a5 63665F6F 		.ascii	"cf_off_state\000"
 12993      66665F73 
 12993      74617465 
 12993      00
 12994              	.LASF341:
 12995 15b2 6D5F6F77 		.ascii	"m_owner\000"
 12995      6E657200 
 12996              	.LASF67:
 12997 15ba 5F6F6666 		.ascii	"_offset\000"
 12997      73657400 
 12998              	.LASF870:
 12999 15c2 5F706172 		.ascii	"_param_val_vector_s\000"
 12999      616D5F76 
 12999      616C5F76 
 12999      6563746F 
 12999      725F7300 
 13000              	.LASF218:
 13001 15d6 53797374 		.ascii	"SystemCoreClock\000"
ARM GAS  /tmp/cc1HOfrl.s 			page 247


 13001      656D436F 
 13001      7265436C 
 13001      6F636B00 
 13002              	.LASF464:
 13003 15e6 61646365 		.ascii	"adcerrorcallback_t\000"
 13003      72726F72 
 13003      63616C6C 
 13003      6261636B 
 13003      5F7400
 13004              	.LASF499:
 13005 15f9 4441435F 		.ascii	"DAC_ACTIVE\000"
 13005      41435449 
 13005      564500
 13006              	.LASF454:
 13007 1604 73746174 		.ascii	"state\000"
 13007      6500
 13008              	.LASF347:
 13009 160a 63685F76 		.ascii	"ch_version\000"
 13009      65727369 
 13009      6F6E00
 13010              	.LASF52:
 13011 1615 5F5F7362 		.ascii	"__sbuf\000"
 13011      756600
 13012              	.LASF652:
 13013 161c 7364696F 		.ascii	"sdio\000"
 13013      00
 13014              	.LASF259:
 13015 1621 53575452 		.ascii	"SWTRIGR\000"
 13015      49475200 
 13016              	.LASF704:
 13017 1629 5553425F 		.ascii	"USB_EP0_WAITING_STS\000"
 13017      4550305F 
 13017      57414954 
 13017      494E475F 
 13017      53545300 
 13018              	.LASF113:
 13019 163d 5F6C3634 		.ascii	"_l64a_buf\000"
 13019      615F6275 
 13019      6600
 13020              	.LASF240:
 13021 1647 52444852 		.ascii	"RDHR\000"
 13021      00
 13022              	.LASF835:
 13023 164c 6F707465 		.ascii	"opterr\000"
 13023      727200
 13024              	.LASF553:
 13025 1653 444D4152 		.ascii	"DMAR\000"
 13025      00
 13026              	.LASF559:
 13027 1658 63616C6C 		.ascii	"callback\000"
 13027      6261636B 
 13027      00
 13028              	.LASF211:
 13029 1661 63685F73 		.ascii	"ch_system\000"
 13029      79737465 
 13029      6D00
 13030              	.LASF281:
ARM GAS  /tmp/cc1HOfrl.s 			page 248


 13031 166b 504F5745 		.ascii	"POWER\000"
 13031      5200
 13032              	.LASF209:
 13033 1671 74726163 		.ascii	"trace_buffer\000"
 13033      655F6275 
 13033      66666572 
 13033      00
 13034              	.LASF457:
 13035 167e 64657074 		.ascii	"depth\000"
 13035      6800
 13036              	.LASF105:
 13037 1684 5F617363 		.ascii	"_asctime_buf\000"
 13037      74696D65 
 13037      5F627566 
 13037      00
 13038              	.LASF518:
 13039 1691 4441435F 		.ascii	"DAC_DHRM_8BIT_RIGHT\000"
 13039      4448524D 
 13039      5F384249 
 13039      545F5249 
 13039      47485400 
 13040              	.LASF538:
 13041 16a5 4750545F 		.ascii	"GPT_UNINIT\000"
 13041      554E494E 
 13041      495400
 13042              	.LASF22:
 13043 16b0 5F5F7763 		.ascii	"__wch\000"
 13043      6800
 13044              	.LASF336:
 13045 16b6 63685F73 		.ascii	"ch_semaphore\000"
 13045      656D6170 
 13045      686F7265 
 13045      00
 13046              	.LASF120:
 13047 16c3 5F776373 		.ascii	"_wcsrtombs_state\000"
 13047      72746F6D 
 13047      62735F73 
 13047      74617465 
 13047      00
 13048              	.LASF737:
 13049 16d4 44494550 		.ascii	"DIEPTSIZ\000"
 13049      5453495A 
 13049      00
 13050              	.LASF868:
 13051 16dd 5F706172 		.ascii	"_param_val_str_s\000"
 13051      616D5F76 
 13051      616C5F73 
 13051      74725F73 
 13051      00
 13052              	.LASF469:
 13053 16ee 736D7072 		.ascii	"smpr1\000"
 13053      3100
 13054              	.LASF470:
 13055 16f4 736D7072 		.ascii	"smpr2\000"
 13055      3200
 13056              	.LASF900:
 13057 16fa 6C656674 		.ascii	"left_motor_set_speed\000"
ARM GAS  /tmp/cc1HOfrl.s 			page 249


 13057      5F6D6F74 
 13057      6F725F73 
 13057      65745F73 
 13057      70656564 
 13058              	.LASF183:
 13059 170f 74687265 		.ascii	"threads_queue_t\000"
 13059      6164735F 
 13059      71756575 
 13059      655F7400 
 13060              	.LASF407:
 13061 171f 626C6B73 		.ascii	"blkstate_t\000"
 13061      74617465 
 13061      5F7400
 13062              	.LASF921:
 13063 172a 5F5F6664 		.ascii	"__fdlibm_version\000"
 13063      6C69626D 
 13063      5F766572 
 13063      73696F6E 
 13063      00
 13064              	.LASF171:
 13065 173b 705F7469 		.ascii	"p_time\000"
 13065      6D6500
 13066              	.LASF169:
 13067 1742 705F7265 		.ascii	"p_refs\000"
 13067      667300
 13068              	.LASF815:
 13069 1749 65705F6D 		.ascii	"ep_mode\000"
 13069      6F646500 
 13070              	.LASF618:
 13071 1751 70776D63 		.ascii	"pwmchannel_t\000"
 13071      68616E6E 
 13071      656C5F74 
 13071      00
 13072              	.LASF235:
 13073 175e 54444C52 		.ascii	"TDLR\000"
 13073      00
 13074              	.LASF8:
 13075 1763 6C6F6E67 		.ascii	"long int\000"
 13075      20696E74 
 13075      00
 13076              	.LASF892:
 13077 176c 5F5F7374 		.ascii	"__stack_chk_guard\000"
 13077      61636B5F 
 13077      63686B5F 
 13077      67756172 
 13077      6400
 13078              	.LASF214:
 13079 177e 6D61696E 		.ascii	"mainthread\000"
 13079      74687265 
 13079      616400
 13080              	.LASF901:
 13081 1789 72696768 		.ascii	"right_motor_set_speed\000"
 13081      745F6D6F 
 13081      746F725F 
 13081      7365745F 
 13081      73706565 
 13082              	.LASF683:
ARM GAS  /tmp/cc1HOfrl.s 			page 250


 13083 179f 6570306E 		.ascii	"ep0n\000"
 13083      00
 13084              	.LASF796:
 13085 17a4 72657376 		.ascii	"resvdE04\000"
 13085      64453034 
 13085      00
 13086              	.LASF572:
 13087 17ad 69326361 		.ascii	"i2caddr_t\000"
 13087      6464725F 
 13087      7400
 13088              	.LASF112:
 13089 17b7 5F776374 		.ascii	"_wctomb_state\000"
 13089      6F6D625F 
 13089      73746174 
 13089      6500
 13090              	.LASF506:
 13091 17c5 646D6169 		.ascii	"dmairqprio\000"
 13091      72717072 
 13091      696F00
 13092              	.LASF544:
 13093 17d0 47505444 		.ascii	"GPTDriver\000"
 13093      72697665 
 13093      7200
 13094              	.LASF911:
 13095 17da 63616C69 		.ascii	"calibrate_ir\000"
 13095      62726174 
 13095      655F6972 
 13095      00
 13096              	.LASF381:
 13097 17e7 715F636F 		.ascii	"q_counter\000"
 13097      756E7465 
 13097      7200
 13098              	.LASF436:
 13099 17f1 50484461 		.ascii	"PHData\000"
 13099      746100
 13100              	.LASF439:
 13101 17f8 696F706F 		.ascii	"ioportid_t\000"
 13101      72746964 
 13101      5F7400
 13102              	.LASF909:
 13103 1803 7370695F 		.ascii	"spi_comm_start\000"
 13103      636F6D6D 
 13103      5F737461 
 13103      727400
 13104              	.LASF849:
 13105 1812 6D657373 		.ascii	"messagebus_topic_t\000"
 13105      61676562 
 13105      75735F74 
 13105      6F706963 
 13105      5F7400
 13106              	.LASF477:
 13107 1825 41444344 		.ascii	"ADCD1\000"
 13107      3100
 13108              	.LASF478:
 13109 182b 41444344 		.ascii	"ADCD2\000"
 13109      3200
 13110              	.LASF479:
ARM GAS  /tmp/cc1HOfrl.s 			page 251


 13111 1831 41444344 		.ascii	"ADCD3\000"
 13111      3300
 13112              	.LASF764:
 13113 1837 48434647 		.ascii	"HCFG\000"
 13113      00
 13114              	.LASF462:
 13115 183c 646D616D 		.ascii	"dmamode\000"
 13115      6F646500 
 13116              	.LASF322:
 13117 1844 63756D75 		.ascii	"cumulative\000"
 13117      6C617469 
 13117      766500
 13118              	.LASF98:
 13119 184f 5F696F62 		.ascii	"_iobs\000"
 13119      7300
 13120              	.LASF78:
 13121 1855 5F656D65 		.ascii	"_emergency\000"
 13121      7267656E 
 13121      637900
 13122              	.LASF640:
 13123 1860 67657474 		.ascii	"gett\000"
 13123      00
 13124              	.LASF332:
 13125 1865 77747472 		.ascii	"wttrp\000"
 13125      7000
 13126              	.LASF385:
 13127 186b 715F7264 		.ascii	"q_rdptr\000"
 13127      70747200 
 13128              	.LASF122:
 13129 1873 5F6E6578 		.ascii	"_nextf\000"
 13129      746600
 13130              	.LASF637:
 13131 187a 77726974 		.ascii	"write\000"
 13131      6500
 13132              	.LASF108:
 13133 1880 5F72616E 		.ascii	"_rand_next\000"
 13133      645F6E65 
 13133      787400
 13134              	.LASF633:
 13135 188b 69717565 		.ascii	"iqueue\000"
 13135      756500
 13136              	.LASF817:
 13137 1892 696E5F63 		.ascii	"in_cb\000"
 13137      6200
 13138              	.LASF742:
 13139 1898 444F4550 		.ascii	"DOEPINT\000"
 13139      494E5400 
 13140              	.LASF321:
 13141 18a0 6C617374 		.ascii	"last\000"
 13141      00
 13142              	.LASF418:
 13143 18a5 4C434B52 		.ascii	"LCKR\000"
 13143      00
 13144              	.LASF630:
 13145 18aa 73647374 		.ascii	"sdstate_t\000"
 13145      6174655F 
 13145      7400
ARM GAS  /tmp/cc1HOfrl.s 			page 252


 13146              	.LASF133:
 13147 18b4 75696E74 		.ascii	"uint32_t\000"
 13147      33325F74 
 13147      00
 13148              	.LASF503:
 13149 18bd 64617461 		.ascii	"dataoffset\000"
 13149      6F666673 
 13149      657400
 13150              	.LASF30:
 13151 18c8 5F6D6178 		.ascii	"_maxwds\000"
 13151      77647300 
 13152              	.LASF405:
 13153 18d0 424C4B5F 		.ascii	"BLK_WRITING\000"
 13153      57524954 
 13153      494E4700 
 13154              	.LASF239:
 13155 18dc 52444C52 		.ascii	"RDLR\000"
 13155      00
 13156              	.LASF840:
 13157 18e1 62756666 		.ascii	"buffer_len\000"
 13157      65725F6C 
 13157      656E00
 13158              	.LASF135:
 13159 18ec 75696E74 		.ascii	"uintptr_t\000"
 13159      7074725F 
 13159      7400
 13160              	.LASF17:
 13161 18f6 6C6F6E67 		.ascii	"long double\000"
 13161      20646F75 
 13161      626C6500 
 13162              	.LASF304:
 13163 1902 72656761 		.ascii	"regarm_t\000"
 13163      726D5F74 
 13163      00
 13164              	.LASF152:
 13165 190b 6576656E 		.ascii	"eventmask_t\000"
 13165      746D6173 
 13165      6B5F7400 
 13166              	.LASF136:
 13167 1917 7375626F 		.ascii	"suboptarg\000"
 13167      70746172 
 13167      6700
 13168              	.LASF253:
 13169 1921 46464131 		.ascii	"FFA1R\000"
 13169      5200
 13170              	.LASF244:
 13171 1927 52463152 		.ascii	"RF1R\000"
 13171      00
 13172              	.LASF698:
 13173 192c 5553425F 		.ascii	"USB_SELECTED\000"
 13173      53454C45 
 13173      43544544 
 13173      00
 13174              	.LASF483:
 13175 1939 43414E5F 		.ascii	"CAN_READY\000"
 13175      52454144 
 13175      5900
ARM GAS  /tmp/cc1HOfrl.s 			page 253


 13176              	.LASF10:
 13177 1943 6C6F6E67 		.ascii	"long unsigned int\000"
 13177      20756E73 
 13177      69676E65 
 13177      6420696E 
 13177      7400
 13178              	.LASF597:
 13179 1955 4932535F 		.ascii	"I2S_ACTIVE\000"
 13179      41435449 
 13179      564500
 13180              	.LASF540:
 13181 1960 4750545F 		.ascii	"GPT_READY\000"
 13181      52454144 
 13181      5900
 13182              	.LASF502:
 13183 196a 64616373 		.ascii	"dacstate_t\000"
 13183      74617465 
 13183      5F7400
 13184              	.LASF309:
 13185 1975 73655F74 		.ascii	"se_tp\000"
 13185      7000
 13186              	.LASF913:
 13187 197b 6D6F746F 		.ascii	"motors_init\000"
 13187      72735F69 
 13187      6E697400 
 13188              	.LASF384:
 13189 1987 715F7772 		.ascii	"q_wrptr\000"
 13189      70747200 
 13190              	.LASF510:
 13191 198f 64616373 		.ascii	"dacsample_t\000"
 13191      616D706C 
 13191      655F7400 
 13192              	.LASF710:
 13193 199b 5553425F 		.ascii	"USB_EVENT_ADDRESS\000"
 13193      4556454E 
 13193      545F4144 
 13193      44524553 
 13193      5300
 13194              	.LASF605:
 13195 19ad 69327363 		.ascii	"i2scfgr\000"
 13195      66677200 
 13196              	.LASF283:
 13197 19b5 52455350 		.ascii	"RESPCMD\000"
 13197      434D4400 
 13198              	.LASF489:
 13199 19bd 72786675 		.ascii	"rxfull_event\000"
 13199      6C6C5F65 
 13199      76656E74 
 13199      00
 13200              	.LASF715:
 13201 19ca 75736265 		.ascii	"usbevent_t\000"
 13201      76656E74 
 13201      5F7400
 13202              	.LASF63:
 13203 19d5 5F636C6F 		.ascii	"_close\000"
 13203      736500
 13204              	.LASF94:
ARM GAS  /tmp/cc1HOfrl.s 			page 254


 13205 19dc 63686172 		.ascii	"char\000"
 13205      00
 13206              	.LASF486:
 13207 19e1 43414E43 		.ascii	"CANConfig\000"
 13207      6F6E6669 
 13207      6700
 13208              	.LASF433:
 13209 19eb 50454461 		.ascii	"PEData\000"
 13209      746100
 13210              	.LASF187:
 13211 19f2 725F7175 		.ascii	"r_queue\000"
 13211      65756500 
 13212              	.LASF96:
 13213 19fa 5F676C75 		.ascii	"_glue\000"
 13213      6500
 13214              	.LASF853:
 13215 1a00 6D657373 		.ascii	"messagebus_watchgroup_s\000"
 13215      61676562 
 13215      75735F77 
 13215      61746368 
 13215      67726F75 
 13216              	.LASF655:
 13217 1a18 53444343 		.ascii	"SDCConfig\000"
 13217      6F6E6669 
 13217      6700
 13218              	.LASF615:
 13219 1a22 656E6162 		.ascii	"enabled\000"
 13219      6C656400 
 13220              	.LASF511:
 13221 1a2a 4441435F 		.ascii	"DAC_ERR_DMAFAILURE\000"
 13221      4552525F 
 13221      444D4146 
 13221      41494C55 
 13221      524500
 13222              	.LASF884:
 13223 1a3d 5448525F 		.ascii	"THR_FRONT\000"
 13223      46524F4E 
 13223      5400
 13224              	.LASF754:
 13225 1a47 47525846 		.ascii	"GRXFSIZ\000"
 13225      53495A00 
 13226              	.LASF661:
 13227 1a4f 73796E63 		.ascii	"sync\000"
 13227      00
 13228              	.LASF635:
 13229 1a54 75736172 		.ascii	"usart\000"
 13229      7400
 13230              	.LASF647:
 13231 1a5a 7364636D 		.ascii	"sdcmode_t\000"
 13231      6F64655F 
 13231      7400
 13232              	.LASF387:
 13233 1a64 715F6C69 		.ascii	"q_link\000"
 13233      6E6B00
 13234              	.LASF880:
 13235 1a6b 44524956 		.ascii	"DRIVE\000"
 13235      4500
ARM GAS  /tmp/cc1HOfrl.s 			page 255


 13236              	.LASF907:
 13237 1a71 6D657373 		.ascii	"messagebus_init\000"
 13237      61676562 
 13237      75735F69 
 13237      6E697400 
 13238              	.LASF775:
 13239 1a81 44434647 		.ascii	"DCFG\000"
 13239      00
 13240              	.LASF33:
 13241 1a86 5F426967 		.ascii	"_Bigint\000"
 13241      696E7400 
 13242              	.LASF785:
 13243 1a8e 44564255 		.ascii	"DVBUSDIS\000"
 13243      53444953 
 13243      00
 13244              	.LASF751:
 13245 1a97 47494E54 		.ascii	"GINTMSK\000"
 13245      4D534B00 
 13246              	.LASF756:
 13247 1a9f 484E5054 		.ascii	"HNPTXSTS\000"
 13247      58535453 
 13247      00
 13248              	.LASF688:
 13249 1aa8 636F6E66 		.ascii	"configuration\000"
 13249      69677572 
 13249      6174696F 
 13249      6E00
 13250              	.LASF14:
 13251 1ab6 5F5F7569 		.ascii	"__uintptr_t\000"
 13251      6E747074 
 13251      725F7400 
 13252              	.LASF90:
 13253 1ac2 5F617465 		.ascii	"_atexit0\000"
 13253      78697430 
 13253      00
 13254              	.LASF428:
 13255 1acb 73746D33 		.ascii	"stm32_gpio_setup_t\000"
 13255      325F6770 
 13255      696F5F73 
 13255      65747570 
 13255      5F7400
 13256              	.LASF397:
 13257 1ade 5F73746D 		.ascii	"_stm32_dma_streams\000"
 13257      33325F64 
 13257      6D615F73 
 13257      74726561 
 13257      6D7300
 13258              	.LASF261:
 13259 1af1 44485231 		.ascii	"DHR12L1\000"
 13259      324C3100 
 13260              	.LASF264:
 13261 1af9 44485231 		.ascii	"DHR12L2\000"
 13261      324C3200 
 13262              	.LASF115:
 13263 1b01 5F676574 		.ascii	"_getdate_err\000"
 13263      64617465 
 13263      5F657272 
ARM GAS  /tmp/cc1HOfrl.s 			page 256


 13263      00
 13264              	.LASF646:
 13265 1b0e 73646362 		.ascii	"sdcbusmode_t\000"
 13265      75736D6F 
 13265      64655F74 
 13265      00
 13266              	.LASF267:
 13267 1b1b 44485231 		.ascii	"DHR12LD\000"
 13267      324C4400 
 13268              	.LASF906:
 13269 1b23 6D70755F 		.ascii	"mpu_init\000"
 13269      696E6974 
 13269      00
 13270              	.LASF215:
 13271 1b2c 6B65726E 		.ascii	"kernel_stats\000"
 13271      656C5F73 
 13271      74617473 
 13271      00
 13272              	.LASF463:
 13273 1b39 61646363 		.ascii	"adccallback_t\000"
 13273      616C6C62 
 13273      61636B5F 
 13273      7400
 13274              	.LASF855:
 13275 1b47 6D657373 		.ascii	"messagebus_watchgroup_t\000"
 13275      61676562 
 13275      75735F77 
 13275      61746368 
 13275      67726F75 
 13276              	.LASF166:
 13277 1b5f 705F7374 		.ascii	"p_stklimit\000"
 13277      6B6C696D 
 13277      697400
 13278              	.LASF154:
 13279 1b6a 636E745F 		.ascii	"cnt_t\000"
 13279      7400
 13280              	.LASF529:
 13281 1b70 65787473 		.ascii	"extstate_t\000"
 13281      74617465 
 13281      5F7400
 13282              	.LASF905:
 13283 1b7b 63685379 		.ascii	"chSysInit\000"
 13283      73496E69 
 13283      7400
 13284              	.LASF703:
 13285 1b85 5553425F 		.ascii	"USB_EP0_WAITING_TX0\000"
 13285      4550305F 
 13285      57414954 
 13285      494E475F 
 13285      54583000 
 13286              	.LASF682:
 13287 1b99 6570306E 		.ascii	"ep0next\000"
 13287      65787400 
 13288              	.LASF732:
 13289 1ba1 73746D33 		.ascii	"stm32_otg_host_chn_t\000"
 13289      325F6F74 
 13289      675F686F 
ARM GAS  /tmp/cc1HOfrl.s 			page 257


 13289      73745F63 
 13289      686E5F74 
 13290              	.LASF420:
 13291 1bb6 41465248 		.ascii	"AFRH\000"
 13291      00
 13292              	.LASF839:
 13293 1bbb 62756666 		.ascii	"buffer\000"
 13293      657200
 13294              	.LASF419:
 13295 1bc2 4146524C 		.ascii	"AFRL\000"
 13295      00
 13296              	.LASF127:
 13297 1bc7 5F696D70 		.ascii	"_impure_ptr\000"
 13297      7572655F 
 13297      70747200 
 13298              	.LASF360:
 13299 1bd3 63665F6F 		.ascii	"cf_off_preempt\000"
 13299      66665F70 
 13299      7265656D 
 13299      707400
 13300              	.LASF500:
 13301 1be2 4441435F 		.ascii	"DAC_COMPLETE\000"
 13301      434F4D50 
 13301      4C455445 
 13301      00
 13302              	.LASF66:
 13303 1bef 5F626C6B 		.ascii	"_blksize\000"
 13303      73697A65 
 13303      00
 13304              	.LASF727:
 13305 1bf8 4843494E 		.ascii	"HCINTMSK\000"
 13305      544D534B 
 13305      00
 13306              	.LASF64:
 13307 1c01 5F756275 		.ascii	"_ubuf\000"
 13307      6600
 13308              	.LASF455:
 13309 1c07 636F6E66 		.ascii	"config\000"
 13309      696700
 13310              	.LASF563:
 13311 1c0e 47505444 		.ascii	"GPTD11\000"
 13311      313100
 13312              	.LASF110:
 13313 1c15 5F6D626C 		.ascii	"_mblen_state\000"
 13313      656E5F73 
 13313      74617465 
 13313      00
 13314              	.LASF92:
 13315 1c22 5F5F7367 		.ascii	"__sglue\000"
 13315      6C756500 
 13316              	.LASF126:
 13317 1c2a 5F5F6C6F 		.ascii	"__locale_t\000"
 13317      63616C65 
 13317      5F7400
 13318              	.LASF401:
 13319 1c35 424C4B5F 		.ascii	"BLK_CONNECTING\000"
 13319      434F4E4E 
ARM GAS  /tmp/cc1HOfrl.s 			page 258


 13319      45435449 
 13319      4E4700
 13320              	.LASF82:
 13321 1c44 5F5F636C 		.ascii	"__cleanup\000"
 13321      65616E75 
 13321      7000
 13322              	.LASF912:
 13323 1c4e 564C3533 		.ascii	"VL53L0X_start\000"
 13323      4C30585F 
 13323      73746172 
 13323      7400
 13324              	.LASF496:
 13325 1c5c 4441435F 		.ascii	"DAC_UNINIT\000"
 13325      554E494E 
 13325      495400
 13326              	.LASF449:
 13327 1c67 6164635F 		.ascii	"adc_channels_num_t\000"
 13327      6368616E 
 13327      6E656C73 
 13327      5F6E756D 
 13327      5F7400
 13328              	.LASF193:
 13329 1c7a 76746675 		.ascii	"vtfunc_t\000"
 13329      6E635F74 
 13329      00
 13330              	.LASF241:
 13331 1c83 43414E5F 		.ascii	"CAN_FIFOMailBox_TypeDef\000"
 13331      4649464F 
 13331      4D61696C 
 13331      426F785F 
 13331      54797065 
 13332              	.LASF271:
 13333 1c9b 4441435F 		.ascii	"DAC_TypeDef\000"
 13333      54797065 
 13333      44656600 
 13334              	.LASF331:
 13335 1ca7 77746F62 		.ascii	"wtobjp\000"
 13335      6A7000
 13336              	.LASF20:
 13337 1cae 5F66706F 		.ascii	"_fpos_t\000"
 13337      735F7400 
 13338              	.LASF516:
 13339 1cb6 4441435F 		.ascii	"DAC_DHRM_12BIT_RIGHT\000"
 13339      4448524D 
 13339      5F313242 
 13339      49545F52 
 13339      49474854 
 13340              	.LASF57:
 13341 1ccb 5F66696C 		.ascii	"_file\000"
 13341      6500
 13342              	.LASF177:
 13343 1cd1 705F7265 		.ascii	"p_realprio\000"
 13343      616C7072 
 13343      696F00
 13344              	.LASF650:
 13345 1cdc 63617061 		.ascii	"capacity\000"
 13345      63697479 
ARM GAS  /tmp/cc1HOfrl.s 			page 259


 13345      00
 13346              	.LASF386:
 13347 1ce5 715F6E6F 		.ascii	"q_notify\000"
 13347      74696679 
 13347      00
 13348              	.LASF334:
 13349 1cee 77746D74 		.ascii	"wtmtxp\000"
 13349      787000
 13350              	.LASF55:
 13351 1cf5 5F5F7346 		.ascii	"__sFILE\000"
 13351      494C4500 
 13352              	.LASF138:
 13353 1cfd 646F7562 		.ascii	"double\000"
 13353      6C6500
 13354              	.LASF51:
 13355 1d04 5F666E73 		.ascii	"_fns\000"
 13355      00
 13356              	.LASF814:
 13357 1d09 5553424F 		.ascii	"USBOutEndpointState\000"
 13357      7574456E 
 13357      64706F69 
 13357      6E745374 
 13357      61746500 
 13358              	.LASF771:
 13359 1d1d 72657376 		.ascii	"resvd41C\000"
 13359      64343143 
 13359      00
 13360              	.LASF864:
 13361 1d26 6368616E 		.ascii	"changed\000"
 13361      67656400 
 13362              	.LASF26:
 13363 1d2e 5F6D6273 		.ascii	"_mbstate_t\000"
 13363      74617465 
 13363      5F7400
 13364              	.LASF121:
 13365 1d39 5F685F65 		.ascii	"_h_errno\000"
 13365      72726E6F 
 13365      00
 13366              	.LASF238:
 13367 1d42 52445452 		.ascii	"RDTR\000"
 13367      00
 13368              	.LASF409:
 13369 1d47 626C6B5F 		.ascii	"blk_num\000"
 13369      6E756D00 
 13370              	.LASF709:
 13371 1d4f 5553425F 		.ascii	"USB_EVENT_RESET\000"
 13371      4556454E 
 13371      545F5245 
 13371      53455400 
 13372              	.LASF917:
 13373 1d5f 706C6179 		.ascii	"playMelodyStart\000"
 13373      4D656C6F 
 13373      64795374 
 13373      61727400 
 13374              	.LASF186:
 13375 1d6f 63685F72 		.ascii	"ch_ready_list\000"
 13375      65616479 
ARM GAS  /tmp/cc1HOfrl.s 			page 260


 13375      5F6C6973 
 13375      7400
 13376              	.LASF848:
 13377 1d7d 67726F75 		.ascii	"group\000"
 13377      7000
 13378              	.LASF416:
 13379 1d83 50555044 		.ascii	"PUPDR\000"
 13379      5200
 13380              	.LASF7:
 13381 1d89 5F5F696E 		.ascii	"__int32_t\000"
 13381      7433325F 
 13381      7400
 13382              	.LASF9:
 13383 1d93 5F5F7569 		.ascii	"__uint32_t\000"
 13383      6E743332 
 13383      5F7400
 13384              	.LASF205:
 13385 1d9e 63685F73 		.ascii	"ch_system_debug\000"
 13385      79737465 
 13385      6D5F6465 
 13385      62756700 
 13386              	.LASF782:
 13387 1dae 4441494E 		.ascii	"DAINTMSK\000"
 13387      544D534B 
 13387      00
 13388              	.LASF536:
 13389 1db7 45585443 		.ascii	"EXTConfig\000"
 13389      6F6E6669 
 13389      6700
 13390              	.LASF857:
 13391 1dc1 70617261 		.ascii	"parameter_namespace_s\000"
 13391      6D657465 
 13391      725F6E61 
 13391      6D657370 
 13391      6163655F 
 13392              	.LASF25:
 13393 1dd7 5F5F7661 		.ascii	"__value\000"
 13393      6C756500 
 13394              	.LASF701:
 13395 1ddf 5553425F 		.ascii	"USB_EP0_WAITING_SETUP\000"
 13395      4550305F 
 13395      57414954 
 13395      494E475F 
 13395      53455455 
 13396              	.LASF48:
 13397 1df5 5F69735F 		.ascii	"_is_cxa\000"
 13397      63786100 
 13398              	.LASF404:
 13399 1dfd 424C4B5F 		.ascii	"BLK_READING\000"
 13399      52454144 
 13399      494E4700 
 13400              	.LASF426:
 13401 1e09 6166726C 		.ascii	"afrl\000"
 13401      00
 13402              	.LASF804:
 13403 1e0e 71756575 		.ascii	"queue\000"
 13403      6500
ARM GAS  /tmp/cc1HOfrl.s 			page 261


 13404              	.LASF684:
 13405 1e14 65703065 		.ascii	"ep0endcb\000"
 13405      6E646362 
 13405      00
 13406              	.LASF394:
 13407 1e1d 73656C66 		.ascii	"selfindex\000"
 13407      696E6465 
 13407      7800
 13408              	.LASF364:
 13409 1e27 6D757465 		.ascii	"mutex_t\000"
 13409      785F7400 
 13410              	.LASF85:
 13411 1e2f 5F703573 		.ascii	"_p5s\000"
 13411      00
 13412              	.LASF175:
 13413 1e34 705F6570 		.ascii	"p_epending\000"
 13413      656E6469 
 13413      6E6700
 13414              	.LASF413:
 13415 1e3f 4D4F4445 		.ascii	"MODER\000"
 13415      5200
 13416              	.LASF598:
 13417 1e45 4932535F 		.ascii	"I2S_COMPLETE\000"
 13417      434F4D50 
 13417      4C455445 
 13417      00
 13418              	.LASF845:
 13419 1e52 77617463 		.ascii	"watchers\000"
 13419      68657273 
 13419      00
 13420              	.LASF245:
 13421 1e5b 52455345 		.ascii	"RESERVED0\000"
 13421      52564544 
 13421      3000
 13422              	.LASF248:
 13423 1e65 52455345 		.ascii	"RESERVED1\000"
 13423      52564544 
 13423      3100
 13424              	.LASF250:
 13425 1e6f 52455345 		.ascii	"RESERVED2\000"
 13425      52564544 
 13425      3200
 13426              	.LASF252:
 13427 1e79 52455345 		.ascii	"RESERVED3\000"
 13427      52564544 
 13427      3300
 13428              	.LASF254:
 13429 1e83 52455345 		.ascii	"RESERVED4\000"
 13429      52564544 
 13429      3400
 13430              	.LASF256:
 13431 1e8d 52455345 		.ascii	"RESERVED5\000"
 13431      52564544 
 13431      3500
 13432              	.LASF825:
 13433 1e97 55534245 		.ascii	"USBEndpointConfig\000"
 13433      6E64706F 
ARM GAS  /tmp/cc1HOfrl.s 			page 262


 13433      696E7443 
 13433      6F6E6669 
 13433      6700
 13434              	.LASF260:
 13435 1ea9 44485231 		.ascii	"DHR12R1\000"
 13435      32523100 
 13436              	.LASF263:
 13437 1eb1 44485231 		.ascii	"DHR12R2\000"
 13437      32523200 
 13438              	.LASF532:
 13439 1eb9 65787463 		.ascii	"extcallback_t\000"
 13439      616C6C62 
 13439      61636B5F 
 13439      7400
 13440              	.LASF488:
 13441 1ec7 72787175 		.ascii	"rxqueue\000"
 13441      65756500 
 13442              	.LASF308:
 13443 1ecf 73655F74 		.ascii	"se_time\000"
 13443      696D6500 
 13444              	.LASF773:
 13445 1ed7 72657376 		.ascii	"resvd444\000"
 13445      64343434 
 13445      00
 13446              	.LASF440:
 13447 1ee0 70616C5F 		.ascii	"pal_default_config\000"
 13447      64656661 
 13447      756C745F 
 13447      636F6E66 
 13447      696700
 13448              	.LASF458:
 13449 1ef3 67727070 		.ascii	"grpp\000"
 13449      00
 13450              	.LASF266:
 13451 1ef8 44485231 		.ascii	"DHR12RD\000"
 13451      32524400 
 13452              	.LASF371:
 13453 1f00 656C5F6C 		.ascii	"el_listener\000"
 13453      69737465 
 13453      6E657200 
 13454              	.LASF803:
 13455 1f0c 6C696E65 		.ascii	"linear\000"
 13455      617200
 13456              	.LASF902:
 13457 1f13 63685468 		.ascii	"chThdSleep\000"
 13457      64536C65 
 13457      657000
 13458              	.LASF556:
 13459 1f1e 73746D33 		.ascii	"stm32_tim_t\000"
 13459      325F7469 
 13459      6D5F7400 
 13460              	.LASF188:
 13461 1f2a 725F7072 		.ascii	"r_prio\000"
 13461      696F00
 13462              	.LASF895:
 13463 1f31 72696768 		.ascii	"right_speed\000"
 13463      745F7370 
ARM GAS  /tmp/cc1HOfrl.s 			page 263


 13463      65656400 
 13464              	.LASF690:
 13465 1f3d 706D6E65 		.ascii	"pmnext\000"
 13465      787400
 13466              	.LASF217:
 13467 1f44 49544D5F 		.ascii	"ITM_RxBuffer\000"
 13467      52784275 
 13467      66666572 
 13467      00
 13468              	.LASF838:
 13469 1f51 746F7069 		.ascii	"topic_s\000"
 13469      635F7300 
 13470              	.LASF410:
 13471 1f59 426C6F63 		.ascii	"BlockDeviceInfo\000"
 13471      6B446576 
 13471      69636549 
 13471      6E666F00 
 13472              	.LASF13:
 13473 1f69 6C6F6E67 		.ascii	"long long unsigned int\000"
 13473      206C6F6E 
 13473      6720756E 
 13473      7369676E 
 13473      65642069 
 13474              	.LASF295:
 13475 1f80 5344494F 		.ascii	"SDIO_TypeDef\000"
 13475      5F547970 
 13475      65446566 
 13475      00
 13476              	.LASF317:
 13477 1f8d 6F666673 		.ascii	"offset\000"
 13477      657400
 13478              	.LASF675:
 13479 1f94 53504944 		.ascii	"SPID1\000"
 13479      3100
 13480              	.LASF851:
 13481 1f9a 746F7069 		.ascii	"topics\000"
 13481      637300
 13482              	.LASF272:
 13483 1fa1 4E445452 		.ascii	"NDTR\000"
 13483      00
 13484              	.LASF376:
 13485 1fa6 65735F6E 		.ascii	"es_next\000"
 13485      65787400 
 13486              	.LASF107:
 13487 1fae 5F67616D 		.ascii	"_gamma_signgam\000"
 13487      6D615F73 
 13487      69676E67 
 13487      616D00
 13488              	.LASF739:
 13489 1fbd 72657376 		.ascii	"resvd1C\000"
 13489      64314300 
 13490              	.LASF216:
 13491 1fc5 69646C65 		.ascii	"idle_thread_wa\000"
 13491      5F746872 
 13491      6561645F 
 13491      776100
 13492              	.LASF735:
ARM GAS  /tmp/cc1HOfrl.s 			page 264


 13493 1fd4 44494550 		.ascii	"DIEPINT\000"
 13493      494E5400 
 13494              	.LASF301:
 13495 1fdc 5350495F 		.ascii	"SPI_TypeDef\000"
 13495      54797065 
 13495      44656600 
 13496              	.LASF199:
 13497 1fe8 76745F66 		.ascii	"vt_func\000"
 13497      756E6300 
 13498              	.LASF547:
 13499 1ff0 534D4352 		.ascii	"SMCR\000"
 13499      00
 13500              	.LASF780:
 13501 1ff5 444F4550 		.ascii	"DOEPMSK\000"
 13501      4D534B00 
 13502              	.LASF195:
 13503 1ffd 63685F76 		.ascii	"ch_virtual_timer\000"
 13503      69727475 
 13503      616C5F74 
 13503      696D6572 
 13503      00
 13504              	.LASF168:
 13505 200e 705F666C 		.ascii	"p_flags\000"
 13505      61677300 
 13506              	.LASF335:
 13507 2016 65776D61 		.ascii	"ewmask\000"
 13507      736B00
 13508              	.LASF373:
 13509 201d 656C5F66 		.ascii	"el_flags\000"
 13509      6C616773 
 13509      00
 13510              	.LASF893:
 13511 2026 686F6C64 		.ascii	"hold_counter\000"
 13511      5F636F75 
 13511      6E746572 
 13511      00
 13512              	.LASF375:
 13513 2033 6576656E 		.ascii	"event_source\000"
 13513      745F736F 
 13513      75726365 
 13513      00
 13514              	.LASF176:
 13515 2040 705F6D74 		.ascii	"p_mtxlist\000"
 13515      786C6973 
 13515      7400
 13516              	.LASF495:
 13517 204a 43414E44 		.ascii	"CAND1\000"
 13517      3100
 13518              	.LASF251:
 13519 2050 46533152 		.ascii	"FS1R\000"
 13519      00
 13520              	.LASF147:
 13521 2055 74737461 		.ascii	"tstate_t\000"
 13521      74655F74 
 13521      00
 13522              	.LASF128:
 13523 205e 5F676C6F 		.ascii	"_global_impure_ptr\000"
ARM GAS  /tmp/cc1HOfrl.s 			page 265


 13523      62616C5F 
 13523      696D7075 
 13523      72655F70 
 13523      747200
 13524              	.LASF781:
 13525 2071 4441494E 		.ascii	"DAINT\000"
 13525      5400
 13526              	.LASF674:
 13527 2077 53504943 		.ascii	"SPIConfig\000"
 13527      6F6E6669 
 13527      6700
 13528              	.LASF79:
 13529 2081 5F756E73 		.ascii	"_unspecified_locale_info\000"
 13529      70656369 
 13529      66696564 
 13529      5F6C6F63 
 13529      616C655F 
 13530              	.LASF425:
 13531 209a 70757064 		.ascii	"pupdr\000"
 13531      7200
 13532              	.LASF515:
 13533 20a0 64616365 		.ascii	"dacerrorcallback_t\000"
 13533      72726F72 
 13533      63616C6C 
 13533      6261636B 
 13533      5F7400
 13534              	.LASF677:
 13535 20b3 7472616E 		.ascii	"transmitting\000"
 13535      736D6974 
 13535      74696E67 
 13535      00
 13536              	.LASF535:
 13537 20c0 6368616E 		.ascii	"channels\000"
 13537      6E656C73 
 13537      00
 13538              	.LASF282:
 13539 20c9 434C4B43 		.ascii	"CLKCR\000"
 13539      5200
 13540              	.LASF897:
 13541 20cf 6C656674 		.ascii	"left_read\000"
 13541      5F726561 
 13541      6400
 13542              	.LASF649:
 13543 20d9 53444344 		.ascii	"SDCDriver\000"
 13543      72697665 
 13543      7200
 13544              	.LASF165:
 13545 20e3 705F6E61 		.ascii	"p_name\000"
 13545      6D6500
 13546              	.LASF81:
 13547 20ea 5F5F7364 		.ascii	"__sdidinit\000"
 13547      6964696E 
 13547      697400
 13548              	.LASF631:
 13549 20f5 53657269 		.ascii	"SerialDriver\000"
 13549      616C4472 
 13549      69766572 
ARM GAS  /tmp/cc1HOfrl.s 			page 266


 13549      00
 13550              	.LASF229:
 13551 2102 4A445231 		.ascii	"JDR1\000"
 13551      00
 13552              	.LASF142:
 13553 2107 5F5F6664 		.ascii	"__fdlibm_posix\000"
 13553      6C69626D 
 13553      5F706F73 
 13553      697800
 13554              	.LASF231:
 13555 2116 4A445233 		.ascii	"JDR3\000"
 13555      00
 13556              	.LASF232:
 13557 211b 4A445234 		.ascii	"JDR4\000"
 13557      00
 13558              	.LASF743:
 13559 2120 444F4550 		.ascii	"DOEPTSIZ\000"
 13559      5453495A 
 13559      00
 13560              	.LASF443:
 13561 2129 4144435F 		.ascii	"ADC_READY\000"
 13561      52454144 
 13561      5900
 13562              	.LASF352:
 13563 2133 63665F6F 		.ascii	"cf_off_ctx\000"
 13563      66665F63 
 13563      747800
 13564              	.LASF843:
 13565 213e 6E616D65 		.ascii	"name\000"
 13565      00
 13566              	.LASF27:
 13567 2143 5F666C6F 		.ascii	"_flock_t\000"
 13567      636B5F74 
 13567      00
 13568              	.LASF201:
 13569 214c 76697274 		.ascii	"virtual_timers_list_t\000"
 13569      75616C5F 
 13569      74696D65 
 13569      72735F6C 
 13569      6973745F 
 13570              	.LASF767:
 13571 2162 72657376 		.ascii	"resvd40C\000"
 13571      64343043 
 13571      00
 13572              	.LASF465:
 13573 216b 63697263 		.ascii	"circular\000"
 13573      756C6172 
 13573      00
 13574              	.LASF599:
 13575 2174 69327373 		.ascii	"i2sstate_t\000"
 13575      74617465 
 13575      5F7400
 13576              	.LASF422:
 13577 217f 6D6F6465 		.ascii	"moder\000"
 13577      7200
 13578              	.LASF670:
 13579 2185 53504944 		.ascii	"SPIDriver\000"
ARM GAS  /tmp/cc1HOfrl.s 			page 267


 13579      72697665 
 13579      7200
 13580              	.LASF337:
 13581 218f 735F7175 		.ascii	"s_queue\000"
 13581      65756500 
 13582              	.LASF326:
 13583 2197 6D5F6372 		.ascii	"m_crit_thd\000"
 13583      69745F74 
 13583      686400
 13584              	.LASF497:
 13585 21a2 4441435F 		.ascii	"DAC_STOP\000"
 13585      53544F50 
 13585      00
 13586              	.LASF774:
 13587 21ab 72657376 		.ascii	"resvd700\000"
 13587      64373030 
 13587      00
 13588              	.LASF299:
 13589 21b4 49325343 		.ascii	"I2SCFGR\000"
 13589      46475200 
 13590              	.LASF885:
 13591 21bc 52454C5F 		.ascii	"REL_FRONT\000"
 13591      46524F4E 
 13591      5400
 13592              	.LASF834:
 13593 21c6 6F707469 		.ascii	"optind\000"
 13593      6E6400
 13594              	.LASF344:
 13595 21cd 63685F69 		.ascii	"ch_identifier\000"
 13595      64656E74 
 13595      69666965 
 13595      7200
 13596              	.LASF641:
 13597 21db 77726974 		.ascii	"writet\000"
 13597      657400
 13598              	.LASF11:
 13599 21e2 6C6F6E67 		.ascii	"long long int\000"
 13599      206C6F6E 
 13599      6720696E 
 13599      7400
 13600              	.LASF761:
 13601 21f0 48505458 		.ascii	"HPTXFSIZ\000"
 13601      4653495A 
 13601      00
 13602              	.LASF351:
 13603 21f9 63665F6F 		.ascii	"cf_off_prio\000"
 13603      66665F70 
 13603      72696F00 
 13604              	.LASF71:
 13605 2205 5F666C61 		.ascii	"_flags2\000"
 13605      67733200 
 13606              	.LASF323:
 13607 220d 74696D65 		.ascii	"time_measurement_t\000"
 13607      5F6D6561 
 13607      73757265 
 13607      6D656E74 
 13607      5F7400
ARM GAS  /tmp/cc1HOfrl.s 			page 268


 13608              	.LASF662:
 13609 2220 6765745F 		.ascii	"get_info\000"
 13609      696E666F 
 13609      00
 13610              	.LASF452:
 13611 2229 61646365 		.ascii	"adcerror_t\000"
 13611      72726F72 
 13611      5F7400
 13612              	.LASF908:
 13613 2234 636C6561 		.ascii	"clear_leds\000"
 13613      725F6C65 
 13613      647300
 13614              	.LASF827:
 13615 223f 6765745F 		.ascii	"get_descriptor_cb\000"
 13615      64657363 
 13615      72697074 
 13615      6F725F63 
 13615      6200
 13616              	.LASF920:
 13617 2251 2F686F6D 		.ascii	"/home/acse-lab/Documents/466t2/Project/\000"
 13617      652F6163 
 13617      73652D6C 
 13617      61622F44 
 13617      6F63756D 
 13618              	.LASF153:
 13619 2279 6576656E 		.ascii	"eventflags_t\000"
 13619      74666C61 
 13619      67735F74 
 13619      00
 13620              	.LASF666:
 13621 2286 5350495F 		.ascii	"SPI_READY\000"
 13621      52454144 
 13621      5900
 13622              	.LASF883:
 13623 2290 41766F69 		.ascii	"AvoidState\000"
 13623      64537461 
 13623      746500
 13624              	.LASF887:
 13625 229b 44524956 		.ascii	"DRIVE_SPEED\000"
 13625      455F5350 
 13625      45454400 
 13626              	.LASF247:
 13627 22a7 73464946 		.ascii	"sFIFOMailBox\000"
 13627      4F4D6169 
 13627      6C426F78 
 13627      00
 13628              	.LASF654:
 13629 22b4 6275735F 		.ascii	"bus_width\000"
 13629      77696474 
 13629      6800
 13630              	.LASF919:
 13631 22be 6D61696E 		.ascii	"main.c\000"
 13631      2E6300
 13632              	.LASF890:
 13633 22c5 484F4C44 		.ascii	"HOLD_CYCLES\000"
 13633      5F435943 
 13633      4C455300 
ARM GAS  /tmp/cc1HOfrl.s 			page 269


 13634              	.LASF268:
 13635 22d1 44485238 		.ascii	"DHR8RD\000"
 13635      524400
 13636              	.LASF776:
 13637 22d8 4443544C 		.ascii	"DCTL\000"
 13637      00
 13638              	.LASF656:
 13639 22dd 53444344 		.ascii	"SDCDriverVMT\000"
 13639      72697665 
 13639      72564D54 
 13639      00
 13640              	.LASF802:
 13641 22ea 74786275 		.ascii	"txbuf\000"
 13641      6600
 13642              	.LASF795:
 13643 22f0 50434743 		.ascii	"PCGCCTL\000"
 13643      43544C00 
 13644              	.LASF713:
 13645 22f8 5553425F 		.ascii	"USB_EVENT_WAKEUP\000"
 13645      4556454E 
 13645      545F5741 
 13645      4B455550 
 13645      00
 13646              	.LASF164:
 13647 2309 705F6F6C 		.ascii	"p_older\000"
 13647      64657200 
 13648              	.LASF406:
 13649 2311 424C4B5F 		.ascii	"BLK_SYNCING\000"
 13649      53594E43 
 13649      494E4700 
 13650              	.LASF437:
 13651 231d 50494461 		.ascii	"PIData\000"
 13651      746100
 13652              	.LASF824:
 13653 2324 73657475 		.ascii	"setup_buf\000"
 13653      705F6275 
 13653      6600
 13654              	.LASF758:
 13655 232e 72657376 		.ascii	"resvd34\000"
 13655      64333400 
 13656              	.LASF562:
 13657 2336 47505444 		.ascii	"GPTD6\000"
 13657      3600
 13658              	.LASF859:
 13659 233c 70617265 		.ascii	"parent\000"
 13659      6E7400
 13660              	.LASF468:
 13661 2343 6572726F 		.ascii	"error_cb\000"
 13661      725F6362 
 13661      00
 13662              	.LASF402:
 13663 234c 424C4B5F 		.ascii	"BLK_DISCONNECTING\000"
 13663      44495343 
 13663      4F4E4E45 
 13663      4354494E 
 13663      4700
 13664              	.LASF672:
ARM GAS  /tmp/cc1HOfrl.s 			page 270


 13665 235e 7373706F 		.ascii	"ssport\000"
 13665      727400
 13666              	.LASF869:
 13667 2365 6275665F 		.ascii	"buf_len\000"
 13667      6C656E00 
 13668              	.LASF180:
 13669 236d 74687265 		.ascii	"thread_reference_t\000"
 13669      61645F72 
 13669      65666572 
 13669      656E6365 
 13669      5F7400
 13670              	.LASF531:
 13671 2380 65787063 		.ascii	"expchannel_t\000"
 13671      68616E6E 
 13671      656C5F74 
 13671      00
 13672              	.LASF678:
 13673 238d 72656365 		.ascii	"receiving\000"
 13673      6976696E 
 13673      6700
 13674              	.LASF861:
 13675 2397 70617261 		.ascii	"parameter_list\000"
 13675      6D657465 
 13675      725F6C69 
 13675      737400
 13676              	.LASF95:
 13677 23a6 5F5F4649 		.ascii	"__FILE\000"
 13677      4C4500
 13678              	.LASF558:
 13679 23ad 66726571 		.ascii	"frequency\000"
 13679      75656E63 
 13679      7900
 13680              	.LASF31:
 13681 23b7 5F736967 		.ascii	"_sign\000"
 13681      6E00
 13682              	.LASF821:
 13683 23bd 696E5F73 		.ascii	"in_state\000"
 13683      74617465 
 13683      00
 13684              	.LASF36:
 13685 23c6 5F5F746D 		.ascii	"__tm_min\000"
 13685      5F6D696E 
 13685      00
 13686              	.LASF923:
 13687 23cf 6D61696E 		.ascii	"main\000"
 13687      00
 13688              	.LASF896:
 13689 23d4 72696768 		.ascii	"right_read\000"
 13689      745F7265 
 13689      616400
 13690              	.LASF345:
 13691 23df 63685F7A 		.ascii	"ch_zero\000"
 13691      65726F00 
 13692              	.LASF579:
 13693 23e7 46415354 		.ascii	"FAST_DUTY_CYCLE_2\000"
 13693      5F445554 
 13693      595F4359 
ARM GAS  /tmp/cc1HOfrl.s 			page 271


 13693      434C455F 
 13693      3200
 13694              	.LASF290:
 13695 23f9 44435452 		.ascii	"DCTRL\000"
 13695      4C00
 13696              	.LASF350:
 13697 23ff 63685F74 		.ascii	"ch_threadsize\000"
 13697      68726561 
 13697      6473697A 
 13697      6500
 13698              	.LASF279:
 13699 240d 464C5452 		.ascii	"FLTR\000"
 13699      00
 13700              	.LASF549:
 13701 2412 43434D52 		.ascii	"CCMR1\000"
 13701      3100
 13702              	.LASF550:
 13703 2418 43434D52 		.ascii	"CCMR2\000"
 13703      3200
 13704              	.LASF554:
 13705 241e 43434D52 		.ascii	"CCMR3\000"
 13705      3300
 13706              	.LASF15:
 13707 2424 756E7369 		.ascii	"unsigned int\000"
 13707      676E6564 
 13707      20696E74 
 13707      00
 13708              	.LASF472:
 13709 2431 73717232 		.ascii	"sqr2\000"
 13709      00
 13710              	.LASF473:
 13711 2436 73717233 		.ascii	"sqr3\000"
 13711      00
 13712              	.LASF109:
 13713 243b 5F723438 		.ascii	"_r48\000"
 13713      00
 13714              	.LASF765:
 13715 2440 48464952 		.ascii	"HFIR\000"
 13715      00
 13716              	.LASF695:
 13717 2445 5553425F 		.ascii	"USB_UNINIT\000"
 13717      554E494E 
 13717      495400
 13718              	.LASF391:
 13719 2450 73747265 		.ascii	"stream\000"
 13719      616D00
 13720              	.LASF475:
 13721 2457 64756D6D 		.ascii	"dummy\000"
 13721      7900
 13722              	.LASF577:
 13723 245d 6932636F 		.ascii	"i2copmode_t\000"
 13723      706D6F64 
 13723      655F7400 
 13724              	.LASF369:
 13725 2469 6576656E 		.ascii	"event_listener\000"
 13725      745F6C69 
 13725      7374656E 
ARM GAS  /tmp/cc1HOfrl.s 			page 272


 13725      657200
 13726              	.LASF4:
 13727 2478 73686F72 		.ascii	"short int\000"
 13727      7420696E 
 13727      7400
 13728              	.LASF719:
 13729 2482 75736263 		.ascii	"usbcallback_t\000"
 13729      616C6C62 
 13729      61636B5F 
 13729      7400
 13730              	.LASF60:
 13731 2490 5F726561 		.ascii	"_read\000"
 13731      6400
 13732              	.LASF748:
 13733 2496 47555342 		.ascii	"GUSBCFG\000"
 13733      43464700 
 13734              	.LASF303:
 13735 249e 55534152 		.ascii	"USART_TypeDef\000"
 13735      545F5479 
 13735      70654465 
 13735      6600
 13736              	.LASF390:
 13737 24ac 6F757470 		.ascii	"output_queue_t\000"
 13737      75745F71 
 13737      75657565 
 13737      5F7400
 13738              	.LASF99:
 13739 24bb 5F72616E 		.ascii	"_rand48\000"
 13739      64343800 
 13740              	.LASF797:
 13741 24c3 73746D33 		.ascii	"stm32_otg_t\000"
 13741      325F6F74 
 13741      675F7400 
 13742              	.LASF600:
 13743 24cf 49325344 		.ascii	"I2SDriver\000"
 13743      72697665 
 13743      7200
 13744              	.LASF584:
 13745 24d9 64757479 		.ascii	"duty_cycle\000"
 13745      5F637963 
 13745      6C6500
 13746              	.LASF607:
 13747 24e4 49325343 		.ascii	"I2SConfig\000"
 13747      6F6E6669 
 13747      6700
 13748              	.LASF716:
 13749 24ee 75645F73 		.ascii	"ud_size\000"
 13749      697A6500 
 13750              	.LASF819:
 13751 24f6 696E5F6D 		.ascii	"in_maxsize\000"
 13751      61787369 
 13751      7A6500
 13752              	.LASF434:
 13753 2501 50464461 		.ascii	"PFData\000"
 13753      746100
 13754              	.LASF527:
 13755 2508 4558545F 		.ascii	"EXT_STOP\000"
ARM GAS  /tmp/cc1HOfrl.s 			page 273


 13755      53544F50 
 13755      00
 13756              	.LASF167:
 13757 2511 705F7374 		.ascii	"p_state\000"
 13757      61746500 
 13758              	.LASF608:
 13759 2519 49325344 		.ascii	"I2SD2\000"
 13759      3200
 13760              	.LASF657:
 13761 251f 69735F69 		.ascii	"is_inserted\000"
 13761      6E736572 
 13761      74656400 
 13762              	.LASF182:
 13763 252b 63685F74 		.ascii	"ch_threads_list\000"
 13763      68726561 
 13763      64735F6C 
 13763      69737400 
 13764              	.LASF291:
 13765 253b 44434F55 		.ascii	"DCOUNT\000"
 13765      4E5400
 13766              	.LASF276:
 13767 2542 4F415231 		.ascii	"OAR1\000"
 13767      00
 13768              	.LASF277:
 13769 2547 4F415232 		.ascii	"OAR2\000"
 13769      00
 13770              	.LASF179:
 13771 254c 705F7374 		.ascii	"p_stats\000"
 13771      61747300 
 13772              	.LASF700:
 13773 2554 75736273 		.ascii	"usbstate_t\000"
 13773      74617465 
 13773      5F7400
 13774              		.ident	"GCC: (GNU Tools for Arm Embedded Processors 7-2017-q4-major) 7.2.1 20170904 (release) [ARM
ARM GAS  /tmp/cc1HOfrl.s 			page 274


DEFINED SYMBOLS
                            *ABS*:0000000000000000 main.c
     /tmp/cc1HOfrl.s:18     .text.startup.main:0000000000000000 $t
     /tmp/cc1HOfrl.s:26     .text.startup.main:0000000000000000 main
     /tmp/cc1HOfrl.s:790    .text.startup.main:000000000000034c $d
     /tmp/cc1HOfrl.s:1089   .data.__stack_chk_guard:0000000000000000 __stack_chk_guard
     /tmp/cc1HOfrl.s:799    .text.startup.main:0000000000000364 $t
     /tmp/cc1HOfrl.s:1014   .text.__stack_chk_fail:0000000000000000 $t
     /tmp/cc1HOfrl.s:1022   .text.__stack_chk_fail:0000000000000000 __stack_chk_fail
     /tmp/cc1HOfrl.s:1061   .text.__stack_chk_fail:0000000000000024 $d
     /tmp/cc1HOfrl.s:1126   .rodata.LOOP_DT_MS:0000000000000000 LOOP_DT_MS
     /tmp/cc1HOfrl.s:1120   .rodata.HOLD_CYCLES:0000000000000000 HOLD_CYCLES
     /tmp/cc1HOfrl.s:1144   .rodata.SIDE_TURN_GAIN:0000000000000000 SIDE_TURN_GAIN
     /tmp/cc1HOfrl.s:1132   .rodata.PIVOT_SPEED:0000000000000000 PIVOT_SPEED
     /tmp/cc1HOfrl.s:1114   .rodata.DRIVE_SPEED:0000000000000000 DRIVE_SPEED
     /tmp/cc1HOfrl.s:1156   .rodata.THR_SIDE:0000000000000000 THR_SIDE
     /tmp/cc1HOfrl.s:1138   .rodata.REL_FRONT:0000000000000000 REL_FRONT
     /tmp/cc1HOfrl.s:1150   .rodata.THR_FRONT:0000000000000000 THR_FRONT
     /tmp/cc1HOfrl.s:1096   .data.bus_condvar:0000000000000000 bus_condvar
     /tmp/cc1HOfrl.s:1104   .data.bus_lock:0000000000000000 bus_lock
     /tmp/cc1HOfrl.s:1083   .bss.bus:0000000000000000 bus
     /tmp/cc1HOfrl.s:1079   .bss.bus:0000000000000000 $d
     /tmp/cc1HOfrl.s:1086   .data.__stack_chk_guard:0000000000000000 $d
     /tmp/cc1HOfrl.s:1092   .data.bus_condvar:0000000000000000 $d
     /tmp/cc1HOfrl.s:1100   .data.bus_lock:0000000000000000 $d
     /tmp/cc1HOfrl.s:1111   .rodata.DRIVE_SPEED:0000000000000000 $d
     /tmp/cc1HOfrl.s:1117   .rodata.HOLD_CYCLES:0000000000000000 $d
     /tmp/cc1HOfrl.s:1123   .rodata.LOOP_DT_MS:0000000000000000 $d
     /tmp/cc1HOfrl.s:1129   .rodata.PIVOT_SPEED:0000000000000000 $d
     /tmp/cc1HOfrl.s:1135   .rodata.REL_FRONT:0000000000000000 $d
     /tmp/cc1HOfrl.s:1141   .rodata.SIDE_TURN_GAIN:0000000000000000 $d
     /tmp/cc1HOfrl.s:1147   .rodata.THR_FRONT:0000000000000000 $d
     /tmp/cc1HOfrl.s:1153   .rodata.THR_SIDE:0000000000000000 $d
     /tmp/cc1HOfrl.s:1159   .rodata.__stack_chk_fail.str1.4:0000000000000000 $d

UNDEFINED SYMBOLS
halInit
chSysInit
mpu_init
messagebus_init
clear_leds
spi_comm_start
proximity_start
calibrate_ir
VL53L0X_start
motors_init
left_motor_set_speed
right_motor_set_speed
battery_level_start
get_battery_percentage
dac_start
playMelodyStart
chThdSleep
get_prox
chSysHalt
